Date,Open,High,Low,Close,Volume,Ticker
2018-01-01,429.82628030598113,431.67394551359183,424.7308978720732,425.6489868164063,6580516,HDFCBANK.NS
2018-01-02,426.5785814957083,430.354211235137,426.5785814957083,429.7459716796875,4776316,HDFCBANK.NS
2018-01-03,430.3542432454461,431.10019060040486,424.8916021773755,425.2244262695313,4531288,HDFCBANK.NS
2018-01-04,425.3047490496545,428.17377730821937,425.3047490496545,426.8884582519531,2373776,HDFCBANK.NS
2018-01-05,427.5999631483372,428.7590617488759,425.8900335473976,427.7376708984375,2870868,HDFCBANK.NS
2018-01-08,428.0590369002565,429.3673026423537,426.3950004297327,427.0491333007813,4570308,HDFCBANK.NS
2018-01-09,427.3704434865593,429.1721876044545,425.7637876839783,427.7606201171875,5305528,HDFCBANK.NS
2018-01-10,428.1049189943324,428.72464592275054,426.2917155086635,427.8753967285156,4615888,HDFCBANK.NS
2018-01-11,427.8753674321356,430.5837411904748,426.0506767509695,429.7919006347656,4059096,HDFCBANK.NS
2018-01-12,429.89520943241655,431.07725472022514,426.9114199382247,428.1278991699219,4336708,HDFCBANK.NS
2018-01-15,429.1951968375912,437.1022565730584,426.8770273021206,435.575927734375,12576444,HDFCBANK.NS
2018-01-16,436.8841155987385,438.3874975435289,432.70682185546485,436.126708984375,6445384,HDFCBANK.NS
2018-01-17,435.4037294143156,436.677589170877,433.1085068027483,433.9118347167969,2905496,HDFCBANK.NS
2018-01-18,441.6008143742444,448.4864819580424,440.2351681772657,443.96490478515625,16649540,HDFCBANK.NS
2018-01-19,444.1599658631857,449.8406412715135,440.51055666396246,448.07330322265625,11455988,HDFCBANK.NS
2018-01-22,449.8636133845046,456.2902364328546,448.2913915637467,450.6325073242188,8849768,HDFCBANK.NS
2018-01-23,451.0112037497537,451.4013803524728,446.03058232515406,447.8667602539063,5047796,HDFCBANK.NS
2018-01-24,448.1537522437688,451.9293826540248,447.706166973849,449.3243103027344,4790568,HDFCBANK.NS
2018-01-25,448.4635258838263,454.4540509518944,447.6831446372072,453.2949523925781,8723668,HDFCBANK.NS
2018-01-29,453.99507042644734,460.639729233888,453.99507042644734,458.9642333984375,8235892,HDFCBANK.NS
2018-01-30,458.5396006587744,459.48063635901343,455.40661608032366,458.0116882324219,6397560,HDFCBANK.NS
2018-01-31,456.6115871959247,462.14306802865417,456.0607281713116,460.352783203125,6943348,HDFCBANK.NS
2018-02-01,460.42164451940994,462.487344818849,455.6705450378416,457.0132446289063,6521420,HDFCBANK.NS
2018-02-02,455.8311900113397,456.7263323928783,445.6174498524754,447.1093444824219,7346124,HDFCBANK.NS
2018-02-05,440.22370219805657,444.182961250672,437.4350010878608,439.2711791992188,7926784,HDFCBANK.NS
2018-02-06,426.9113885266008,438.8465456251939,421.4717223638063,435.3578186035156,10749804,HDFCBANK.NS
2018-02-07,437.69895436559744,437.69895436559744,427.462267066858,429.8493041992188,8364972,HDFCBANK.NS
2018-02-08,432.4199332430902,435.7709525998959,428.4032937357897,431.7198791503906,5171444,HDFCBANK.NS
2018-02-09,424.134173810059,427.9901308214529,423.26197804791775,424.50140380859375,6408952,HDFCBANK.NS
2018-02-12,426.9113895668766,432.87896813071467,425.7982122460389,430.7329406738281,4381108,HDFCBANK.NS
2018-02-14,433.7512127876424,435.6103376385119,430.273944667432,432.2248840332031,3577188,HDFCBANK.NS
2018-02-15,433.72821462682526,434.88731327666255,430.354248525527,431.9379577636719,4915224,HDFCBANK.NS
2018-02-16,432.3969600545006,434.91021741322726,430.5034015459704,431.1804809570313,3583520,HDFCBANK.NS
2018-02-19,432.0986181871809,433.246229532636,426.6933855608005,431.0887145996094,3654552,HDFCBANK.NS
2018-02-20,432.59202831275263,432.8444971652876,426.6359375781415,427.6458129882813,4084068,HDFCBANK.NS
2018-02-21,428.7361098679219,428.8738456431872,425.1211341421625,426.3146667480469,2753072,HDFCBANK.NS
2018-02-22,424.6161869375277,426.9114095696224,422.67673502054936,425.35064697265625,13253596,HDFCBANK.NS
2018-02-23,426.1998452773588,432.6149805610807,424.70795074460005,431.6280517578125,4076748,HDFCBANK.NS
2018-02-26,433.3610024827447,439.4892640452747,432.3166929406206,438.7433166503906,4788884,HDFCBANK.NS
2018-02-27,439.477742118732,441.0843979196622,436.0922888239147,436.6775817871094,4787328,HDFCBANK.NS
2018-02-28,433.693817391427,435.047976372971,431.0428239602482,432.4658508300781,4066364,HDFCBANK.NS
2018-03-01,431.34116902064073,434.5544804713878,428.7475564282539,430.20501708984375,3909840,HDFCBANK.NS
2018-03-05,430.1591702620621,431.0428254027938,426.5097605456558,429.1951599121094,3781464,HDFCBANK.NS
2018-03-06,429.206616194408,431.4788921190079,422.2061874276008,423.7554626464844,4576828,HDFCBANK.NS
2018-03-07,422.3209679244696,425.3965718814035,419.6814618749417,420.62249755859375,5628164,HDFCBANK.NS
2018-03-08,422.2750759481873,426.5671311127475,420.4847910672873,425.2703247070313,5518724,HDFCBANK.NS
2018-03-09,425.7522921070276,428.11638252068974,423.23903464315873,424.857177734375,4108108,HDFCBANK.NS
2018-03-12,426.9573267173465,429.08040777089,425.3965920508606,428.5754699707031,6557116,HDFCBANK.NS
2018-03-13,428.6213295683194,432.5920758395406,425.7637886628719,426.9687805175781,5124200,HDFCBANK.NS
2018-03-14,425.99330521755167,428.7246256552219,424.1571271778208,427.9442443847656,3680392,HDFCBANK.NS
2018-03-15,428.1049161030005,433.2232738032884,428.1049161030005,431.68548583984375,5870924,HDFCBANK.NS
2018-03-16,431.5017876416622,431.754256488308,423.8242803399652,425.3046875,7896336,HDFCBANK.NS
2018-03-19,425.30470770462745,426.9113633732364,423.0439192602266,423.9849548339844,7838740,HDFCBANK.NS
2018-03-20,423.4915569687617,425.97040882182125,421.23076809434406,422.2062377929688,3657372,HDFCBANK.NS
2018-03-21,424.15716764307376,427.64589504425095,423.0784241489594,426.6589660644531,5921140,HDFCBANK.NS
2018-03-22,426.6589495961888,431.501863847502,425.7867537706316,428.6902160644531,6673224,HDFCBANK.NS
2018-03-23,423.8473158144173,425.3277232848045,421.689800820338,422.6767578125,7190152,HDFCBANK.NS
2018-03-26,422.29799789678793,436.0922796658041,420.82904987750095,434.5888977050781,10501768,HDFCBANK.NS
2018-03-27,434.66927287201287,435.8627774324587,430.5837653835137,434.3938293457031,6136836,HDFCBANK.NS
2018-03-28,432.1788853355662,436.0233828087282,430.59520431314166,432.9018859863281,8837508,HDFCBANK.NS
2018-04-02,433.91181258805887,444.2976943757392,433.91181258805887,443.25335693359375,4596368,HDFCBANK.NS
2018-04-03,441.58933658289146,441.9910005339466,438.6170345522248,439.74169921875,4079884,HDFCBANK.NS
2018-04-04,439.0645717542936,441.8188387218239,431.1460542226438,432.2477722167969,3714108,HDFCBANK.NS
2018-04-05,436.39070713645,439.30562878488143,433.8429875019398,438.1350708007813,4858892,HDFCBANK.NS
2018-04-06,438.8924685597706,442.16316087055327,437.4235484625452,441.463134765625,3720008,HDFCBANK.NS
2018-04-09,440.4072893436215,445.7321941531403,439.8564303590174,445.05511474609375,4003536,HDFCBANK.NS
2018-04-10,445.9617619197688,445.9617619197688,439.19085508671,440.8778381347656,6067236,HDFCBANK.NS
2018-04-11,439.7417132497969,440.68274893301,437.3317294665695,440.4187927246094,2870812,HDFCBANK.NS
2018-04-12,439.76461872331214,443.6435502435965,437.44644966659786,442.7025146484375,4712516,HDFCBANK.NS
2018-04-13,442.51888900162334,445.2731559456169,440.4761354145911,441.830322265625,3297172,HDFCBANK.NS
2018-04-16,440.6827515042255,447.56841949647895,440.6483175606932,445.7551879882813,2847744,HDFCBANK.NS
2018-04-17,446.0765402394746,447.7979572972549,443.9190252568188,447.2241516113281,2667832,HDFCBANK.NS
2018-04-18,447.7978913436508,448.371696945065,442.9894116109404,443.5746765136719,2712720,HDFCBANK.NS
2018-04-19,445.273162385371,446.3748803860429,443.6665066448052,445.0436401367188,3169032,HDFCBANK.NS
2018-04-20,445.5026897564854,450.0931347823121,443.4714234361276,448.9225769042969,9361380,HDFCBANK.NS
2018-04-23,454.22459876498834,454.22459876498834,426.9803149375661,444.2977600097656,15304620,HDFCBANK.NS
2018-04-24,444.1255798339844,447.1208565795414,442.0598794626635,444.1255798339844,5037416,HDFCBANK.NS
2018-04-25,442.4959480772645,444.8141171813989,438.8465387259209,440.8548583984375,4020592,HDFCBANK.NS
2018-04-26,439.9482761865808,445.0895523613729,438.6744164450925,443.0353393554688,7847480,HDFCBANK.NS
2018-04-27,443.6665429293181,444.2403485978765,438.9613364471396,441.463134765625,5777008,HDFCBANK.NS
2018-04-30,442.9779523805876,448.670115514692,442.7025368815856,446.2601318359375,4609552,HDFCBANK.NS
2018-05-02,447.5683835473391,453.99500649058297,446.6502945554472,452.0440673828125,7100048,HDFCBANK.NS
2018-05-03,451.71125278700913,453.2834745175117,446.6502762198238,451.67681884765625,4152772,HDFCBANK.NS
2018-05-04,452.1588371109957,456.7492821578078,451.3096159844766,456.4049987792969,6881436,HDFCBANK.NS
2018-05-07,454.8327999440187,456.12960633886127,453.3064712852342,453.8573303222656,5264128,HDFCBANK.NS
2018-05-08,454.2819414219831,454.4311364972853,448.62421200583066,451.4817810058594,7100564,HDFCBANK.NS
2018-05-09,448.9799826496754,454.56884417851904,448.9799826496754,454.08685302734375,4327332,HDFCBANK.NS
2018-05-10,456.42792193688217,458.81495884208215,454.9130807528799,457.3689575195313,7171672,HDFCBANK.NS
2018-05-11,457.3689536727133,462.9463552780976,455.831165881161,461.7413635253906,6057068,HDFCBANK.NS
2018-05-14,462.99225317285385,465.3333968409295,461.89056322715794,464.0365905761719,4742916,HDFCBANK.NS
2018-05-15,465.253064404798,473.9634221421093,465.172709207103,467.7204284667969,9826684,HDFCBANK.NS
2018-05-16,466.0564161226711,470.2910904296476,462.9808123679257,464.4038391113281,6841604,HDFCBANK.NS
2018-05-17,464.51864537589904,469.2467985835922,461.913573187827,465.4137878417969,6615476,HDFCBANK.NS
2018-05-18,464.7137089901608,464.7137089901608,459.8478482813727,461.8332214355469,5217460,HDFCBANK.NS
2018-05-21,462.7398428496048,463.8645075759478,455.8427154482164,457.4493713378906,4848108,HDFCBANK.NS
2018-05-22,458.7461585983715,462.24637328268335,455.7164757836832,456.7263793945313,3960372,HDFCBANK.NS
2018-05-23,456.2443039717676,457.6673306030118,450.6439559074585,451.5849914550781,5726292,HDFCBANK.NS
2018-05-24,451.493200740988,456.80664629518446,449.0258366170472,455.8311767578125,4520744,HDFCBANK.NS
2018-05-25,456.7493265075565,462.71690564785627,456.726379883665,461.0413818359375,4759588,HDFCBANK.NS
2018-05-28,460.8347733714639,470.9796453636771,460.4216221245304,468.7303161621094,5103940,HDFCBANK.NS
2018-05-29,467.7664034461712,471.14036973199177,465.6548096917314,466.5269775390625,3351244,HDFCBANK.NS
2018-05-30,463.56609097536256,471.20919333598096,462.78573771631744,470.1419372558594,4866996,HDFCBANK.NS
2018-05-31,485.0752999450999,498.9345942292456,480.455535183718,494.1877746582031,39639192,HDFCBANK.NS
2018-06-01,488.7711176541217,493.8528589529831,485.3062940412617,487.5238037109375,21151356,HDFCBANK.NS
2018-06-04,496.624755331404,498.24167313945975,470.742509710874,472.6481628417969,88796324,HDFCBANK.NS
2018-06-05,473.5258957521,477.4411351724008,467.2892132226821,476.6673583984375,17105460,HDFCBANK.NS
2018-06-06,475.8820070771236,476.9445756419669,472.3709967661915,475.2237243652344,9782000,HDFCBANK.NS
2018-06-07,478.8848344037274,480.4093794295823,474.2650693479446,476.3439636230469,10563896,HDFCBANK.NS
2018-06-08,475.6047768543953,476.1245003842265,470.0610592028628,473.3757629394531,6180888,HDFCBANK.NS
2018-06-11,473.9647371568665,476.5171684340504,470.93882511250473,471.7472839355469,7091188,HDFCBANK.NS
2018-06-12,473.9647546054762,474.1495564791259,470.8464415128933,472.1053161621094,5234256,HDFCBANK.NS
2018-06-13,473.9878780562346,474.6346564200245,467.54330039067,469.2410583496094,7897960,HDFCBANK.NS
2018-06-14,468.9061293747578,472.37095299082745,467.7511881694013,470.6154479980469,16927576,HDFCBANK.NS
2018-06-15,467.98216868835095,470.9619225883636,467.12752348921225,468.813720703125,10880816,HDFCBANK.NS
2018-06-18,468.92924293222256,470.9388576349351,464.0784896589832,466.3999328613281,7487404,HDFCBANK.NS
2018-06-19,467.73964580504696,471.3777107444624,466.4345847493061,467.40472412109375,10981152,HDFCBANK.NS
2018-06-20,467.9821989221074,475.3738229919532,467.7512106699248,474.9464721679688,9051712,HDFCBANK.NS
2018-06-21,475.8357517800931,478.33043593222544,472.8444654930132,475.2814025878906,13510704,HDFCBANK.NS
2018-06-22,475.131276904319,482.4882753380047,473.4912941401343,481.2294006347656,7848980,HDFCBANK.NS
2018-06-25,481.1600759134385,484.5671525334726,478.85019345917806,483.9088134765625,6992336,HDFCBANK.NS
2018-06-26,481.8530187127271,485.7682580157292,480.42090293500746,483.62005615234375,9161932,HDFCBANK.NS
2018-06-27,483.4583867431855,489.5795751085435,482.7654220225789,487.98577880859375,19126804,HDFCBANK.NS
2018-06-28,488.54010793126736,494.3148136987764,487.6623413758838,492.2012939453125,37533540,HDFCBANK.NS
2018-06-29,490.0877242238609,494.31482017982194,486.2533533801284,487.0271301269531,19458120,HDFCBANK.NS
2018-07-02,487.00410301413217,487.015607311824,476.5865103053368,478.8963928222656,9864876,HDFCBANK.NS
2018-07-03,478.8963894551048,481.61050139341296,477.12935189952486,478.1918640136719,6863100,HDFCBANK.NS
2018-07-04,479.5893344610424,486.93477178954765,477.91466971698816,485.8953247070313,6097992,HDFCBANK.NS
2018-07-05,486.2303102525843,491.7740287542764,483.3545175585556,490.5613403320313,9735968,HDFCBANK.NS
2018-07-06,488.1475041365295,493.2869929531131,487.6970883054851,488.5747985839844,8121344,HDFCBANK.NS
2018-07-09,490.1224423500431,492.0049740359738,486.865485457429,491.0001525878906,6182296,HDFCBANK.NS
2018-07-10,491.9818457718808,496.53235936232943,490.850025916625,495.7931518554688,10950736,HDFCBANK.NS
2018-07-11,495.48136888044365,497.9413712447741,493.1137392608928,496.2205200195313,5857920,HDFCBANK.NS
2018-07-12,497.2945218598184,503.5196995735468,497.0866550169296,500.3089294433594,8020668,HDFCBANK.NS
2018-07-13,500.8748238205686,506.0489936827741,499.6506313935786,503.7621765136719,7161188,HDFCBANK.NS
2018-07-16,503.4157320597662,505.87579057551153,499.800788773511,500.9788513183594,9017336,HDFCBANK.NS
2018-07-17,499.68527834344513,503.7853193422184,499.68527834344513,502.8036193847656,6361924,HDFCBANK.NS
2018-07-18,505.1712895380882,512.7939015887315,502.08757392379135,502.6766052246094,17460272,HDFCBANK.NS
2018-07-19,504.24726238030007,506.67263858506107,501.4754038605733,504.9633483886719,5304776,HDFCBANK.NS
2018-07-20,504.963401895289,508.8324548223778,501.49857837849305,505.6448059082031,10006964,HDFCBANK.NS
2018-07-23,496.6247914454038,503.0924631479486,493.86449283679207,498.1146545410156,16880132,HDFCBANK.NS
2018-07-24,495.9317614518598,501.0135028360894,495.9317614518598,498.8768615722656,5208792,HDFCBANK.NS
2018-07-25,500.0087002584491,502.8152413739544,498.9346274373847,501.3253784179688,7038616,HDFCBANK.NS
2018-07-26,500.0895758243337,508.9710630169477,500.0895758243337,506.4648742675781,21281092,HDFCBANK.NS
2018-07-27,508.62443741967854,510.93431933660855,504.6398911129744,508.6706237792969,10554596,HDFCBANK.NS
2018-07-30,507.9431550555755,507.9431550555755,498.795997918684,501.2213745117188,7169120,HDFCBANK.NS
2018-07-31,498.9346328178768,504.9172060891258,496.6363109500549,503.43890380859375,8860944,HDFCBANK.NS
2018-08-01,499.5814433642113,502.39948898924285,497.0174510008868,498.6343688964844,6071560,HDFCBANK.NS
2018-08-02,497.4331848398548,497.4793712100606,490.00693533201087,492.0511474609375,8905704,HDFCBANK.NS
2018-08-03,492.8249657393279,495.9433069477449,488.3091344143421,490.076171875,13604008,HDFCBANK.NS
2018-08-06,489.9260278056801,493.7142121581905,486.4843257924948,488.37841796875,5744632,HDFCBANK.NS
2018-08-07,490.849991066279,493.04437926163416,486.9231911377488,492.2127990722656,7428456,HDFCBANK.NS
2018-08-08,493.3562466046126,497.0404976914833,492.7094682648455,493.47174072265625,9945380,HDFCBANK.NS
2018-08-09,494.7768569668987,494.7768569668987,483.8395402089925,489.3486328125,8944408,HDFCBANK.NS
2018-08-10,490.5034488999094,490.57275663950617,484.61324972545793,488.4129943847656,5442940,HDFCBANK.NS
2018-08-13,481.3795078739193,485.9877121336246,480.4555548837582,483.14654541015625,10054252,HDFCBANK.NS
2018-08-14,484.61339023208495,486.2303081213245,482.1187056385341,482.5576171875,4935964,HDFCBANK.NS
2018-08-16,481.14853633534057,482.003181602196,477.314108735567,479.4623107910156,10625160,HDFCBANK.NS
2018-08-17,481.12538444641154,483.4699489278767,478.5267667361069,479.8434448242188,6065328,HDFCBANK.NS
2018-08-20,479.3006008448603,486.83084007100086,479.3006008448603,484.1975402832031,7811136,HDFCBANK.NS
2018-08-21,484.6133186130302,487.8471539135937,483.37750899429847,484.1629028320313,7776320,HDFCBANK.NS
2018-08-23,486.23023077388086,486.6922072401744,479.7279345682449,480.4324035644531,12574552,HDFCBANK.NS
2018-08-24,478.3766368632333,483.5969935554485,477.2332563734995,478.1110229492188,9714628,HDFCBANK.NS
2018-08-27,479.7625806003223,482.4189453942095,478.203409960432,480.5594787597656,12574788,HDFCBANK.NS
2018-08-28,482.3034501694888,484.6710796542768,480.1783696179629,483.8857421875,9973532,HDFCBANK.NS
2018-08-29,483.2620368280433,483.7009483320813,478.780887408299,480.1090698242188,9873692,HDFCBANK.NS
2018-08-30,481.28716765195946,482.2803720685994,476.2631729284974,477.244873046875,21827460,HDFCBANK.NS
2018-08-31,477.9609433713121,480.1668927502243,475.4316329540104,476.113037109375,15771500,HDFCBANK.NS
2018-09-03,478.0070468991811,480.21299589575005,476.6442388246589,479.3121643066406,7661608,HDFCBANK.NS
2018-09-04,479.7395136631294,479.9820626244726,473.2949635109844,473.9417419433594,7130536,HDFCBANK.NS
2018-09-05,474.403634073367,475.8819361755225,470.1880989112274,472.5672607421875,5641508,HDFCBANK.NS
2018-09-06,473.2948455836088,475.604727699683,469.5066332738864,474.0339965820313,10402412,HDFCBANK.NS
2018-09-07,473.7569177629623,475.83581208761694,471.3892881154389,475.13128662109375,5919300,HDFCBANK.NS
2018-09-10,474.6808711938287,474.6808711938287,467.77431662566136,471.481689453125,8598592,HDFCBANK.NS
2018-09-11,472.6712439658249,473.0639126927555,460.6252016824562,462.0688781738281,18186536,HDFCBANK.NS
2018-09-12,462.415392743965,466.9081030193575,459.56269343765416,464.7137145996094,12246008,HDFCBANK.NS
2018-09-14,466.561585389842,470.61544023247393,466.3536903369469,468.813720703125,10334672,HDFCBANK.NS
2018-09-17,466.89655471178486,467.27766276170274,459.2046348117187,460.1747741699219,9338220,HDFCBANK.NS
2018-09-18,460.7984920598064,464.2517553171424,457.5761888689425,459.4818420410156,9325736,HDFCBANK.NS
2018-09-19,460.78693500602895,461.5145536804727,451.92854067860105,453.048828125,16712264,HDFCBANK.NS
2018-09-21,455.94766588867,461.9417990871098,441.2336989437969,455.10455322265625,22610148,HDFCBANK.NS
2018-09-24,454.4115981712336,455.55497863781454,442.3424630819227,444.8140258789063,13390792,HDFCBANK.NS
2018-09-25,444.81407248805726,453.1989574442664,442.3425094320948,450.9814758300781,16682552,HDFCBANK.NS
2018-09-26,453.4183542210257,456.8947385101517,451.6513167432826,454.6310424804688,14726724,HDFCBANK.NS
2018-09-27,454.9082974636008,458.7426970462772,451.6167146675738,456.4674682617188,18352208,HDFCBANK.NS
2018-09-28,457.50688569601033,465.5452599252617,456.6984268162495,463.3739929199219,14460716,HDFCBANK.NS
2018-10-01,464.24018266173937,471.67799281725536,461.4683237421473,470.1650085449219,12449588,HDFCBANK.NS
2018-10-03,469.0100442492512,474.03403829378976,463.593381489149,469.1717529296875,15332148,HDFCBANK.NS
2018-10-04,463.8243831107936,466.08807912780594,448.8101476017291,452.21722412109375,17970584,HDFCBANK.NS
2018-10-05,451.3394730027914,459.66661056844526,448.1518521189439,453.9612121582031,15729180,HDFCBANK.NS
2018-10-08,453.8918900281421,454.8158429849424,445.80730165613954,449.2721252441406,20128020,HDFCBANK.NS
2018-10-09,449.133534403036,453.891886453724,445.807298145388,448.2557678222656,12459364,HDFCBANK.NS
2018-10-10,449.27209398784095,457.87640529943326,447.077705868106,454.3884887695313,15939932,HDFCBANK.NS
2018-10-11,444.6523862003313,450.0344237639728,442.9430674919398,447.5513000488281,14359904,HDFCBANK.NS
2018-10-12,449.2721462441597,461.3066284296417,448.5791814941688,457.7840576171875,9600320,HDFCBANK.NS
2018-10-15,459.6665583279118,464.4711245881514,455.11610166740746,463.8359069824219,12585968,HDFCBANK.NS
2018-10-16,462.6694790006596,466.1804892300789,459.0891610153824,460.3018493652344,9406004,HDFCBANK.NS
2018-10-17,463.38553559528685,464.9793602040514,453.5454415105092,456.1094055175781,7940796,HDFCBANK.NS
2018-10-19,452.48288974846514,457.55307057051016,452.2749946835595,454.5271301269531,9867348,HDFCBANK.NS
2018-10-22,465.2103289962515,466.5962584768759,459.3432218889135,461.722412109375,20331160,HDFCBANK.NS
2018-10-23,455.7397848177457,461.7223857063616,455.7397848177457,458.47698974609375,19428564,HDFCBANK.NS
2018-10-24,462.9004215676568,464.00917637109205,455.6473853707983,460.1863098144531,18072336,HDFCBANK.NS
2018-10-25,455.8784105343344,462.8080581251384,453.3028858737239,454.7696838378906,29847056,HDFCBANK.NS
2018-10-26,454.7696015663757,456.70987998334215,450.1960237051192,453.0140686035156,15155712,HDFCBANK.NS
2018-10-29,453.6840370880981,453.8803714702822,437.7689402904847,444.9526977539063,17044280,HDFCBANK.NS
2018-10-30,444.65242125850585,446.2693391539913,438.7160339780905,441.8228149414063,13828704,HDFCBANK.NS
2018-10-31,439.3511917155655,443.0123496680782,435.4128309578869,441.5917663574219,23449404,HDFCBANK.NS
2018-11-01,445.8073420551708,445.8073420551708,437.9537412106755,441.69573974609375,19629052,HDFCBANK.NS
2018-11-02,444.88338545014767,452.7369862317183,441.6495498342068,450.300048828125,30092868,HDFCBANK.NS
2018-11-05,450.404026529986,452.6561621285724,447.655260519016,451.8130493164063,5705296,HDFCBANK.NS
2018-11-06,451.5820580663481,456.4328116312552,448.7986381944276,449.6302185058594,8485588,HDFCBANK.NS
2018-11-07,452.9679226025757,453.8803148395496,450.4270520525357,452.2633972167969,958760,HDFCBANK.NS
2018-11-09,452.3211650557757,452.7138619859979,447.262545103914,449.3645324707031,10101620,HDFCBANK.NS
2018-11-12,450.7735711886492,453.1989478207173,442.83913041738816,443.739990234375,7907764,HDFCBANK.NS
2018-11-13,443.2664200955058,447.58588878332125,440.7717358949328,445.2875671386719,13350420,HDFCBANK.NS
2018-11-14,447.78226121867726,452.736947657946,447.3318172353215,452.21722412109375,26110636,HDFCBANK.NS
2018-11-15,453.1758558655824,456.7330805749699,446.08449963257584,456.2364501953125,10392524,HDFCBANK.NS
2018-11-16,457.58771961906126,464.979343560409,457.3567313708941,462.9697570800781,15813216,HDFCBANK.NS
2018-11-19,464.5173538018759,466.8272362175988,462.4153664429294,465.1872253417969,12286428,HDFCBANK.NS
2018-11-20,464.9793192128589,466.5038359315726,461.7570445983775,464.8522644042969,5705168,HDFCBANK.NS
2018-11-21,464.9215961468109,467.50865324560334,462.9004489768769,466.3075256347656,6545604,HDFCBANK.NS
2018-11-22,465.0370765939017,470.06107083998006,462.011136273556,463.2469177246094,12974552,HDFCBANK.NS
2018-11-26,465.18722235203614,473.9878686600172,464.7598997472352,473.4797058105469,18184436,HDFCBANK.NS
2018-11-27,471.4585963702479,477.66059727585593,471.38928861396255,476.759765625,12895440,HDFCBANK.NS
2018-11-28,476.99072863049406,484.7519562639616,475.8589087810202,482.5921936035156,13021108,HDFCBANK.NS
2018-11-29,485.30628970414085,493.71423903876166,483.6893720325897,492.24749755859375,31908636,HDFCBANK.NS
2018-11-30,492.0049546743448,493.74892717738265,487.3851898417218,491.64691162109375,13040924,HDFCBANK.NS
2018-12-03,492.2359415240877,494.7768121748455,486.6691023590728,488.1474609375,10799856,HDFCBANK.NS
2018-12-04,486.3226008775263,487.6161575335915,480.13216137758815,481.7375183105469,8157420,HDFCBANK.NS
2018-12-05,479.9936239310852,486.2996149659781,479.5200866999748,484.89056396484375,11798844,HDFCBANK.NS
2018-12-06,482.6961042930262,485.45640242765614,481.6104708652419,484.3938903808594,11730252,HDFCBANK.NS
2018-12-07,486.6229788197151,489.2331575585012,480.5249110279924,486.8309020996094,9903920,HDFCBANK.NS
2018-12-10,477.1985807477893,486.1840570877442,477.1985807477893,482.4766845703125,10915056,HDFCBANK.NS
2018-12-11,474.91185297342304,478.4459845588067,469.3681348453286,475.73187255859375,18905780,HDFCBANK.NS
2018-12-12,477.4411526203804,482.7192566965352,475.8589169421886,481.6798095703125,11370488,HDFCBANK.NS
2018-12-13,483.9203731297763,490.8500204776967,483.0657279022557,485.3756103515625,7064236,HDFCBANK.NS
2018-12-14,486.2071117264259,489.2330801526144,482.3149938153921,484.08203125,6158284,HDFCBANK.NS
2018-12-17,485.99926672999976,492.6055530842507,484.84432550678207,492.0511474609375,8437324,HDFCBANK.NS
2018-12-18,490.6190204009396,494.0838439913417,485.6758946360779,493.2638244628906,7413968,HDFCBANK.NS
2018-12-19,492.72101360433726,498.795958909276,488.2051824508007,490.491943359375,9009896,HDFCBANK.NS
2018-12-20,487.97418481194495,494.4187337162781,485.6873675538584,493.7257690429688,7980476,HDFCBANK.NS
2018-12-21,492.9289219025195,496.41686700951016,487.1657763858031,487.65081787109375,10220308,HDFCBANK.NS
2018-12-24,485.9992188766891,485.9992188766891,479.8434053205092,480.6056213378906,5601488,HDFCBANK.NS
2018-12-26,479.76251603849744,491.3119266316245,477.91461034359713,490.2378540039063,7601916,HDFCBANK.NS
2018-12-27,492.697900600015,493.8990281319444,484.7172458774434,486.2417907714844,11639868,HDFCBANK.NS
2018-12-28,489.0829590997111,493.7950965089522,488.6556083099934,490.3648986816406,9415612,HDFCBANK.NS
2018-12-31,493.62186939149416,493.62186939149416,488.9327968359127,490.0877380371094,5866528,HDFCBANK.NS
2019-01-01,491.4621277391969,496.8557259361641,486.3688819396811,496.1858825683594,6373440,HDFCBANK.NS
2019-01-02,494.9616209540095,496.0472544230344,489.6257699555058,491.6584777832031,8134232,HDFCBANK.NS
2019-01-03,490.6651652058823,491.6006787747663,485.7682262249893,487.8009338378906,12771664,HDFCBANK.NS
2019-01-04,488.5978857232008,491.6584799725011,487.4660658790186,489.1060485839844,7287120,HDFCBANK.NS
2019-01-07,491.4736626826911,493.2407565394467,489.2330880529559,489.8451843261719,5387012,HDFCBANK.NS
2019-01-08,490.15705669147314,490.50353905953966,484.30148211370266,485.7682800292969,8343460,HDFCBANK.NS
2019-01-09,489.23313776979256,490.00697100312703,485.675941100774,488.9559631347656,8568628,HDFCBANK.NS
2019-01-10,489.0021575790235,490.5728890615912,483.3775707622233,487.0387573242188,7691540,HDFCBANK.NS
2019-01-11,488.26294713143216,490.619015872436,486.9232040767868,487.8240356445313,6408040,HDFCBANK.NS
2019-01-14,487.3620739132169,487.3620739132169,484.71726979567023,485.4564208984375,4855160,HDFCBANK.NS
2019-01-15,486.2418235015925,491.1965101503204,485.5372980653531,490.1339416503906,5087556,HDFCBANK.NS
2019-01-16,489.706676808334,490.85005742808977,486.9810040342449,489.7413024902344,5252452,HDFCBANK.NS
2019-01-17,490.9077460310977,493.3677481743851,488.15900859429706,492.5362243652344,8240228,HDFCBANK.NS
2019-01-18,493.15984662605166,494.08379950029246,488.4361488352169,492.0626525878906,5207976,HDFCBANK.NS
2019-01-21,494.30332572124615,500.4360754271992,491.19654484003655,496.1974182128906,17561512,HDFCBANK.NS
2019-01-22,495.7008009826207,495.8856028674887,491.7855612936576,493.3562927246094,8796976,HDFCBANK.NS
2019-01-23,492.9289182461672,493.3562690598246,485.4102395405872,486.3226318359375,7624288,HDFCBANK.NS
2019-01-24,487.3852212438403,490.0762118747776,484.590240782578,485.5950622558594,10111572,HDFCBANK.NS
2019-01-25,483.45834149659134,487.3851412125216,482.7653768408389,484.15130615234375,11262236,HDFCBANK.NS
2019-01-28,482.7654885190703,485.5489084756198,479.7048939148226,481.4141845703125,15360436,HDFCBANK.NS
2019-01-29,480.0512869596983,481.1484810475408,474.2188341769569,475.2814025878906,14762788,HDFCBANK.NS
2019-01-30,475.2005871960436,475.2005871960436,468.4441807430193,469.9917907714844,18514160,HDFCBANK.NS
2019-01-31,469.13710686397934,482.7076657159039,467.0582127419824,480.4439697265625,16579404,HDFCBANK.NS
2019-02-01,480.4439473676777,489.0020723836766,479.6701706500007,482.8693237304688,15654188,HDFCBANK.NS
2019-02-04,483.9203617889573,488.0781501002706,481.0676344734722,486.2071228027344,7938288,HDFCBANK.NS
2019-02-05,486.92318864128566,489.46405917024873,484.3823181123226,488.3206787109375,8690288,HDFCBANK.NS
2019-02-06,488.82885726232274,491.3119808136848,488.21676099082737,490.3071594238281,10875684,HDFCBANK.NS
2019-02-07,490.8615644986978,492.0049449935519,486.4266016253658,489.0598449707031,7217308,HDFCBANK.NS
2019-02-08,487.8471572536447,495.4582083951436,486.611347626452,490.3071594238281,12235644,HDFCBANK.NS
2019-02-11,488.1474718221662,494.98469007140216,488.1474718221662,494.2339782714844,7036364,HDFCBANK.NS
2019-02-12,493.85285207888666,496.162734455308,490.803818620733,491.9356384277344,9772388,HDFCBANK.NS
2019-02-14,494.3148885985446,494.3148885985446,486.3689148159037,487.4314270019531,7441388,HDFCBANK.NS
2019-02-15,486.773038473131,486.9462796347495,480.03969815539386,485.2253723144531,8416524,HDFCBANK.NS
2019-02-18,486.6460139737432,489.23307086959113,481.8414475136766,482.7422790527344,7138744,HDFCBANK.NS
2019-02-19,482.6961132430093,486.9578349869339,480.0397484863457,481.39105224609375,5268636,HDFCBANK.NS
2019-02-20,482.4189501305148,487.6161856478414,480.8944051546532,487.0040893554688,4892500,HDFCBANK.NS
2019-02-21,485.4679944811797,489.6835300500612,483.59702348951686,488.7480163574219,5261544,HDFCBANK.NS
2019-02-22,489.5564827318876,491.5661256556029,482.5575837539873,483.1003723144531,8890708,HDFCBANK.NS
2019-02-25,483.9549584682144,491.9933600004709,483.9549584682144,490.9423522949219,8140596,HDFCBANK.NS
2019-02-26,487.67389381383146,490.8499819322164,485.32938586934046,487.5352783203125,9607428,HDFCBANK.NS
2019-02-27,488.7942175926352,490.72293548301457,482.3380514290088,483.2851257324219,7030092,HDFCBANK.NS
2019-02-28,483.4815269915325,486.426627169037,478.884826995964,479.8896484375,11645376,HDFCBANK.NS
2019-03-01,481.8992440126751,485.2831993700449,479.7626026671426,481.2294006347656,9352928,HDFCBANK.NS
2019-03-05,482.5112405356716,487.6392238192889,478.1455860035163,486.71527099609375,11837276,HDFCBANK.NS
2019-03-06,487.3851280216935,487.4544357641145,482.89241857054657,486.0569458007813,8458044,HDFCBANK.NS
2019-03-07,487.29273307979344,492.0048698391209,483.9202827760368,491.1964111328125,10204852,HDFCBANK.NS
2019-03-08,488.5517298240793,492.0049930269297,487.2581730126645,491.5892028808594,7053460,HDFCBANK.NS
2019-03-11,492.4669311576071,495.1694823059688,490.2032351108991,491.64691162109375,9224108,HDFCBANK.NS
2019-03-12,495.931746164372,502.3994168176568,493.6218637881989,501.4754638671875,15097292,HDFCBANK.NS
2019-03-13,502.3994891583275,516.0277971400936,501.7296457302314,514.3069458007812,57166348,HDFCBANK.NS
2019-03-14,518.5339381140877,519.1460343513185,510.6225914282,513.8910522460938,15379864,HDFCBANK.NS
2019-03-15,515.3347626341961,522.0103002023125,514.6533586059842,520.41650390625,12763088,HDFCBANK.NS
2019-03-18,522.4723416451627,529.3442426288613,519.0306390040525,522.368408203125,14358720,HDFCBANK.NS
2019-03-19,524.22783783938,525.7061400945231,519.9545551779883,523.8236083984375,11957992,HDFCBANK.NS
2019-03-20,524.1123446165452,531.2729804398651,522.2759992889655,531.0419921875,11711992,HDFCBANK.NS
2019-03-22,531.2729470101715,532.889864674985,524.5281017442431,525.7638549804688,30403880,HDFCBANK.NS
2019-03-25,522.0334908106147,528.4665366950876,520.4165729187234,526.9535522460938,9199260,HDFCBANK.NS
2019-03-26,525.7060155775479,534.7376766476996,524.9437996414853,533.8945922851562,11786848,HDFCBANK.NS
2019-03-27,535.5578333145959,537.75222175105,526.433797184076,531.1459350585938,13885300,HDFCBANK.NS
2019-03-28,530.9958467240449,537.04772812353,528.4665364445099,531.9197998046875,19554328,HDFCBANK.NS
2019-04-01,537.1054379661791,538.6646086817029,532.3355530753938,533.9986572265625,9647076,HDFCBANK.NS
2019-04-02,535.8927672844236,535.8927672844236,527.9121115618736,530.0834350585938,10910496,HDFCBANK.NS
2019-04-03,529.4481468088637,534.9687429720723,528.558819562109,529.5982666015625,7659452,HDFCBANK.NS
2019-04-04,529.598259441763,534.2757710560671,526.6531595364604,527.5655517578125,9211552,HDFCBANK.NS
2019-04-05,528.4549262181253,534.4490599882165,527.1151830980486,532.5665283203125,8351180,HDFCBANK.NS
2019-04-08,535.661675641453,536.5740678205942,526.6762565505768,528.8244018554688,6398132,HDFCBANK.NS
2019-04-09,530.4876435790404,531.9659458385138,523.6503687433394,528.327880859375,10777600,HDFCBANK.NS
2019-04-10,519.7236148415145,527.577216132453,515.3348376495196,516.8016357421875,108128700,HDFCBANK.NS
2019-04-11,518.5455797317944,522.7264902581672,516.7092341401913,521.4560546875,8793300,HDFCBANK.NS
2019-04-12,520.2086817304526,524.8515119098128,520.2086817304526,523.2461547851562,9170444,HDFCBANK.NS
2019-04-15,524.3432622127644,529.6328699216964,523.0382013202069,528.6858520507812,10219780,HDFCBANK.NS
2019-04-16,529.1824963882386,533.559712251221,526.7224941932218,532.439453125,8273776,HDFCBANK.NS
2019-04-18,534.2757973302224,534.7493344993587,528.5010913495672,529.80615234375,10614856,HDFCBANK.NS
2019-04-22,537.0476169466118,537.0476169466118,522.2643707166835,524.04296875,20980420,HDFCBANK.NS
2019-04-23,526.0873106657133,528.963103157431,517.7832941896289,518.637939453125,15282400,HDFCBANK.NS
2019-04-24,519.723558598462,527.5540376572327,519.0421545448004,526.595458984375,12354128,HDFCBANK.NS
2019-04-25,528.2469852326841,530.9957791338759,521.5598869414544,522.830322265625,18086636,HDFCBANK.NS
2019-04-26,523.396235305987,527.8081332882931,521.3173411267334,526.8726196289062,11707568,HDFCBANK.NS
2019-04-30,527.8081534721656,535.8927422562031,526.2836084583007,535.3037109375,12536836,HDFCBANK.NS
2019-05-02,536.7011779126838,545.0513802665977,535.315248466815,544.162109375,17169300,HDFCBANK.NS
2019-05-03,546.1023000952043,549.2899485860731,544.3237022048282,546.968505859375,12351520,HDFCBANK.NS
2019-05-06,542.3603131735703,543.2611446286395,535.2112394042837,537.844482421875,13748092,HDFCBANK.NS
2019-05-07,543.2612658749752,544.670316817744,535.4307864221928,536.4356079101562,9924204,HDFCBANK.NS
2019-05-08,536.4817632867657,536.7704985949442,528.5011080899881,532.9476318359375,12064208,HDFCBANK.NS
2019-05-09,531.27297510552,531.27297510552,524.7129313616634,529.1709594726562,9027724,HDFCBANK.NS
2019-05-10,529.2749106955378,537.0245208044392,529.2749106955378,530.4644775390625,10594200,HDFCBANK.NS
2019-05-13,530.3605526337777,534.356660411027,526.6531801526647,528.3162841796875,11071632,HDFCBANK.NS
2019-05-14,530.5107353483494,533.8138788066209,525.6253561157667,528.47802734375,10494744,HDFCBANK.NS
2019-05-15,530.348946326109,532.9360030782465,527.1612976522218,528.2007446289062,8956348,HDFCBANK.NS
2019-05-16,526.7802587822156,535.6617456142593,526.6532039674478,533.7329711914062,8050136,HDFCBANK.NS
2019-05-17,534.27582491642,547.2804747350457,533.9524639222525,545.6173706054688,14758780,HDFCBANK.NS
2019-05-20,556.2197128026702,563.3110408856753,549.7520417235694,561.8442993164062,17699632,HDFCBANK.NS
2019-05-21,563.1493486146794,565.7825920843898,554.2447403757037,555.2264404296875,10325176,HDFCBANK.NS
2019-05-22,557.1090019750432,560.3774629712018,553.0435864463315,555.699951171875,11386660,HDFCBANK.NS
2019-05-23,556.4506557438317,563.5881696174722,535.6848360632646,538.6876831054688,33081996,HDFCBANK.NS
2019-05-24,545.0629191832495,551.1725466343315,540.5470879738024,548.2159423828125,13692800,HDFCBANK.NS
2019-05-27,549.4978884885355,559.4303825719259,547.9618392865723,556.300537109375,12049024,HDFCBANK.NS
2019-05-28,558.1831383241274,558.9915972457638,551.3805452479389,558.1138305664062,7364840,HDFCBANK.NS
2019-05-29,556.7278417393018,561.4862220148497,556.7278417393018,558.2754516601562,7475216,HDFCBANK.NS
2019-05-30,558.0676007968859,565.4361032665181,557.3861967517881,563.5073852539062,9359200,HDFCBANK.NS
2019-05-31,567.4918630712201,569.3859551727893,544.3930413603564,560.227294921875,19785080,HDFCBANK.NS
2019-06-03,560.6083895006121,568.1848141191027,560.1348523881553,567.5611572265625,8480860,HDFCBANK.NS
2019-06-04,567.076110562061,569.5592340604488,563.8538359986893,566.4524536132812,6442988,HDFCBANK.NS
2019-06-06,566.6604078591357,570.5410220408094,557.4555592142041,559.7654418945312,15634924,HDFCBANK.NS
2019-06-07,560.296676015621,566.9029631121371,556.4507438676329,565.37841796875,7970932,HDFCBANK.NS
2019-06-10,570.5294323631299,570.5294323631299,561.7865606984424,563.6575317382812,7077140,HDFCBANK.NS
2019-06-11,566.2676607963826,568.2079394221682,563.6921645213253,565.5515747070312,7103292,HDFCBANK.NS
2019-06-12,564.7660995954511,565.5514368493101,559.8344793994175,560.619873046875,7308620,HDFCBANK.NS
2019-06-13,562.6757524559237,566.3831247264316,558.055987980178,564.6968994140625,11107948,HDFCBANK.NS
2019-06-14,564.2927160559827,567.9885279380742,560.1464883794841,562.4794921875,11956920,HDFCBANK.NS
2019-06-17,562.456399553773,563.5882194430669,558.3679187289638,559.4535522460938,12810020,HDFCBANK.NS
2019-06-18,558.5295644222192,561.763399782811,555.2957290616274,558.3563232421875,12419652,HDFCBANK.NS
2019-06-19,560.6084314195455,564.7430981585206,558.2292413836658,560.9202880859375,10744276,HDFCBANK.NS
2019-06-20,564.4066202774218,566.4170643860689,561.2107915390925,563.9417724609375,11171492,HDFCBANK.NS
2019-06-21,563.8604726996228,564.7204299200428,559.1306228711246,561.1178588867188,13250260,HDFCBANK.NS
2019-06-24,560.5948973113595,564.9296377350446,560.1416819880365,561.9894409179688,6915000,HDFCBANK.NS
2019-06-25,562.4310583816161,567.4630136671306,558.5146925423367,564.4879760742188,8899800,HDFCBANK.NS
2019-06-26,563.5582965109426,574.0871119782346,562.9307632434349,573.5989990234375,10533636,HDFCBANK.NS
2019-06-27,573.7965472378339,579.7814631229475,570.8679831750427,572.2974243164062,19879236,HDFCBANK.NS
2019-06-28,572.6925463554987,575.2492095088716,566.4287329785599,567.9859619140625,12756844,HDFCBANK.NS
2019-07-01,570.8331556625193,578.5031451319261,569.4502446676173,577.7012939453125,8524160,HDFCBANK.NS
2019-07-02,578.2707375688877,580.4787649028525,573.4363084783296,579.897705078125,7246828,HDFCBANK.NS
2019-07-03,580.8273610982814,581.8267952773264,577.1085784742027,578.6541748046875,7463256,HDFCBANK.NS
2019-07-04,579.8512188364064,580.5716989566844,574.5519420030873,577.2945556640625,7993964,HDFCBANK.NS
2019-07-05,577.596726744771,579.8860683913736,571.762863448521,574.6448974609375,7583060,HDFCBANK.NS
2019-07-08,575.1446911445179,575.1563236907288,557.1318351973089,560.0487670898438,14607140,HDFCBANK.NS
2019-07-09,558.7122910211014,560.3276259978992,551.5419900291412,552.9713745117188,16482688,HDFCBANK.NS
2019-07-10,552.8783975278814,557.3525579703036,549.9730985392955,555.20263671875,11569148,HDFCBANK.NS
2019-07-11,558.5147114218445,561.0713746867801,556.8063728153514,559.479248046875,9097596,HDFCBANK.NS
2019-07-12,562.001097964859,562.001097964859,554.3427403401765,556.399658203125,8976272,HDFCBANK.NS
2019-07-15,556.8877589282218,558.5147265043895,552.5530751550829,556.5972290039062,8233184,HDFCBANK.NS
2019-07-16,562.0010674516086,562.0010674516086,553.6338059014606,555.7720947265625,12770568,HDFCBANK.NS
2019-07-17,556.1787628550809,560.5135026575853,555.7952861158665,557.2246704101562,7759736,HDFCBANK.NS
2019-07-18,558.5147624915201,564.5577853066592,558.259073443997,560.5833129882812,10802584,HDFCBANK.NS
2019-07-19,561.3038024802423,562.6286075596316,550.1474536110699,552.1578979492188,8939228,HDFCBANK.NS
2019-07-22,545.0341565726515,546.1614354150263,530.2171299280857,533.9359130859375,22171296,HDFCBANK.NS
2019-07-23,533.2966943887888,533.2966943887888,521.1060709061937,526.091552734375,27802864,HDFCBANK.NS
2019-07-24,524.5226663437539,532.9480332009429,523.1862288422687,530.1356811523438,17363740,HDFCBANK.NS
2019-07-25,531.088707184081,538.1660048653456,529.9846934601754,531.332763671875,19462008,HDFCBANK.NS
2019-07-26,529.5081090042584,533.0990468519303,528.2646752059865,529.2989501953125,12829828,HDFCBANK.NS
2019-07-29,528.4273663232251,528.4273663232251,516.6899594369867,521.6289672851562,9976492,HDFCBANK.NS
2019-07-30,524.115972460699,527.8812288519465,520.6063483510063,523.476806640625,10394136,HDFCBANK.NS
2019-07-31,520.6296251078039,526.9050714818712,519.2931874540674,523.3373413085938,13891840,HDFCBANK.NS
2019-08-01,519.2491879801987,521.7882240006119,511.77175362917154,517.5487060546875,18241676,HDFCBANK.NS
2019-08-02,515.0329787459242,518.0612142609386,508.2776841355072,515.8133544921875,27825536,HDFCBANK.NS
2019-08-05,511.7835417902188,512.4707070460379,503.7354109032077,507.6371765136719,19822440,HDFCBANK.NS
2019-08-06,504.7835867742502,514.8582938014705,504.7835867742502,509.9316101074219,24890940,HDFCBANK.NS
2019-08-07,510.1412079360459,512.9365022261064,504.3176781650864,508.7435607910156,18750136,HDFCBANK.NS
2019-08-08,512.0047663808674,522.4871205606395,508.5106483209434,520.192626953125,19711600,HDFCBANK.NS
2019-08-09,523.4188960724813,533.2024268401913,521.7417307435278,531.5718383789062,30436112,HDFCBANK.NS
2019-08-13,529.5452857712662,529.5452857712662,513.0763529233456,517.2110595703125,15440068,HDFCBANK.NS
2019-08-14,520.716738284431,520.716738284431,513.1811245497369,519.3307495117188,14254052,HDFCBANK.NS
2019-08-16,515.7318126628074,520.1576954273031,513.425717549471,518.923095703125,15247560,HDFCBANK.NS
2019-08-19,521.4388500416737,522.254144200774,512.8666029376242,514.0662841796875,8498200,HDFCBANK.NS
2019-08-20,514.6253208358501,518.9463912578008,514.0662847314585,517.2692260742188,10270592,HDFCBANK.NS
2019-08-21,518.2707868568199,522.0677393053584,515.7783277096306,518.4921264648438,10472712,HDFCBANK.NS
2019-08-22,517.3274390605752,517.3274390605752,504.79519228220863,506.43743896484375,13992044,HDFCBANK.NS
2019-08-23,503.3859632147677,507.1130226369965,498.40104398570224,503.7819519042969,20099616,HDFCBANK.NS
2019-08-26,511.2825843484342,527.879643784232,504.783548033316,525.5502319335938,25280244,HDFCBANK.NS
2019-08-27,525.5153184890386,529.452001805798,521.8115763595525,526.4354248046875,20660832,HDFCBANK.NS
2019-08-28,524.1176923469654,525.8298328901292,518.608655795571,523.5353393554688,13662588,HDFCBANK.NS
2019-08-29,523.186016040849,524.9796521839133,517.1994376499063,518.7484741210938,14783716,HDFCBANK.NS
2019-08-30,520.2740970593653,526.4470379915673,517.5952736359569,518.9812622070312,19233320,HDFCBANK.NS
2019-09-03,517.1294916514936,517.3624328639492,511.5738209862616,515.0213623046875,11428676,HDFCBANK.NS
2019-09-04,514.1012132738207,529.7082732146208,512.2376837286505,523.5935668945312,15060704,HDFCBANK.NS
2019-09-05,523.8847053043448,529.3355060795809,518.2941170752189,520.658447265625,17296252,HDFCBANK.NS
2019-09-06,518.9930336379031,525.6551752200204,517.4323388515847,523.1626586914062,12870004,HDFCBANK.NS
2019-09-09,523.1859250808683,526.6567261455742,516.2210060837434,524.0245361328125,10643404,HDFCBANK.NS
2019-09-11,529.7082244146042,529.7082244146042,522.0560841765486,524.4204711914062,15209116,HDFCBANK.NS
2019-09-12,524.2806885300841,533.1557700005759,523.6866771627766,528.9744873046875,18132300,HDFCBANK.NS
2019-09-13,524.3505681870413,528.1824390193922,521.3223330087066,525.85302734375,15371340,HDFCBANK.NS
2019-09-16,524.5602380530871,527.0643558219105,522.0212018542569,522.7549438476562,11030184,HDFCBANK.NS
2019-09-17,523.6284565992211,523.7682440556035,512.0280313132598,515.114501953125,10656556,HDFCBANK.NS
2019-09-18,516.5005505172651,518.0961636656313,507.8118321075806,509.61712646484375,12959884,HDFCBANK.NS
2019-09-19,512.4240627335244,515.7551332650024,505.0165212052327,512.9598388671875,10623310,HDFCBANK.NS
2019-09-20,516.1976261007418,563.6710473120655,514.9863434063548,558.8724365234375,46150034,HDFCBANK.NS
2019-09-23,586.8021429849681,597.5872740068311,572.5694142916398,585.7305908203125,41920410,HDFCBANK.NS
2019-09-24,582.3530371049728,587.920309391531,571.8939993067331,584.1234130859375,23379048,HDFCBANK.NS
2019-09-25,582.3064784127342,582.3064784127342,573.0819832688842,577.554443359375,15608976,HDFCBANK.NS
2019-09-26,577.6009660741333,594.0000022105288,575.9936378282621,578.8588256835938,30671560,HDFCBANK.NS
2019-09-27,581.5377254381316,583.9836081207274,576.5760663364977,579.65087890625,14873170,HDFCBANK.NS
2019-09-30,572.4762767323917,577.6941365075229,566.7459008559691,571.8472900390625,18218458,HDFCBANK.NS
2019-10-01,573.7341573013938,584.6823933522121,568.8889691218436,581.7939453125,18768352,HDFCBANK.NS
2019-10-03,577.6707590121185,579.4644514375707,566.6759476517799,570.0303344726562,16298876,HDFCBANK.NS
2019-10-04,576.133466131315,577.5077964268856,552.2104168966683,554.26025390625,18403632,HDFCBANK.NS
2019-10-07,559.617894486953,568.3066122849731,550.2769868504864,552.955810546875,22513220,HDFCBANK.NS
2019-10-09,557.7076721426271,572.9886338427093,554.3999192923569,572.17333984375,17427270,HDFCBANK.NS
2019-10-10,569.2151873872587,571.1485540150486,557.754433878059,559.315185546875,11556858,HDFCBANK.NS
2019-10-11,565.3016882319421,570.240030059355,553.9108299798355,558.4998168945312,17186318,HDFCBANK.NS
2019-10-14,563.2517510106223,568.3298799082893,557.8475272219873,561.1087036132812,12267802,HDFCBANK.NS
2019-10-15,562.3201104057339,570.7059944051566,562.2502166649889,569.7975463867188,8400374,HDFCBANK.NS
2019-10-16,573.8040590306887,575.3647536685824,563.764270742802,568.8889770507812,10586816,HDFCBANK.NS
2019-10-17,571.8705824554944,572.9653945997602,565.1618652668644,568.37646484375,12243614,HDFCBANK.NS
2019-10-18,570.9155527731333,574.8289762279845,568.5395639553193,572.5694580078125,11233806,HDFCBANK.NS
2019-10-22,585.6141990728054,585.6141990728054,574.2466567063789,577.3681030273438,20006228,HDFCBANK.NS
2019-10-23,580.8853964967017,582.2364666852551,574.4329373258008,578.4395141601562,10190214,HDFCBANK.NS
2019-10-24,581.4212089494004,584.2863969541219,571.3348440707078,575.877197265625,13107494,HDFCBANK.NS
2019-10-25,577.6941643040582,580.8854473053657,568.3765164927024,572.5694580078125,12993542,HDFCBANK.NS
2019-10-27,577.6708550214476,578.5793598172293,575.3647599060206,576.6226196289062,1750082,HDFCBANK.NS
2019-10-29,576.7623550875566,585.7771672764354,576.6225676329923,578.8588256835938,14232568,HDFCBANK.NS
2019-10-30,580.9087828109485,588.2696906958417,579.0918300553573,581.5842895507812,12011366,HDFCBANK.NS
2019-10-31,585.9402357410744,588.8287405658972,571.6842465508156,573.1983642578125,13217706,HDFCBANK.NS
2019-11-01,577.2282080309179,579.4411491028686,571.917138084156,577.7174072265625,11512260,HDFCBANK.NS
2019-11-04,580.6990216026879,582.3529266625709,572.5927143598674,576.2265625,9935176,HDFCBANK.NS
2019-11-05,578.1600051762933,579.9303808814818,572.5927337569641,577.461181640625,12367810,HDFCBANK.NS
2019-11-06,578.835607192044,586.5459842204708,572.1269456408974,585.451171875,12130336,HDFCBANK.NS
2019-11-07,587.4777359081087,591.5308902435283,582.3530292507025,588.735595703125,16963034,HDFCBANK.NS
2019-11-08,586.5459255532465,590.2729846512815,583.0284907813127,584.9619140625,13251496,HDFCBANK.NS
2019-11-11,583.5409892410081,590.9717903446365,582.5859076278816,589.2247314453125,14286610,HDFCBANK.NS
2019-11-13,587.9201981344958,591.6705737319026,584.0300919568745,585.870361328125,9293496,HDFCBANK.NS
2019-11-14,588.7822089249835,594.9318339514147,585.7073395413568,593.4876098632812,11055218,HDFCBANK.NS
2019-11-15,598.1230514893108,598.6588275728928,592.1830514491907,595.35107421875,9279012,HDFCBANK.NS
2019-11-18,594.9318382344264,596.0732273920366,586.4061673737403,587.9669189453125,9130292,HDFCBANK.NS
2019-11-19,589.4810953621981,594.0001324451828,587.5243549213048,592.555908203125,10570578,HDFCBANK.NS
2019-11-20,593.0682757816081,597.7037827616671,590.2729814731323,593.2313232421875,11054258,HDFCBANK.NS
2019-11-21,591.7872097827845,599.5907411851555,590.9020217123125,597.8902587890625,12019526,HDFCBANK.NS
2019-11-22,598.0299196719865,598.0299196719865,587.9435549191417,589.2247314453125,7688010,HDFCBANK.NS
2019-11-25,588.9451241438677,596.0964061139451,588.9451241438677,592.1829833984375,7893556,HDFCBANK.NS
2019-11-26,595.6072699295346,596.2129397350556,590.2496228836637,594.0233154296875,8716002,HDFCBANK.NS
2019-11-27,594.4659163251183,599.0082695258785,592.2296581550427,595.5840454101562,9580666,HDFCBANK.NS
2019-11-28,596.4226820203613,597.7504924820041,587.9436442883001,589.4810791015625,12366040,HDFCBANK.NS
2019-11-29,590.5990981914024,596.2828976173189,583.2847672291058,593.9767456054688,15567626,HDFCBANK.NS
2019-12-02,593.5108254980174,593.5108254980174,586.359542456636,589.6906127929688,8946204,HDFCBANK.NS
2019-12-03,590.8319733347757,591.2047019628194,584.1233129932231,584.8687133789062,6991906,HDFCBANK.NS
2019-12-04,583.5177538350988,585.5676479372252,574.9920824680248,583.1217651367188,11395614,HDFCBANK.NS
2019-12-05,584.9618630167804,586.4294037826509,578.0435215438523,580.3030395507812,12772494,HDFCBANK.NS
2019-12-06,581.8637697393675,587.0117927333266,576.8555342061269,580.5127563476562,13774650,HDFCBANK.NS
2019-12-09,582.1200337823306,582.2830812412412,576.5527620897583,579.0684814453125,8265350,HDFCBANK.NS
2019-12-10,582.8188186407375,584.0534182397568,580.0701014073599,582.1199951171875,9788900,HDFCBANK.NS
2019-12-11,582.3995597302257,584.2165124108483,578.8588649684841,581.7706298828125,11054642,HDFCBANK.NS
2019-12-12,583.7505624595526,591.4143040788775,583.7505624595526,588.6889038085938,12913148,HDFCBANK.NS
2019-12-13,589.3412571103048,592.7654814988791,586.6624332143489,588.8054809570312,11775186,HDFCBANK.NS
2019-12-16,591.321171976477,591.6705837385273,581.5143257734367,585.7771606445312,11327576,HDFCBANK.NS
2019-12-17,587.0117012142016,593.906782040115,584.84533713326,592.1829833984375,12427354,HDFCBANK.NS
2019-12-18,597.7271406604992,605.1812593281282,593.371151438186,602.0831298828125,17447172,HDFCBANK.NS
2019-12-19,607.9764705882353,608.2094117647059,599.1712827435662,600.42919921875,13018376,HDFCBANK.NS
2019-12-20,600.4059378755567,605.460750498332,596.3527837783142,604.1096801757812,15026044,HDFCBANK.NS
2019-12-23,605.1812472297753,607.5106592668415,600.4292694223249,606.7652587890625,10195782,HDFCBANK.NS
2019-12-24,604.9948509255141,606.1595568825055,599.5673097918527,600.59228515625,7179208,HDFCBANK.NS
2019-12-26,600.848484870266,601.8501433649025,589.1781653320924,591.8802490234375,14949758,HDFCBANK.NS
2019-12-27,592.6024747242647,595.8636518650429,591.6707098268995,594.0001220703125,7092992,HDFCBANK.NS
2019-12-30,597.2612219903074,600.4059281123311,593.5574797503094,597.3311157226562,9334190,HDFCBANK.NS
2019-12-31,597.2379170602602,597.2379170602602,591.0417152922982,592.6489868164062,8357056,HDFCBANK.NS
2020-01-01,594.5125400530261,596.3294928506378,591.9501867634335,595.67724609375,3673698,HDFCBANK.NS
2020-01-02,595.8635328376968,600.0564740382747,595.8635328376968,599.47412109375,6137166,HDFCBANK.NS
2020-01-03,597.3543130624116,598.6588063613991,588.6889129202882,590.9251708984375,10855550,HDFCBANK.NS
2020-01-06,587.0117388963179,587.8503498429019,575.8305629173403,578.1366577148438,10890186,HDFCBANK.NS
2020-01-07,586.4992825447731,592.3460717231849,583.4011536448486,587.291259765625,14724494,HDFCBANK.NS
2020-01-08,580.9319783912775,588.0134242921156,577.717435646002,585.75390625,11332110,HDFCBANK.NS
2020-01-09,589.3412173369028,594.3727698457291,588.4560294308527,592.3228759765625,9546316,HDFCBANK.NS
2020-01-10,598.2395880531285,599.544081542198,594.0466463859336,597.5873413085938,9214580,HDFCBANK.NS
2020-01-13,597.5873212182596,604.0165209733124,594.4659319413395,599.124755859375,7451568,HDFCBANK.NS
2020-01-14,600.5223688759421,602.1762740209311,595.1647216749543,600.7553100585938,7886290,HDFCBANK.NS
2020-01-15,599.3111067361606,600.0331903050004,593.5807306974551,598.3094482421875,11787448,HDFCBANK.NS
2020-01-16,597.2844420038613,601.4540659561723,596.0265256367868,599.8933715820312,7150400,HDFCBANK.NS
2020-01-17,597.1446331539581,598.6121737610667,592.5557039104707,595.4674682617188,16918814,HDFCBANK.NS
2020-01-20,607.9066050842921,607.9066050842921,583.5176741496056,584.6358032226562,22178450,HDFCBANK.NS
2020-01-21,582.3530111446122,582.3530111446122,576.9487865752724,579.7207641601562,14984804,HDFCBANK.NS
2020-01-22,581.4445362366947,584.6823960803707,575.0852302757627,578.0901489257812,18368310,HDFCBANK.NS
2020-01-23,577.6941561282123,580.885439084355,573.501214672443,579.9536743164062,11508920,HDFCBANK.NS
2020-01-24,580.4893493644262,584.2164077873117,577.2747501006077,579.8138427734375,11831756,HDFCBANK.NS
2020-01-27,575.364755003102,575.364755003102,564.5329893724769,565.20849609375,18888552,HDFCBANK.NS
2020-01-28,567.817533391895,572.0104752985192,565.2318631346444,569.8673706054688,13412158,HDFCBANK.NS
2020-01-29,570.8456565650708,578.625868930549,569.4246926734006,575.7606811523438,13788350,HDFCBANK.NS
2020-01-30,577.2049667543175,577.2049667543175,567.0720247294748,571.1951293945312,12111984,HDFCBANK.NS
2020-01-31,573.7108945211547,576.6692934420341,568.4930340638174,571.3116455078125,11178268,HDFCBANK.NS
2020-02-03,557.6612733177518,558.1038388817431,548.6697195962923,555.70458984375,13077010,HDFCBANK.NS
2020-02-04,558.1271166016611,574.8988830437811,558.1271166016611,572.9421997070312,20897704,HDFCBANK.NS
2020-02-05,575.3181813139211,581.4212293180981,571.7774864838223,579.8605346679688,18020682,HDFCBANK.NS
2020-02-06,579.8604701400541,581.7472595087551,576.3896125591639,577.6009521484375,11827550,HDFCBANK.NS
2020-02-07,580.4894309235501,580.9553132918676,573.7807134456975,578.7190551757812,6815448,HDFCBANK.NS
2020-02-10,579.0685272833393,579.0685272833393,571.1951599347981,577.833984375,9219834,HDFCBANK.NS
2020-02-11,579.2316104494273,584.6824117792048,576.7857278503509,577.9736938476562,11613520,HDFCBANK.NS
2020-02-12,580.1167091920769,583.7040375931034,579.5809899584544,581.8870849609375,6297930,HDFCBANK.NS
2020-02-13,586.9652601378181,586.9652601378181,574.7125299982047,578.346435546875,9112140,HDFCBANK.NS
2020-02-14,579.184890608295,581.6075128494658,566.0470316345669,568.0736083984375,14688858,HDFCBANK.NS
2020-02-17,570.7058710789495,574.4329298288528,565.7907896043532,567.0487060546875,10152690,HDFCBANK.NS
2020-02-18,566.9322324078242,567.6776327796997,560.6893976613612,565.2317504882812,10529116,HDFCBANK.NS
2020-02-19,569.5412105193737,573.0353283753209,565.5346334186361,571.7308349609375,10012268,HDFCBANK.NS
2020-02-20,573.0353459305833,573.0353459305833,565.6278044749597,567.0254516601562,11123414,HDFCBANK.NS
2020-02-24,563.2284535798111,565.9305940025687,559.0588292266576,563.6943359375,16568084,HDFCBANK.NS
2020-02-25,560.9224115714882,563.2518235796754,558.1271171616635,559.1986694335938,13886680,HDFCBANK.NS
2020-02-26,557.8941784497473,561.2485090083372,552.3734833397964,558.70947265625,13814786,HDFCBANK.NS
2020-02-27,556.729397599852,560.2235151580101,550.2070448246236,558.8025512695312,20655098,HDFCBANK.NS
2020-02-28,547.6447038754537,552.0705862121758,545.1289278047099,548.6463623046875,24313056,HDFCBANK.NS
2020-03-02,559.1519746216763,559.5945969771311,543.2887147008902,549.5548095703125,14664898,HDFCBANK.NS
2020-03-03,547.4118109684788,552.2336823548427,544.1506342222837,550.579833984375,22369550,HDFCBANK.NS
2020-03-04,548.9725352208427,549.7412525837075,527.8913558315098,535.22900390625,34288870,HDFCBANK.NS
2020-03-05,537.162394073109,542.7529827364892,532.3870995898052,536.3936767578125,19549708,HDFCBANK.NS
2020-03-06,524.1176120384192,531.5251523293091,512.936436314933,528.7298583984375,23053566,HDFCBANK.NS
2020-03-09,517.1295028928447,521.0429267212518,496.16479331610776,515.8716430664062,34420590,HDFCBANK.NS
2020-03-11,514.800053429049,521.7882894484478,508.7435822122366,518.8998413085938,35538240,HDFCBANK.NS
2020-03-12,500.823585417755,503.15299744295385,467.4897050242004,475.8056945800781,59000770,HDFCBANK.NS
2020-03-13,456.5880002991171,503.8284544455833,428.239070125055,498.4009704589844,66342364,HDFCBANK.NS
2020-03-16,482.1882692750184,483.1200340465643,463.55297384409977,465.6494445800781,31986322,HDFCBANK.NS
2020-03-17,469.6094638733333,470.5412286826058,444.7779373932626,454.2819213867188,42676838,HDFCBANK.NS
2020-03-18,458.8941636221013,462.621222819032,402.9882756681397,408.53228759765625,61181406,HDFCBANK.NS
2020-03-19,394.60236407895457,428.5884883723231,370.37648104223007,417.220947265625,67220048,HDFCBANK.NS
2020-03-20,407.6470948343316,426.0960262664663,384.1433223651283,411.3042602539063,88637464,HDFCBANK.NS
2020-03-23,370.1901210632312,390.7588391414496,356.40001423929533,359.4515380859375,50276954,HDFCBANK.NS
2020-03-24,370.4929830540586,377.3647485366708,344.1706271376118,357.6579284667969,61057272,HDFCBANK.NS
2020-03-25,358.93904468663493,404.1296304260868,351.85762762598995,399.1446838378906,47228042,HDFCBANK.NS
2020-03-26,405.3642854901964,436.8579543936663,391.8071183345117,419.806640625,57043156,HDFCBANK.NS
2020-03-27,440.2355771858335,460.5946436427536,406.2960274682874,421.3673400878906,55235936,HDFCBANK.NS
2020-03-30,409.9765135933028,413.2376904059768,385.7506286991531,387.45111083984375,39268444,HDFCBANK.NS
2020-03-31,397.7704027365041,406.99486892435885,390.4094662203455,401.5440673828125,35211092,HDFCBANK.NS
2020-04-01,402.4524718496196,402.4524718496196,382.02354140583975,386.5193176269531,29103504,HDFCBANK.NS
2020-04-03,392.738838181873,393.2047205521955,377.3647199612303,379.1583557128906,34996280,HDFCBANK.NS
2020-04-07,407.18121379932654,422.6950918874773,393.8336717898319,417.4772033691406,60412638,HDFCBANK.NS
2020-04-08,409.9532107330256,440.2588542172346,403.5007226339045,414.1228637695313,56219352,HDFCBANK.NS
2020-04-09,425.350600708537,433.6899064448119,414.6353062766681,430.9644775390625,44457146,HDFCBANK.NS
2020-04-13,435.1341742758095,441.0508866152092,412.8650005941316,417.1278076171875,34158056,HDFCBANK.NS
2020-04-15,433.50352770906346,433.50352770906346,392.7388219868248,402.19622802734375,57978752,HDFCBANK.NS
2020-04-16,402.9882809031108,414.9614644158281,398.91180985351286,409.8600463867188,53854396,HDFCBANK.NS
2020-04-17,426.2823652112344,428.6117770429898,413.3541295449921,424.09271240234375,55883462,HDFCBANK.NS
2020-04-20,443.0541222002863,447.6896573467304,435.6000044766221,440.1889343261719,66232986,HDFCBANK.NS
2020-04-21,430.9412183415524,435.13415992541616,423.021217572032,429.3805236816406,33178006,HDFCBANK.NS
2020-04-22,428.215811830853,434.6682715837105,422.6950884264645,432.6183776855469,38289354,HDFCBANK.NS
2020-04-23,435.6000196153613,446.5482554024853,425.1409546338127,444.8943786621094,40901222,HDFCBANK.NS
2020-04-24,434.66826521888754,446.50168917234726,431.4070885237833,437.0209655761719,33284568,HDFCBANK.NS
2020-04-27,440.3287789408924,446.0358385639082,431.54687829659736,433.1308898925781,27421072,HDFCBANK.NS
2020-04-28,439.6998068235012,439.6998068235012,429.54357611222713,433.9228820800781,29441436,HDFCBANK.NS
2020-04-29,435.6000171093335,462.481435616918,435.1807116011362,455.2136535644531,55877778,HDFCBANK.NS
2020-04-30,466.5346418862624,474.7341606669781,462.2019128631203,466.7209777832031,43793134,HDFCBANK.NS
2020-05-04,446.082371787157,447.2470777187162,427.4470768822105,430.0094299316406,26722324,HDFCBANK.NS
2020-05-05,436.9976812734741,439.7929756099782,423.04449802338365,424.6285095214844,29672858,HDFCBANK.NS
2020-05-06,428.1459135209764,442.58826751352296,421.926395030526,440.9111022949219,33785846,HDFCBANK.NS
2020-05-07,438.1623693682697,439.4668343183701,429.2407106008844,430.9411926269531,21831730,HDFCBANK.NS
2020-05-08,438.8612161503868,439.76969250780274,431.0343976003508,432.8280334472656,20807484,HDFCBANK.NS
2020-05-11,436.5318027624707,444.45180345293176,425.81650771067046,426.6550903320313,28550784,HDFCBANK.NS
2020-05-12,419.7600362399419,423.6734597165937,405.8301413102837,420.0162658691406,49568418,HDFCBANK.NS
2020-05-13,443.0541542329704,447.2470957556799,429.5901417470769,432.1758117675781,44346966,HDFCBANK.NS
2020-05-14,418.36238894480346,424.41886005424936,414.63532980052906,416.3591003417969,39554890,HDFCBANK.NS
2020-05-15,414.8682496933295,415.75343756872167,407.6470729721093,413.7734375,24349628,HDFCBANK.NS
2020-05-18,413.7035348229029,413.7035348229029,387.2879993785892,389.7804870605469,46649964,HDFCBANK.NS
2020-05-19,401.0548553170285,404.0598025039332,384.8654418100109,386.9852294921875,47460692,HDFCBANK.NS
2020-05-20,389.6873456344274,402.52240028040137,387.7073454015666,399.3078002929688,40014306,HDFCBANK.NS
2020-05-21,401.3343455306247,411.839986559555,397.0715107662501,400.44915771484375,48478908,HDFCBANK.NS
2020-05-22,396.0000197908601,405.4574263411776,388.10330782681336,390.805419921875,42047432,HDFCBANK.NS
2020-05-26,399.2612117010492,406.1329770132901,395.4176819501348,397.1181640625,38005152,HDFCBANK.NS
2020-05-27,400.6122164665186,423.8597270645597,399.33104009251673,420.99456787109375,56025754,HDFCBANK.NS
2020-05-28,428.6118051710031,442.5882770787532,425.7932223566478,440.3753356933594,75488806,HDFCBANK.NS
2020-05-29,439.7929829165703,444.9176892853015,430.21910534202704,443.3569946289063,53025166,HDFCBANK.NS
2020-06-01,454.2353300570312,463.5529778530729,450.08896541371087,460.1287536621094,39190230,HDFCBANK.NS
2020-06-02,459.6861241126822,468.2117654989054,454.3284770447843,466.3482360839844,41623594,HDFCBANK.NS
2020-06-03,475.2000555988628,487.4294687944218,473.080296332007,476.248291015625,50546088,HDFCBANK.NS
2020-06-04,478.9504263177672,484.0284990052905,461.73603743466606,466.6744079589844,54275882,HDFCBANK.NS
2020-06-05,467.3266430103428,485.6358448207228,467.1868839717183,481.4195861816406,35195984,HDFCBANK.NS
2020-06-08,493.83531839274775,496.93344756618,468.8640344216865,473.2899169921875,49812664,HDFCBANK.NS
2020-06-09,475.2000272256489,478.3447332881716,456.35507928245374,459.9656677246094,61844146,HDFCBANK.NS
2020-06-10,461.2235781488166,465.8125084361142,455.7261714902455,462.08544921875,36497730,HDFCBANK.NS
2020-06-11,458.8941445191046,460.47815598594246,449.57649691465576,451.253662109375,30897714,HDFCBANK.NS
2020-06-12,432.3388560083312,459.66286943509465,432.3388560083312,457.8459167480469,42644876,HDFCBANK.NS
2020-06-15,450.974148235529,453.7694425427741,439.32708862200815,442.5183715820313,32009936,HDFCBANK.NS
2020-06-16,454.2353422572186,463.0638194681307,443.5200470039714,461.4099426269531,45399970,HDFCBANK.NS
2020-06-17,460.7576237070582,465.3698701415024,453.41997702011565,456.21527099609375,36957838,HDFCBANK.NS
2020-06-18,456.5647209919345,477.4828507053401,452.8376620450616,475.1767272949219,40870126,HDFCBANK.NS
2020-06-19,474.2450139919218,485.9153628979719,471.542901649425,481.4195861816406,47877752,HDFCBANK.NS
2020-06-22,484.2614387152913,487.2896743201905,476.9703962046187,479.2765197753906,29694474,HDFCBANK.NS
2020-06-23,484.051768356397,486.847062495125,473.5927037669493,485.5892028808594,28830512,HDFCBANK.NS
2020-06-24,488.47767768471925,492.6706191240731,479.88217048220713,481.0235595703125,39429246,HDFCBANK.NS
2020-06-25,476.0852367043096,488.7106383906535,469.1435775589972,479.2765197753906,70646790,HDFCBANK.NS
2020-06-26,484.9835969129364,495.2330101041801,478.9271254817471,492.1814575195313,39969138,HDFCBANK.NS
2020-06-29,483.12004435733536,504.36427022789616,483.12004435733536,501.3127746582031,46005956,HDFCBANK.NS
2020-06-30,500.3576520513276,502.4774395265227,492.11155707015206,496.5606994628906,35746130,HDFCBANK.NS
2020-07-01,496.5606958490017,510.6070602021847,494.4409652596387,505.2959899902344,34846718,HDFCBANK.NS
2020-07-02,507.95162366598936,517.7118375859235,505.5755778351818,507.5323181152344,36954496,HDFCBANK.NS
2020-07-03,509.2094635782726,510.51395704740577,498.4941683703127,500.3343811035156,27597254,HDFCBANK.NS
2020-07-06,516.174442568924,521.7417720208723,512.4706998048646,513.8683471679688,35558216,HDFCBANK.NS
2020-07-07,516.8498729673468,517.9213682138314,509.2327081767887,514.869873046875,24349850,HDFCBANK.NS
2020-07-08,515.7318467473623,524.0711535656887,514.8000818932569,517.2925415039062,30056350,HDFCBANK.NS
2020-07-09,520.8564399023828,526.3072403625031,515.8482049033214,524.0942993164062,20114484,HDFCBANK.NS
2020-07-10,520.8099977443155,521.7883395068076,512.2610662345148,514.8466796875,17562978,HDFCBANK.NS
2020-07-13,517.0828008923169,518.5270247173596,499.0997546257051,503.2693786621094,29922114,HDFCBANK.NS
2020-07-14,495.046558269637,497.9816397311006,489.1764522171121,493.2994995117188,26612674,HDFCBANK.NS
2020-07-15,498.58730347565495,502.687091193702,489.2230789526157,490.64404296875,20974394,HDFCBANK.NS
2020-07-16,490.8769813884191,496.39767622101897,481.7689581051824,495.0233459472656,23662456,HDFCBANK.NS
2020-07-17,493.3927539688706,514.3341440608671,493.0433421862205,511.74847412109375,28405738,HDFCBANK.NS
2020-07-20,528.7766121457721,537.1159198699963,523.721798637229,527.8681640625,65124096,HDFCBANK.NS
2020-07-21,536.7198939699158,539.4685549014364,528.3106930823002,530.4304809570312,47512422,HDFCBANK.NS
2020-07-22,530.4070640493358,533.2023581945233,520.6468514072179,524.74658203125,24718012,HDFCBANK.NS
2020-07-23,524.1176467729714,532.9228346128382,520.0411761869593,526.6334228515625,20149122,HDFCBANK.NS
2020-07-24,523.1393333029866,523.1393333029866,513.0529684515155,521.3689575195312,19598440,HDFCBANK.NS
2020-07-27,512.4007392820107,513.8682801960905,500.9866206375826,502.9200439453125,37970094,HDFCBANK.NS
2020-07-28,502.6869961503451,509.8615948652173,493.60229140064007,506.2510070800781,35596450,HDFCBANK.NS
2020-07-29,503.6188763178658,507.112994331172,491.7621919408776,495.9783935546875,33592086,HDFCBANK.NS
2020-07-30,500.3576819247292,504.85345831796695,487.63907005501545,489.4793395996094,26956266,HDFCBANK.NS
2020-07-31,492.7637554885741,492.7637554885741,475.2233014798149,481.163330078125,37726696,HDFCBANK.NS
2020-08-03,477.9720082782848,478.4378906614677,462.62120650057307,466.8141479492188,31783542,HDFCBANK.NS
2020-08-04,469.609423994313,494.3245062096364,467.2800121689445,485.286376953125,60306168,HDFCBANK.NS
2020-08-05,488.2213923119674,491.8786143035649,475.2000032075308,478.7174377441406,33221360,HDFCBANK.NS
2020-08-06,483.1200384227675,491.505921442642,478.1118027303425,484.8437805175781,33646888,HDFCBANK.NS
2020-08-07,482.11833815012153,487.87197379408576,475.4795146677619,486.311279296875,24836784,HDFCBANK.NS
2020-08-10,486.38121036258593,495.6988580706814,486.2880566336683,489.4793395996094,22172854,HDFCBANK.NS
2020-08-11,488.4777247720502,498.96007938089247,488.4777247720502,496.9335021972656,20136148,HDFCBANK.NS
2020-08-12,496.1647213395258,496.6306037069808,488.2447210927916,495.5590515136719,20666432,HDFCBANK.NS
2020-08-13,497.5390997233184,499.1231113000349,492.2047688479066,493.3927917480469,19892740,HDFCBANK.NS
2020-08-14,496.5840418576167,496.5840418576167,478.6009933042525,481.9320068359375,20924512,HDFCBANK.NS
2020-08-17,487.77883837997007,487.77883837997007,475.29319662805824,481.1400146484375,19561012,HDFCBANK.NS
2020-08-18,478.9270943868685,494.604048101532,476.1318000616533,492.2047424316406,24040824,HDFCBANK.NS
2020-08-19,496.1646338972076,498.4008916150436,492.08816390039954,496.9100341796875,17715624,HDFCBANK.NS
2020-08-20,491.4825081904405,498.0048603712457,490.10817815764426,493.3693542480469,19216734,HDFCBANK.NS
2020-08-21,496.3510691406096,507.2527275502985,495.9783405108887,505.7851867675781,28924302,HDFCBANK.NS
2020-08-24,505.9482696406922,523.1626010023112,505.7852221801752,520.4139404296875,36779740,HDFCBANK.NS
2020-08-25,521.3223426075668,525.0494013572187,515.3590258599623,521.6484375,27601738,HDFCBANK.NS
2020-08-26,522.2541238364602,527.262359189932,516.8964767141415,521.0661010742188,25190062,HDFCBANK.NS
2020-08-27,524.490410871614,526.40051727272,515.3823875124955,518.1077880859375,20645996,HDFCBANK.NS
2020-08-28,518.0378683450753,524.117655901697,510.1411850776518,519.2258911132812,38696610,HDFCBANK.NS
2020-08-31,526.2141644558503,535.2057174156104,512.7967287494497,519.8548583984375,38501166,HDFCBANK.NS
2020-09-01,525.5153038893357,532.7830573562773,516.1976566572553,525.189208984375,28877884,HDFCBANK.NS
2020-09-02,523.698413163885,530.6400725458099,522.1144015732478,528.3805541992188,19761682,HDFCBANK.NS
2020-09-03,529.8247357769847,533.8778897281048,525.5153237691262,526.8663940429688,19833362,HDFCBANK.NS
2020-09-04,517.1293688966209,524.3039679112486,514.5204393105017,521.4620971679688,23661370,HDFCBANK.NS
2020-09-07,520.0645061846334,521.5553070027138,512.0047185314716,517.3623657226562,17615466,HDFCBANK.NS
2020-09-08,518.9929534005107,521.2292114954615,513.8682473974536,518.2708129882812,14624918,HDFCBANK.NS
2020-09-09,512.9365281967393,517.1294698441241,508.3941747454058,510.8400573730469,15728872,HDFCBANK.NS
2020-09-10,513.8682362382533,514.7301072186972,505.0164715161075,508.0680236816406,15188088,HDFCBANK.NS
2020-09-11,510.8166891924452,514.7301123776449,498.9600059176345,502.5240173339844,20794730,HDFCBANK.NS
2020-09-14,506.8800688979899,509.6753633955891,490.2713493840055,492.8802795410156,21650590,HDFCBANK.NS
2020-09-15,497.5623753639873,501.3593280856497,492.9501284879364,498.7270812988281,16505110,HDFCBANK.NS
2020-09-16,498.5873221720915,510.6071108508691,497.7254511054125,509.5122985839844,18710112,HDFCBANK.NS
2020-09-17,505.0165645452425,509.6753889414163,502.22126990753816,504.8302001953125,18318686,HDFCBANK.NS
2020-09-18,508.7435491390424,508.83670286508107,487.8719961697908,492.5774536132813,23481778,HDFCBANK.NS
2020-09-21,491.5059096430773,499.1230751625165,485.21649752916113,488.8504028320313,19842878,HDFCBANK.NS
2020-09-22,491.0633827284265,492.97348925759263,479.6259466815421,482.3746643066406,18620678,HDFCBANK.NS
2020-09-23,487.3130022104955,491.5059439121154,481.8854607448718,487.8953552246094,16079828,HDFCBANK.NS
2020-09-24,483.5859525908961,487.7788943763663,477.5294811229947,480.0452575683594,19809510,HDFCBANK.NS
2020-09-25,489.1765199858567,490.0849679176664,477.8322949202668,486.3812255859375,20321544,HDFCBANK.NS
2020-09-28,488.68726586795344,493.3694062104635,485.7522411997085,491.1331481933594,16152422,HDFCBANK.NS
2020-09-29,492.90355836868895,498.4475700684675,489.64238170651424,495.0233459472656,12644446,HDFCBANK.NS
2020-09-30,493.8353013861308,506.3675482387844,490.1082425077449,502.5007019042969,18813842,HDFCBANK.NS
2020-10-01,507.8582688740953,517.1293377446782,507.8582688740953,515.7083740234375,21203080,HDFCBANK.NS
2020-10-05,518.0612545741451,527.3789030377089,517.5953721509669,519.1560668945312,16940126,HDFCBANK.NS
2020-10-06,528.7998505709778,534.8330050135146,524.6767457589959,533.0160522460938,19371990,HDFCBANK.NS
2020-10-07,533.3887537552557,542.6830845842645,529.9877895979016,541.4718017578125,21248778,HDFCBANK.NS
2020-10-08,549.7412125869052,560.4565074085144,541.9842595267456,555.2386474609375,35060674,HDFCBANK.NS
2020-10-09,559.5247153902895,576.2964803811725,555.1687266903496,574.689208984375,44972388,HDFCBANK.NS
2020-10-12,573.7574576839783,578.9753174994802,561.6677760146721,565.4181518554688,19220546,HDFCBANK.NS
2020-10-13,565.3016450557711,569.5178461278751,556.7293985904237,558.336669921875,18353952,HDFCBANK.NS
2020-10-14,556.9857026863531,565.7209973196525,547.6447382103152,564.41650390625,22582918,HDFCBANK.NS
2020-10-15,565.6743613618266,566.9788547701016,542.2870887036962,544.7329711914062,28246896,HDFCBANK.NS
2020-10-16,549.7412294562637,560.6894658056045,546.4800526713536,558.7560424804688,25822848,HDFCBANK.NS
2020-10-19,575.3647468497838,575.3647468497838,555.6113223045031,560.7127685546875,42359556,HDFCBANK.NS
2020-10-20,562.5529931737565,571.8240642283002,561.8075927142334,570.2167358398438,27411978,HDFCBANK.NS
2020-10-21,573.3147964202468,582.8188075334824,569.1684322187897,580.8154907226562,35640752,HDFCBANK.NS
2020-10-22,577.670826193271,582.3529667944613,569.7741427117008,574.57275390625,21913060,HDFCBANK.NS
2020-10-23,579.324698078978,581.6307929468126,573.5943224668267,575.7374267578125,15866230,HDFCBANK.NS
2020-10-26,572.9421508966846,578.6258929585825,561.2018812651366,564.136962890625,19571976,HDFCBANK.NS
2020-10-27,571.1717996882658,575.8306235030151,558.0571992756649,574.4795532226562,24317780,HDFCBANK.NS
2020-10-28,572.1036200973192,573.9671498044765,559.7577357874014,563.5313720703125,16571186,HDFCBANK.NS
2020-10-29,559.3384167978385,561.1320527238242,549.0424267871138,553.0955810546875,23060024,HDFCBANK.NS
2020-10-30,550.9291982143144,558.732727611852,548.0406935091028,551.3950805664062,11522716,HDFCBANK.NS
2020-11-02,556.4265009266707,570.7058044697272,548.5763957249827,566.1634521484375,21926080,HDFCBANK.NS
2020-11-03,571.3814770866223,582.7024427562156,570.938911531275,581.39794921875,28164230,HDFCBANK.NS
2020-11-04,583.2847000195425,589.2480168254118,573.0352883578572,585.8004760742188,23404822,HDFCBANK.NS
2020-11-05,589.8071116827988,594.4659356297403,583.4478056211416,591.2979125976562,21433928,HDFCBANK.NS
2020-11-06,589.9235782237172,610.3059328513875,589.5741664300999,609.2111206054688,35705724,HDFCBANK.NS
2020-11-09,612.7285315325323,627.054415842243,612.7285315325323,624.5386962890625,26288440,HDFCBANK.NS
2020-11-10,632.2023772725429,649.9059073656576,629.6633410994561,649.2769775390625,41517356,HDFCBANK.NS
2020-11-11,652.1887866837259,659.1304458555891,638.491832675096,647.55322265625,36116194,HDFCBANK.NS
2020-11-12,641.7064672804189,646.9010677232948,633.6001016644528,639.0509033203125,27053948,HDFCBANK.NS
2020-11-13,637.6998395348973,637.6998395348973,627.5435806631576,633.041015625,22472480,HDFCBANK.NS
2020-11-14,637.2339485552204,640.564962109574,636.0226088586464,638.1190795898438,1835066,HDFCBANK.NS
2020-11-17,645.6198670074319,658.1054814824922,643.1972443513791,656.1720581054688,31059900,HDFCBANK.NS
2020-11-18,653.6330062555946,661.0871246448245,651.7927935264175,656.2885131835938,18862776,HDFCBANK.NS
2020-11-19,647.4367448510429,651.9790982252188,637.327119576682,640.2854614257812,20266882,HDFCBANK.NS
2020-11-20,639.4933780574123,656.148671000937,635.9526837987431,653.9357299804688,20405362,HDFCBANK.NS
2020-11-23,659.223555202943,663.253449087629,640.7513078120443,649.7195434570312,25246636,HDFCBANK.NS
2020-11-24,655.9623580026505,673.2000051944815,653.1903807294234,670.031982421875,40154400,HDFCBANK.NS
2020-11-25,676.1350892977126,682.2381368168991,650.8376544957778,653.539794921875,24152602,HDFCBANK.NS
2020-11-26,659.2235818294623,667.1435824592155,646.1788749098687,664.651123046875,27943126,HDFCBANK.NS
2020-11-27,667.0504608872737,673.6659683958317,659.4798716850385,671.2666625976562,17994580,HDFCBANK.NS
2020-12-01,671.2665842240124,675.0635368162108,664.1153014020073,667.7492065429688,17147574,HDFCBANK.NS
2020-12-02,666.6776377105354,667.0503663358236,649.8127195187099,655.47314453125,17892150,HDFCBANK.NS
2020-12-03,665.745888015464,667.1435350861752,640.1456752517646,641.6131591796875,37933222,HDFCBANK.NS
2020-12-04,643.3836245967808,652.910897375773,639.7963526965787,645.5266723632812,26912322,HDFCBANK.NS
2020-12-07,640.5883055172845,642.8944006689825,632.71488151539,639.30712890625,24316318,HDFCBANK.NS
2020-12-08,640.5882998585322,647.0174997252765,635.9993695936276,641.1939697265625,19457896,HDFCBANK.NS
2020-12-09,641.5200355541075,656.9174709203267,640.6115876636862,655.5896606445312,22069074,HDFCBANK.NS
2020-12-10,651.3036101050279,653.1671397476747,640.9377264678056,645.6431274414062,19727966,HDFCBANK.NS
2020-12-11,647.5997538169785,649.9058485960943,639.6564373637545,644.2221069335938,21356384,HDFCBANK.NS
2020-12-14,644.315310329391,646.6447221527077,637.3270748594409,639.260498046875,17222050,HDFCBANK.NS
2020-12-15,643.2903642870738,649.8825539680219,636.3952828375973,648.18212890625,21561436,HDFCBANK.NS
2020-12-16,654.0988865615698,660.062204002033,649.673003782129,657.2202758789062,16832092,HDFCBANK.NS
2020-12-17,660.9007233337297,673.2000293618969,654.3317932448334,671.709228515625,21924478,HDFCBANK.NS
2020-12-18,668.5412007096832,670.7308250997335,655.1703994436521,657.5230712890625,22995918,HDFCBANK.NS
2020-12-21,660.3882828998674,663.3466246802224,636.7214349162095,639.4934692382812,23761824,HDFCBANK.NS
2020-12-22,645.1539833124564,645.1539833124564,626.611840669391,639.703125,22851558,HDFCBANK.NS
2020-12-23,637.0940998018958,643.3601945252781,634.0891814577556,640.8910522460938,15467394,HDFCBANK.NS
2020-12-24,647.2970056798262,654.0988772169751,641.5200526551101,650.88427734375,14952188,HDFCBANK.NS
2020-12-28,654.5646977419433,662.0188152963,654.098815394796,658.2218627929688,11699194,HDFCBANK.NS
2020-12-29,662.0420957813117,668.4246608383336,661.552896595528,664.9072265625,14495346,HDFCBANK.NS
2020-12-30,670.824066950373,670.824066950373,658.2918192439054,667.3765258789062,16216726,HDFCBANK.NS
2020-12-31,668.5411807750526,672.7341219785199,663.9056740816035,669.1468505859375,22145750,HDFCBANK.NS
2021-01-01,670.8706811112891,672.2683283636043,661.8325508389017,663.90576171875,8810938,HDFCBANK.NS
2021-01-04,669.9388655323093,669.9388655323093,651.7694526284428,659.689453125,15740192,HDFCBANK.NS
2021-01-05,661.1802595459679,666.5612238531063,656.4282819563354,664.6743774414062,14386824,HDFCBANK.NS
2021-01-06,668.54124305908,670.8706550558015,658.3384071393576,661.8092651367188,22134050,HDFCBANK.NS
2021-01-07,667.3764967350231,667.4230735980611,658.0821661778708,659.805908203125,19894842,HDFCBANK.NS
2021-01-08,667.1435161962187,671.8023396333432,662.9971519630973,666.98046875,13768764,HDFCBANK.NS
2021-01-11,675.5294493534971,682.4711081726593,669.1468835112166,676.2049560546875,17331392,HDFCBANK.NS
2021-01-12,676.6708371189097,693.0931909419772,675.1101425268274,689.9718017578125,20388156,HDFCBANK.NS
2021-01-13,695.5157848270568,697.3793142622579,681.1665854278453,685.14990234375,16934650,HDFCBANK.NS
2021-01-14,685.3828996345541,693.2330066489362,678.3247699468085,684.2647705078125,12297166,HDFCBANK.NS
2021-01-15,684.4277659907799,685.6157887609149,673.2000124513131,683.286376953125,14165236,HDFCBANK.NS
2021-01-18,684.8006307012932,700.1514348167442,683.44956021023,690.9502563476562,42825632,HDFCBANK.NS
2021-01-19,695.0033996358874,704.2511540690322,683.4494931587943,700.6172485351562,17360254,HDFCBANK.NS
2021-01-20,699.2894379153008,699.2894379153008,692.3012023598515,695.0964965820312,13346052,HDFCBANK.NS
2021-01-21,695.0965284124685,696.1913406588754,683.9852447445681,687.0833740234375,26333054,HDFCBANK.NS
2021-01-22,683.868822839449,683.868822839449,670.9405855493311,672.5245971679688,15392364,HDFCBANK.NS
2021-01-25,682.5642876380651,689.9718291154118,677.9287805417332,681.5160522460938,20344718,HDFCBANK.NS
2021-01-27,683.9153684499677,685.7323211979973,655.1005531628573,656.7078247070312,23556276,HDFCBANK.NS
2021-01-28,647.5299515080465,652.8410221795793,625.2141734367799,638.9343872070312,42704446,HDFCBANK.NS
2021-01-29,648.2054368904044,656.3118016621228,635.6965063836496,647.8094482421875,28704502,HDFCBANK.NS
2021-02-01,657.010642270459,690.6706450387913,652.7012301513299,687.9918212890625,26370544,HDFCBANK.NS
2021-02-02,699.2894572101152,735.3953419095049,697.6122920046123,727.0327758789062,42420206,HDFCBANK.NS
2021-02-03,735.6281918075847,736.8860513380059,718.3905457677616,733.6715087890625,20237254,HDFCBANK.NS
2021-02-04,729.5718178288212,739.8212303398263,719.0661472568776,735.6748657226562,24484684,HDFCBANK.NS
2021-02-05,721.1858275264739,753.914060332504,721.1858275264739,744.2935791015625,27054716,HDFCBANK.NS
2021-02-08,754.7294924916777,760.157033858061,743.4085273561383,747.8577270507812,17447580,HDFCBANK.NS
2021-02-09,750.070563132016,758.4564452042994,739.2154819236215,750.9324340820312,18421366,HDFCBANK.NS
2021-02-10,749.3019453067199,752.3301809012268,730.0377194757463,736.9094848632812,19788006,HDFCBANK.NS
2021-02-11,737.0259277239086,744.3868921016784,728.7331985828974,732.5301513671875,13648618,HDFCBANK.NS
2021-02-12,733.2523661170039,741.9177679192464,732.8330605569699,737.002685546875,9910106,HDFCBANK.NS
2021-02-15,745.458327068169,757.0588088048595,743.8743157248965,753.1453857421875,10355244,HDFCBANK.NS
2021-02-16,755.2884217902385,764.5129148084836,749.3484219951087,757.8275146484375,13897358,HDFCBANK.NS
2021-02-17,754.7294971118617,755.5681081901504,737.4918481037513,739.1224365234375,12794426,HDFCBANK.NS
2021-02-18,748.1838130338533,748.1838130338533,721.185950864325,724.1210327148438,14720560,HDFCBANK.NS
2021-02-19,719.7883294323337,728.7332490305126,714.1977404658691,717.0396118164062,17139508,HDFCBANK.NS
2021-02-22,719.8115828343564,733.2522779153973,717.2025960503815,721.1859130859375,29451838,HDFCBANK.NS
2021-02-23,723.8647479080247,725.7049605608184,709.375817264446,712.404052734375,18239906,HDFCBANK.NS
2021-02-24,711.1694734468092,751.9108659969904,706.3941789149849,748.416748046875,14314332,HDFCBANK.NS
2021-02-25,749.9540659827873,762.2999474852217,746.3434779962262,748.3933715820312,20109570,HDFCBANK.NS
2021-02-26,739.3786956512046,740.2405667287595,708.6071399675651,714.8499755859375,27912846,HDFCBANK.NS
2021-03-01,728.640026799245,732.6233438115595,717.7849448283059,726.2640380859375,13536018,HDFCBANK.NS
2021-03-02,734.0907973180748,739.5882318050076,722.5835260028767,730.5966796875,16110038,HDFCBANK.NS
2021-03-03,737.9576470588236,743.5482352941176,729.1058823529412,739.285400390625,11222410,HDFCBANK.NS
2021-03-04,721.44210471644,731.9011402745581,717.0394825766341,723.0726928710938,16291438,HDFCBANK.NS
2021-03-05,713.2659922880285,720.0678643152556,708.6537449089482,712.8001098632812,17445822,HDFCBANK.NS
2021-03-08,718.3906175287667,724.4470883639638,704.6470875565886,707.9082641601562,15117050,HDFCBANK.NS
2021-03-09,719.7882814453125,729.432024021368,716.6435753613281,727.9412231445312,15066696,HDFCBANK.NS
2021-03-10,732.3671590960449,733.7648063462282,723.1194044980812,724.7965698242188,11055016,HDFCBANK.NS
2021-03-12,745.4117937253521,745.4117937253521,715.1527564719762,723.026123046875,15631204,HDFCBANK.NS
2021-03-15,721.3723818075861,721.3723818075861,705.9516844104544,712.1712036132812,12230386,HDFCBANK.NS
2021-03-16,713.219364666622,717.645247386773,703.482411308208,704.4840698242188,13722366,HDFCBANK.NS
2021-03-17,710.1212391245092,716.9930044366868,694.2579208590815,696.6572265625,21064428,HDFCBANK.NS
2021-03-18,704.2977363182185,709.096347909828,690.041745885562,694.6306762695312,18065540,HDFCBANK.NS
2021-03-19,691.8353446743922,704.0414404652653,686.7339552850576,697.6588745117188,21235020,HDFCBANK.NS
2021-03-22,696.4476442453492,696.4476442453492,680.374700681192,684.451171875,14015632,HDFCBANK.NS
2021-03-23,684.8470681114331,702.2943397175386,684.4277626140187,698.8934326171875,19761428,HDFCBANK.NS
2021-03-24,694.584126479912,701.8285641464461,685.3130547459084,688.9469604492188,16368900,HDFCBANK.NS
2021-03-25,694.257892802887,696.7504090066333,675.645914661059,681.7489624023438,23964356,HDFCBANK.NS
2021-03-26,696.0283676564842,698.3577798641699,686.7107188257414,694.7705078125,12021258,HDFCBANK.NS
2021-03-30,701.9216988192317,727.9645352211458,699.5457100566057,723.8414306640625,25607644,HDFCBANK.NS
2021-03-31,721.1858673203236,721.1858673203236,693.2329267265126,695.8651733398438,30774506,HDFCBANK.NS
2021-04-01,698.5439967458411,698.5439967458411,682.5176327661925,692.6505737304688,35763762,HDFCBANK.NS
2021-04-05,689.5059141703206,691.8353260425176,666.6776778227897,675.3430786132812,16006586,HDFCBANK.NS
2021-04-06,680.1882989132204,681.4228986380695,667.4464267425923,670.9871215820312,15075734,HDFCBANK.NS
2021-04-07,670.5445501820166,678.6508583140842,662.2751377162687,674.2249755859375,25088180,HDFCBANK.NS
2021-04-08,676.9270358129135,680.6075176501199,666.444683228061,667.5162353515625,17613592,HDFCBANK.NS
2021-04-09,664.3483475023903,667.5163707856304,659.2702176235557,662.3683471679688,28157816,HDFCBANK.NS
2021-04-12,648.9740841356015,651.7693781089064,630.3387909802361,636.8844604492188,22549128,HDFCBANK.NS
2021-04-13,637.3270332899308,655.2401862946923,634.0658569499969,652.3983154296875,18600682,HDFCBANK.NS
2021-04-15,654.5647857401797,669.3332353820249,648.0424320032669,666.2584228515625,34444984,HDFCBANK.NS
2021-04-16,668.5178493633546,673.1999896868467,663.1835192520597,665.5828247070312,15606526,HDFCBANK.NS
2021-04-19,647.5764916470772,660.481410495047,639.3303964800215,658.0122680664062,24069242,HDFCBANK.NS
2021-04-20,663.8824589859461,664.5347057583308,644.7579625947119,648.2288208007812,23186270,HDFCBANK.NS
2021-04-22,642.9177104500769,664.7210294656783,638.748085728293,662.7177124023438,38485312,HDFCBANK.NS
2021-04-23,656.4282700647758,668.3548475577336,652.3284823935682,658.8275756835938,22713528,HDFCBANK.NS
2021-04-26,658.2917701949979,665.7458879042123,653.5164760375324,654.4715576171875,30170952,HDFCBANK.NS
2021-04-27,655.6130352932292,671.8024493820121,654.4716461128326,670.2650146484375,20592906,HDFCBANK.NS
2021-04-28,669.1235830445929,689.04005522921,666.6777004956049,688.01513671875,24103940,HDFCBANK.NS
2021-04-29,692.3943454125842,700.5240267723495,680.6541326085659,686.0117797851562,24078552,HDFCBANK.NS
2021-04-30,673.2000290935819,677.299816724806,655.729440103264,657.9656982421875,35232902,HDFCBANK.NS
2021-05-03,648.9741913343149,662.4382042371565,641.6598603108004,658.9673461914062,22473700,HDFCBANK.NS
2021-05-04,656.8707864882977,662.9505738100507,644.4550675488944,646.8077392578125,21486328,HDFCBANK.NS
2021-05-05,652.7011938278339,656.7077707955938,643.7096414287955,653.4465942382812,14421612,HDFCBANK.NS
2021-05-06,655.776052406065,657.2669102027188,649.9059455621662,652.6546630859375,11477044,HDFCBANK.NS
2021-05-07,658.2685056421251,663.8590943683245,657.010645926894,659.1071166992188,12048334,HDFCBANK.NS
2021-05-10,664.814102347514,666.2117493741731,658.1985958361555,661.4830322265625,11060050,HDFCBANK.NS
2021-05-11,650.3718472671749,663.5097085397368,649.9292817238612,653.8892822265625,14519034,HDFCBANK.NS
2021-05-12,652.1187899181697,656.2418371551098,647.0406611587648,652.0023193359375,13774926,HDFCBANK.NS
2021-05-14,649.6030654980458,651.7228530109861,644.0124771074226,646.1089477539062,10604142,HDFCBANK.NS
2021-05-17,649.975836873246,672.0819338397616,643.5233770555826,670.9871215820312,15120692,HDFCBANK.NS
2021-05-18,679.6991536987855,690.787178365754,677.8589408343768,687.9685668945312,22165280,HDFCBANK.NS
2021-05-19,684.9401974873838,688.9700911258076,676.7174196350752,679.349609375,10130916,HDFCBANK.NS
2021-05-20,679.4194949423423,682.9369293356426,665.5129185538519,667.5162353515625,10684184,HDFCBANK.NS
2021-05-21,672.2682979911269,699.7087825125944,672.2682979911269,697.5657348632812,19341646,HDFCBANK.NS
2021-05-24,700.3377171165229,708.3508716405386,698.1247757186825,703.4591064453125,22146102,HDFCBANK.NS
2021-05-25,703.7153978174179,705.2295156875977,685.0801009536664,689.0167846679688,19236974,HDFCBANK.NS
2021-05-26,689.5059220690523,692.767098727487,684.8470982712885,688.131591796875,12283990,HDFCBANK.NS
2021-05-27,686.2913399610924,693.6988813645199,681.3296811145242,690.7405395507812,20439496,HDFCBANK.NS
2021-05-28,694.58399684792,704.8799852585144,688.9235150039842,700.4307861328125,17750020,HDFCBANK.NS
2021-05-31,698.8236000406835,707.9083068412123,693.0000700403444,706.2078247070312,15661054,HDFCBANK.NS
2021-06-01,708.2809868888664,711.4023760066137,702.2011992377004,704.2743530273438,11030162,HDFCBANK.NS
2021-06-02,703.4824282057742,703.575581938167,695.5624273584244,700.6871337890625,10624016,HDFCBANK.NS
2021-06-03,702.5506144418275,710.4472978705807,693.1164964428573,708.3974609375,10287260,HDFCBANK.NS
2021-06-04,706.2776656254966,708.4440299977035,698.4508191421704,699.26611328125,9424476,HDFCBANK.NS
2021-06-07,703.4823795446339,705.3459090268713,696.9600263568028,698.753662109375,8091668,HDFCBANK.NS
2021-06-08,697.2162919534222,699.4292332375256,690.2047394524685,690.9268798828125,9872540,HDFCBANK.NS
2021-06-09,691.3229172494055,699.7553774679799,685.8022220835438,689.645751953125,10223442,HDFCBANK.NS
2021-06-10,690.484259561094,693.6988593363984,686.5475762237011,689.9951171875,11483540,HDFCBANK.NS
2021-06-11,694.6305977433478,697.2162675857256,689.9950910162944,692.4642333984375,7205974,HDFCBANK.NS
2021-06-14,688.6905977060071,692.3011859909532,681.3762674124074,689.2496337890625,8881964,HDFCBANK.NS
2021-06-15,692.3011889292118,696.9600125424635,687.083329230532,694.2811889648438,7569602,HDFCBANK.NS
2021-06-16,693.2329983210603,696.0282926691292,688.6207512726651,691.6489868164062,7702098,HDFCBANK.NS
2021-06-17,682.983513471905,688.923513333274,680.1882194194961,683.0300903320312,9283802,HDFCBANK.NS
2021-06-18,684.6142300257322,694.1648198287452,677.8589347992109,689.412841796875,11938060,HDFCBANK.NS
2021-06-21,680.8172102081012,695.0033629173906,679.722397980227,693.55908203125,7260472,HDFCBANK.NS
2021-06-22,697.4259308909948,702.5506371300067,689.5059303397944,691.2763061523438,14366824,HDFCBANK.NS
2021-06-23,694.1647691190624,697.7986745512052,688.8536984376266,692.0682983398438,7844868,HDFCBANK.NS
2021-06-24,694.1647627074689,705.089682030104,693.2329979253112,701.7353515625,14785024,HDFCBANK.NS
2021-06-25,703.9948080015744,709.0729369927518,702.0847017398665,705.8583374023438,10383176,HDFCBANK.NS
2021-06-28,708.1412867482551,709.5389340247319,701.153050365871,702.7137451171875,9356786,HDFCBANK.NS
2021-06-29,705.1233878844295,705.6848435152247,698.1751031497531,702.8073120117188,10971692,HDFCBANK.NS
2021-06-30,700.912318001838,706.0592041820919,699.0875014782571,700.8655395507812,9679022,HDFCBANK.NS
2021-07-01,702.7838314781875,702.7838314781875,693.8937563795953,695.6483764648438,16911442,HDFCBANK.NS
2021-07-02,694.8295686879264,696.8181381606023,691.0863790923012,692.67724609375,14827036,HDFCBANK.NS
2021-07-05,697.1457340681139,703.9536838673887,694.6191264593356,699.7191772460938,7373882,HDFCBANK.NS
2021-07-06,700.4443484394454,720.5639923825959,699.9764497430932,718.0841064453125,17669032,HDFCBANK.NS
2021-07-07,717.7566959868007,723.0673354757794,714.8089109597926,720.3301391601562,9629190,HDFCBANK.NS
2021-07-08,713.5455269010719,719.4878176227463,708.1412739982538,711.4165649414062,8420922,HDFCBANK.NS
2021-07-09,707.7202288337677,709.3344565644245,700.6783302804919,702.7838745117188,10695842,HDFCBANK.NS
2021-07-12,702.7838615001891,702.7838615001891,694.3616847312122,695.765380859375,14458978,HDFCBANK.NS
2021-07-13,700.0232664310304,704.7022536501623,694.408481768072,702.7136840820312,18178142,HDFCBANK.NS
2021-07-14,700.6783341056623,705.2871250803108,697.683770870483,701.4503784179688,9788494,HDFCBANK.NS
2021-07-15,704.187582188956,714.3643794730821,701.6843354297325,711.5335693359375,10438802,HDFCBANK.NS
2021-07-16,714.9258244288939,715.8616218663434,710.6445968457965,712.3056030273438,5170628,HDFCBANK.NS
2021-07-19,695.7653092436852,696.6309103436469,685.9394373579304,688.2789306640625,25111600,HDFCBANK.NS
2021-07-20,674.7099519255372,680.3247365462768,671.9727558462353,675.248046875,24174250,HDFCBANK.NS
2021-07-22,681.3073105627461,687.1092660782373,676.113646226117,677.8448486328125,13207114,HDFCBANK.NS
2021-07-23,679.1550270970288,681.9390017779525,671.5750902888267,675.0609130859375,13126684,HDFCBANK.NS
2021-07-26,669.0952199460952,675.6458025189941,668.2062008878924,671.2241821289062,13167166,HDFCBANK.NS
2021-07-27,671.9494455789429,678.4064717725668,671.9494455789429,673.6572875976562,22401430,HDFCBANK.NS
2021-07-28,671.4580955262957,673.1658801980516,656.9298171089981,663.1528930664062,20670342,HDFCBANK.NS
2021-07-29,668.2763996793336,669.0718047196076,661.2813361088645,663.597412109375,13702230,HDFCBANK.NS
2021-07-30,663.9482595406024,669.9139680037051,658.7779560259637,667.43408203125,11655488,HDFCBANK.NS
2021-08-02,671.4346657200673,671.4346657200673,662.6615646871396,665.6561279296875,13258786,HDFCBANK.NS
2021-08-03,659.7372352838776,673.7274192851925,659.7372352838776,671.2943115234375,12033120,HDFCBANK.NS
2021-08-04,674.2420380634766,689.9166447776518,673.7741393555907,685.6119995117188,22053948,HDFCBANK.NS
2021-08-05,686.454136871017,705.1467232671466,681.9155425555743,694.7593383789062,18822408,HDFCBANK.NS
2021-08-06,694.151129892624,701.8480405574549,689.6826745211256,698.4089965820312,13339270,HDFCBANK.NS
2021-08-09,698.1049062784269,705.2871403721247,690.6185265864331,703.6729125976562,10998048,HDFCBANK.NS
2021-08-10,696.7011680096034,711.089053111212,696.7011680096034,705.427490234375,14838346,HDFCBANK.NS
2021-08-11,708.8197821888172,710.6679592857763,697.660409142684,699.4851684570312,12585786,HDFCBANK.NS
2021-08-12,700.4443471096191,705.4040618582296,696.8415500011622,702.5031127929688,8597674,HDFCBANK.NS
2021-08-13,702.4095267761425,716.3529313032537,702.3159698799373,714.1069946289062,16658428,HDFCBANK.NS
2021-08-16,714.0836450209575,718.2245372816506,711.8844867606579,716.165771484375,6252778,HDFCBANK.NS
2021-08-17,709.8958661728431,713.0776000960025,704.3279174821225,708.7027587890625,8282666,HDFCBANK.NS
2021-08-18,728.3778752099084,732.4252103424661,705.7549847439424,707.9307250976562,22985932,HDFCBANK.NS
2021-08-20,695.3209624684945,711.1125453306043,695.3209624684945,708.7496337890625,13150406,HDFCBANK.NS
2021-08-23,715.8148055456828,717.3588940823976,705.8953760801488,713.3583374023438,10843054,HDFCBANK.NS
2021-08-24,715.8850444307441,732.0275503345746,714.6918798434089,729.3839111328125,18381314,HDFCBANK.NS
2021-08-25,726.2255583877181,732.1679061275219,724.3071851475217,728.7054443359375,7727974,HDFCBANK.NS
2021-08-26,725.2430159343049,735.0688890534149,722.1782564719654,727.4889526367188,11119002,HDFCBANK.NS
2021-08-27,726.1788245585184,729.2903625174678,723.0205081501615,724.5177612304688,6382138,HDFCBANK.NS
2021-08-30,727.8632353130765,734.6009882849862,725.9916404384651,733.7821655273438,9049166,HDFCBANK.NS
2021-08-31,731.5596599538288,740.8474382651433,730.9513687618706,739.93505859375,12062576,HDFCBANK.NS
2021-09-01,736.9405133137502,747.702184301824,736.7065639444443,738.85888671875,12422558,HDFCBANK.NS
2021-09-02,736.5194467650346,744.8948462205987,735.1859466860024,743.4911499023438,9618524,HDFCBANK.NS
2021-09-03,742.1341103203025,747.7021162261457,733.8055478012244,737.4317626953125,10735334,HDFCBANK.NS
2021-09-06,739.2565458922177,739.724444603404,730.8343690908638,732.5889892578125,7876896,HDFCBANK.NS
2021-09-07,731.0917446980607,740.2157696718924,727.6760612202143,734.2500610351562,7245496,HDFCBANK.NS
2021-09-08,735.5134582662054,739.5140156486024,732.5423124611898,737.5956420898438,6724080,HDFCBANK.NS
2021-09-09,736.4725261247671,739.0225510973258,730.3898432533427,733.9458618164062,8250948,HDFCBANK.NS
2021-09-13,730.8578287988149,741.1516010354179,726.950885759595,727.8399047851562,8959164,HDFCBANK.NS
2021-09-14,729.9219311285555,732.027475160657,723.6520774763231,724.5645141601562,9758506,HDFCBANK.NS
2021-09-15,718.2244394969895,727.4888557651284,718.2244394969895,723.7456665039062,14822998,HDFCBANK.NS
2021-09-16,719.5112913673174,731.9340258288291,718.8328610372279,729.8986206054688,10260550,HDFCBANK.NS
2021-09-17,734.133070294954,743.4910444223593,729.5476401259087,740.2859497070312,20498102,HDFCBANK.NS
2021-09-20,731.7935977510607,740.0753822447209,728.9862054323227,729.851806640625,8781610,HDFCBANK.NS
2021-09-21,730.857800489461,733.9693384001288,715.3937249500291,726.1553955078125,14774996,HDFCBANK.NS
2021-09-22,724.7750838701154,725.3131787966195,715.8850085999203,717.6162109375,10582202,HDFCBANK.NS
2021-09-23,721.4999085638933,735.5368717655255,721.4999085638933,734.60107421875,13664304,HDFCBANK.NS
2021-09-24,738.812081199107,752.3577263390091,736.940486313232,749.3632202148438,20806702,HDFCBANK.NS
2021-09-27,755.9839427357285,765.248360283423,752.3811454208159,760.3822021484375,16415462,HDFCBANK.NS
2021-09-28,763.6106695972712,763.6106695972712,740.2157348669626,755.6798095703125,12773790,HDFCBANK.NS
2021-09-29,747.2342683926307,751.7260847567792,741.6896798907969,745.7603759765625,16263036,HDFCBANK.NS
2021-09-30,742.0873538076034,751.6090811295566,740.7304361257566,746.2750244140625,15975348,HDFCBANK.NS
2021-10-01,740.6836053402736,743.4909974009443,732.3784038274563,740.543212890625,11128596,HDFCBANK.NS
2021-10-04,743.4910687947713,749.2696065845623,740.9644042742369,741.9703979492188,7051028,HDFCBANK.NS
2021-10-05,744.8946835659208,747.4681262541196,737.5252795042604,746.5089111328125,10257178,HDFCBANK.NS
2021-10-06,746.7663826422353,761.2010472242603,742.5552940183129,755.6096801757812,18600830,HDFCBANK.NS
2021-10-07,761.084061436561,761.5987386153337,751.9132577682348,753.5509033203125,11265724,HDFCBANK.NS
2021-10-08,754.2527714983781,758.9317589146212,748.7081828334393,749.8779296875,7245562,HDFCBANK.NS
2021-10-11,748.5912238329689,769.6934460990624,748.1701035333743,764.4530029296875,13080848,HDFCBANK.NS
2021-10-12,760.3354092752614,768.079155828651,760.3354092752614,762.4877319335938,8176946,HDFCBANK.NS
2021-10-13,765.9502127890877,771.0970987638464,762.6749217142412,767.0731811523438,6225644,HDFCBANK.NS
2021-10-14,766.4180801076105,790.7488128094394,766.4180801076105,789.5322875976562,14757288,HDFCBANK.NS
2021-10-18,797.7673126363635,807.125286978139,780.0105791694615,781.53125,28856456,HDFCBANK.NS
2021-10-19,783.9408452246269,791.8951230348935,781.8587188797318,790.1405029296875,8987540,HDFCBANK.NS
2021-10-20,790.327716219395,794.8429502889365,778.7940013526002,783.1922607421875,10908568,HDFCBANK.NS
2021-10-21,782.2331397429754,786.9822662811649,777.109614248012,784.3386840820312,9738190,HDFCBANK.NS
2021-10-22,786.1166917863752,799.1710785561227,781.7418498229754,786.4208374023438,12175554,HDFCBANK.NS
2021-10-25,790.7488240142435,790.7488240142435,755.0949649733542,775.3081665039062,16426766,HDFCBANK.NS
2021-10-26,772.0329195806469,783.1922930858217,770.3250777594776,773.3196411132812,12090656,HDFCBANK.NS
2021-10-27,773.3196934581074,779.0748711857041,766.090680295695,768.6641235351562,13249642,HDFCBANK.NS
2021-10-28,772.0329334003637,772.0329334003637,742.6255085423319,745.6434326171875,17797750,HDFCBANK.NS
2021-10-29,743.9589515672715,749.5737361074018,729.9219902169456,740.6134643554688,12406874,HDFCBANK.NS
2021-11-01,741.6194314974399,753.7847975661676,740.9410012363768,751.1177978515625,8122320,HDFCBANK.NS
2021-11-02,751.4454016168362,758.931781707664,748.6614268671785,751.7963256835938,13237722,HDFCBANK.NS
2021-11-03,751.0242516160887,753.2701884011461,737.197878202498,739.9584350585938,10207338,HDFCBANK.NS
2021-11-04,746.2985064756734,747.6320064902674,744.0057911766709,745.8071899414062,1096808,HDFCBANK.NS
2021-11-08,744.9415577689133,750.8370703527786,734.8115388253409,748.7549438476562,18943580,HDFCBANK.NS
2021-11-09,746.1113342173927,746.1113342173927,734.1565554425947,735.65380859375,12695476,HDFCBANK.NS
2021-11-10,733.6652329307989,734.1331316762905,725.2430555119505,727.6995239257812,13714126,HDFCBANK.NS
2021-11-11,725.2664546194623,727.5357520533504,718.5052836512886,724.4476318359375,7999404,HDFCBANK.NS
2021-11-12,725.2429714067782,729.4774774090271,722.9268957318046,726.6466674804688,14914092,HDFCBANK.NS
2021-11-15,730.9045511883169,735.4665635341739,727.3017540284615,728.63525390625,9533594,HDFCBANK.NS
2021-11-16,727.582480851994,728.6118351487053,721.3126268284178,724.3071899414062,8245406,HDFCBANK.NS
2021-11-17,719.1135702464771,722.4356398093381,715.1832094874179,716.2593994140625,7598878,HDFCBANK.NS
2021-11-18,714.0369490025669,722.2017597861827,713.6626071356496,720.2833862304688,9152874,HDFCBANK.NS
2021-11-22,723.3713798098189,726.5062782081744,701.403559006971,709.0302734375,15261272,HDFCBANK.NS
2021-11-23,702.7839115916332,714.8557220008774,700.1402722718575,709.1239624023438,11235214,HDFCBANK.NS
2021-11-24,713.0776145384648,718.8561520256227,708.4220453479039,710.2936401367188,30802286,HDFCBANK.NS
2021-11-25,708.7729654824068,717.4290913331872,705.123332817624,713.989990234375,10251652,HDFCBANK.NS
2021-11-26,701.8480801025066,704.9829786803473,694.8295993014816,697.122314453125,18624936,HDFCBANK.NS
2021-11-29,699.4149378263186,705.4274241669192,684.0678389753331,702.432861328125,12990996,HDFCBANK.NS
2021-11-30,699.5086305355009,715.4171880192514,695.554908948658,698.8302001953125,25221542,HDFCBANK.NS
2021-12-01,699.5085091034117,705.1467109030004,696.7478955371545,704.0237426757812,8677634,HDFCBANK.NS
2021-12-02,703.9535762181189,715.3235371851069,701.8480321217536,713.8964233398438,11203110,HDFCBANK.NS
2021-12-03,713.9198695084689,718.6689956881011,705.146768758102,708.1881103515625,8124694,HDFCBANK.NS
2021-12-06,707.9308053003743,710.6446408837688,700.6081784752469,703.6261596679688,7029532,HDFCBANK.NS
2021-12-07,708.3752975369557,716.820892914321,706.4803418484618,713.8731079101562,12427534,HDFCBANK.NS
2021-12-08,718.6924370302457,727.6059305314374,717.7566395861959,727.0210571289062,15295534,HDFCBANK.NS
2021-12-09,722.9970627041388,727.4421004421224,712.1418354958904,714.4111328125,11747744,HDFCBANK.NS
2021-12-10,713.4987815442046,714.9492561772763,705.8018132009037,712.3992309570312,7779384,HDFCBANK.NS
2021-12-13,714.0133470755834,719.4643778261712,705.2168295205678,707.0650634765625,10322142,HDFCBANK.NS
2021-12-14,703.0178635846237,709.3344966351345,700.4678382738138,702.9944458007812,9191100,HDFCBANK.NS
2021-12-15,703.2517185058593,712.7734452539385,699.8126746191084,701.8480224609375,10115148,HDFCBANK.NS
2021-12-16,707.8372458051468,709.8023976917555,699.0407265336075,701.8948974609375,13210432,HDFCBANK.NS
2021-12-17,700.4443094875326,704.6553975205238,686.7348556001799,689.2381591796875,14994768,HDFCBANK.NS
2021-12-20,679.3889963331386,682.1963888799697,661.6556219890123,667.0598754882812,21156668,HDFCBANK.NS
2021-12-21,673.5402041456153,678.8040647198691,669.0951663273568,674.6163940429688,9118750,HDFCBANK.NS
2021-12-22,679.5294023303934,681.2606049221063,671.7622371030151,676.207275390625,8577484,HDFCBANK.NS
2021-12-23,679.9738508560433,682.1028129914248,672.3003000182912,675.6925659179688,9779166,HDFCBANK.NS
2021-12-24,676.347641805039,679.3889836741034,668.1594136960191,673.259521484375,5561024,HDFCBANK.NS
2021-12-27,668.5805809358214,680.324828939178,665.4222641577338,678.8275756835938,4705098,HDFCBANK.NS
2021-12-28,683.459695192528,686.3607017715158,680.0440685179192,683.5065307617188,5450678,HDFCBANK.NS
2021-12-29,681.2839891435909,683.6000650800983,677.2366535841128,680.2545776367188,7668702,HDFCBANK.NS
2021-12-30,682.4302882045415,686.3372311223421,676.1136554374787,683.833984375,7215918,HDFCBANK.NS
2021-12-31,683.8340127004611,694.7360762558859,683.8340127004611,692.2094116210938,6325736,HDFCBANK.NS
2022-01-03,694.8295953810808,712.6097466433577,692.7240511526534,711.0422973632812,9069184,HDFCBANK.NS
2022-01-04,711.2061078358669,717.242013200678,705.4977658695926,715.2066650390625,8857352,HDFCBANK.NS
2022-01-05,719.066759647386,735.5367713761124,714.9960066045779,732.1912841796875,14332638,HDFCBANK.NS
2022-01-06,721.96769225549,727.4655019664439,715.9084269525865,720.447021484375,9628930,HDFCBANK.NS
2022-01-07,722.4356068198455,733.0803024514203,718.6456386996041,725.5003662109375,11179384,HDFCBANK.NS
2022-01-10,728.986258037447,735.5368405872058,723.1375236180195,729.5243530273438,8856496,HDFCBANK.NS
2022-01-11,730.6472691784858,733.992699333782,724.2136617774655,732.6826171875,8389198,HDFCBANK.NS
2022-01-12,733.6651922663265,737.7125276138084,726.1788127534048,728.3545532226562,21085530,HDFCBANK.NS
2022-01-13,727.5825458546584,727.5825458546584,711.3932607592723,714.9492797851562,41963896,HDFCBANK.NS
2022-01-14,715.8850170593487,724.634699976791,710.7381313157847,722.9736938476562,11208968,HDFCBANK.NS
2022-01-17,715.8849756677723,728.0503412673554,710.8082864466385,711.9078369140625,22989372,HDFCBANK.NS
2022-01-18,717.2886776701968,725.6640754798688,712.609690862172,715.5340576171875,12341152,HDFCBANK.NS
2022-01-19,717.7566217187649,720.4470393034343,708.0945019261654,710.4807739257812,14317626,HDFCBANK.NS
2022-01-20,715.1597499962256,715.183167778,701.894833184986,706.0591430664062,15197846,HDFCBANK.NS
2022-01-21,701.8481105455162,715.791515854972,695.1103572609701,711.9547119140625,11537694,HDFCBANK.NS
2022-01-24,706.503691119895,711.7909698146024,686.664829914109,695.6016845703125,11868508,HDFCBANK.NS
2022-01-25,682.500420232304,699.5085258077329,675.6456931547601,696.2566528320312,13594248,HDFCBANK.NS
2022-01-27,678.4531469966787,694.8296022690124,671.4346661656787,690.127197265625,28617838,HDFCBANK.NS
2022-01-28,691.3203274537698,695.6249726359689,683.1321002250448,684.6527709960938,24925208,HDFCBANK.NS
2022-01-31,689.0978994263672,697.8944189691098,686.3139246484154,695.1571655273438,12842546,HDFCBANK.NS
2022-02-01,705.8252323535418,709.8023715481092,689.4253590634428,700.4443969726562,14739484,HDFCBANK.NS
2022-02-02,707.439422122886,718.2245100884196,704.468276778076,716.4464721679688,13969290,HDFCBANK.NS
2022-02-03,715.3001273507508,720.5405698688631,706.0591281584843,709.0302734375,10564762,HDFCBANK.NS
2022-02-04,715.1364024737923,717.2185288944974,708.4454280490403,713.07763671875,11579958,HDFCBANK.NS
2022-02-07,707.5096837189468,710.7381964956596,683.1321704303245,686.945556640625,12268042,HDFCBANK.NS
2022-02-08,690.8056910143061,691.7648491334083,675.9031280031979,683.9977416992188,13981130,HDFCBANK.NS
2022-02-09,689.6826995080589,701.7076735253208,686.4074085334615,700.72509765625,11308342,HDFCBANK.NS
2022-02-10,708.398621088093,718.4584429859755,702.6200836537802,713.59228515625,14314530,HDFCBANK.NS
2022-02-11,701.9651241551181,713.5456186212665,701.6142000803864,710.6680297851562,10711104,HDFCBANK.NS
2022-02-14,697.1691925069682,701.5908131967175,687.483710464398,689.5424194335938,14656620,HDFCBANK.NS
2022-02-15,690.6185075252026,713.4987662506672,689.238229154205,710.1766967773438,13135066,HDFCBANK.NS
2022-02-16,717.9203728269758,718.1075437339092,705.1233545574205,709.2174682617188,10032264,HDFCBANK.NS
2022-02-17,707.9775243494109,712.1418342780244,702.7838601087993,704.889404296875,7351208,HDFCBANK.NS
2022-02-18,701.0527049227635,709.8023885133234,697.3796541208723,707.6266479492188,7796128,HDFCBANK.NS
2022-02-21,703.7197039099151,716.2125774026551,699.765982409433,712.1886596679688,7468066,HDFCBANK.NS
2022-02-22,697.0755159478297,712.1886099012698,696.209857647376,706.8545532226562,9536196,HDFCBANK.NS
2022-02-23,713.592352667638,713.873080486644,699.8127577039627,702.2692260742188,9029562,HDFCBANK.NS
2022-02-24,678.4063475939694,690.1271759497945,658.4036778434378,664.1354370117188,23630766,HDFCBANK.NS
2022-02-25,673.7507362909885,685.8927422957805,670.4286668157401,681.3073120117188,18318654,HDFCBANK.NS
2022-02-28,667.2235404627246,673.0956919438478,661.6321738924195,667.3405151367188,24880832,HDFCBANK.NS
2022-03-02,648.7415860755369,654.3095923595013,633.7220483369093,643.0098266601562,38505560,HDFCBANK.NS
2022-03-03,646.1680613934428,651.3149467484956,637.6991069143452,641.4890747070312,17527922,HDFCBANK.NS
2022-03-04,636.3423249977131,648.5076929756106,625.5338748714294,639.3836669921875,21219364,HDFCBANK.NS
2022-03-07,616.9244686053191,623.4048545200336,606.8880638056838,619.8722534179688,27054458,HDFCBANK.NS
2022-03-08,609.2977469385984,624.1769504634315,604.5252023978661,621.2760009765625,39212492,HDFCBANK.NS
2022-03-09,622.3052828761213,643.2203323186494,617.0882008482499,641.559326171875,23134694,HDFCBANK.NS
2022-03-10,667.6914658500247,667.6914658500247,645.8172009386801,651.6425170898438,22273206,HDFCBANK.NS
2022-03-11,649.4434424176493,659.2458980426811,642.284568944958,653.5609741210938,15150780,HDFCBANK.NS
2022-03-14,662.0766532654897,678.4531075865442,662.0766532654897,674.96728515625,25018126,HDFCBANK.NS
2022-03-15,675.4117439784361,678.2191360559357,660.5559609016676,666.2877197265625,18867928,HDFCBANK.NS
2022-03-16,677.0494904640341,680.7926804596888,671.9961611232817,677.5875854492188,13364108,HDFCBANK.NS
2022-03-17,688.7469421183597,697.075562498746,688.0685117950921,692.5135498046875,14823954,HDFCBANK.NS
2022-03-21,695.765382460701,698.8769203085982,689.1212436187219,695.5314331054688,12257876,HDFCBANK.NS
2022-03-22,693.0984741145326,700.9123607637435,681.822068011142,699.1109619140625,10461814,HDFCBANK.NS
2022-03-23,705.1233492347262,710.6445768066046,689.4955210466934,692.13916015625,31188256,HDFCBANK.NS
2022-03-24,685.93952279829,687.6473645478017,671.22413091639,675.0140991210938,20160044,HDFCBANK.NS
2022-03-25,678.9209874344103,679.3888861163086,663.9482296136653,669.5162353515625,16366462,HDFCBANK.NS
2022-03-28,669.5162544931684,672.8383238063171,655.8067998749772,670.4052734375,15754886,HDFCBANK.NS
2022-03-29,674.2420809430911,683.2491316427125,669.0951948290217,679.29541015625,12377448,HDFCBANK.NS
2022-03-30,688.7469124751822,693.7768236906089,680.3481533388308,691.06298828125,20109742,HDFCBANK.NS
2022-03-31,688.2789990989702,694.6891885485168,685.8927271127579,687.974853515625,14295714,HDFCBANK.NS
2022-04-01,690.8056661643701,706.5270513810643,687.9514954595828,704.6554565429688,14568556,HDFCBANK.NS
2022-04-04,739.2799561112737,805.7683508673401,731.1151465312183,775.214599609375,97450970,HDFCBANK.NS
2022-04-05,779.8467649375319,779.8467649375319,749.573740943305,752.4981079101562,30922582,HDFCBANK.NS
2022-04-06,742.8826791872928,743.8653120659286,724.0029796909878,725.640625,27027860,HDFCBANK.NS
2022-04-07,721.1723618948894,721.1957225623213,708.258310779131,709.6854248046875,40781732,HDFCBANK.NS
2022-04-08,707.509594288743,713.8964227995248,700.5847279803062,708.7027587890625,41256322,HDFCBANK.NS
2022-04-11,704.6555443696186,706.5271394409854,698.6898350796367,700.0467529296875,20799066,HDFCBANK.NS
2022-04-12,694.3616640533457,705.0531378211556,692.5602654991568,698.8067016601562,27435402,HDFCBANK.NS
2022-04-13,697.1691285715119,702.9243059694253,684.3721093462098,685.4482421875,28892520,HDFCBANK.NS
2022-04-18,663.8781019646151,669.8672285581865,650.4026528038955,652.9292602539062,45620376,HDFCBANK.NS
2022-04-19,646.1213875528598,650.1687231151512,620.901633806875,628.013671875,74096022,HDFCBANK.NS
2022-04-20,633.7454320872375,636.2955145164841,624.8085774843098,633.67529296875,49325736,HDFCBANK.NS
2022-04-21,638.6817987018899,645.6067231021995,633.2074061310639,643.056640625,52446270,HDFCBANK.NS
2022-04-22,636.3422741404268,643.524508237747,631.2655843325418,634.2835083007812,20659148,HDFCBANK.NS
2022-04-25,631.6632492341948,641.3253688772705,618.6790602221586,639.0326538085938,20935488,HDFCBANK.NS
2022-04-26,641.956989934193,646.6125589606428,635.0087059489563,641.9804077148438,17016842,HDFCBANK.NS
2022-04-27,636.3422646708045,645.2323404272349,634.5174482238076,642.2144165039062,18054334,HDFCBANK.NS
2022-04-28,641.9570386552584,645.2323296688057,637.3248299413617,641.6528930664062,20773722,HDFCBANK.NS
2022-04-29,645.8639695553754,657.2807094431166,641.7464951987836,647.8525390625,28401476,HDFCBANK.NS
2022-05-02,637.3015513975251,658.0762113815073,637.3015513975251,656.7894897460938,19494316,HDFCBANK.NS
2022-05-04,655.0581850485112,656.7426089581849,631.6632498682072,634.4706420898438,29055916,HDFCBANK.NS
2022-05-05,643.360707162427,643.360707162427,630.0255943230603,633.0435180664062,17862912,HDFCBANK.NS
2022-05-06,622.3053126249852,624.6448062814701,614.3510341929365,616.5033569335938,26731268,HDFCBANK.NS
2022-05-09,608.2683736009221,620.6676904474025,606.162829230765,617.55615234375,32762434,HDFCBANK.NS
2022-05-10,615.3101596635764,633.066891078932,615.3101596635764,627.4755249023438,20113812,HDFCBANK.NS
2022-05-11,633.0669444250589,634.002741829974,621.6736224435258,631.0081787109375,17102924,HDFCBANK.NS
2022-05-12,625.3280964613642,628.0261632360961,612.0272830721492,616.7843627929688,22382290,HDFCBANK.NS
2022-05-13,620.0977504004504,623.8607721581939,609.1872638600877,611.2462768554688,16768238,HDFCBANK.NS
2022-05-16,614.8674041954738,621.0208116277611,608.382682552167,617.7547607421875,9804356,HDFCBANK.NS
2022-05-17,621.3047820818717,623.3874853125446,614.4886886817793,621.9674682617188,16641444,HDFCBANK.NS
2022-05-18,626.7245687489848,631.1029547972003,620.0741322337622,621.920166015625,15732384,HDFCBANK.NS
2022-05-19,608.8085531555822,613.636645262878,605.0692215597546,609.2109375,20537506,HDFCBANK.NS
2022-05-20,616.7607290100877,626.7954928932373,611.7196570057959,625.2571411132812,13919350,HDFCBANK.NS
2022-05-23,621.9673984270154,629.5171317872963,614.9146363103386,617.2340087890625,19486320,HDFCBANK.NS
2022-05-24,615.3407344006453,627.1742100621962,613.8733949747416,624.3104858398438,12870796,HDFCBANK.NS
2022-05-25,629.5408230008094,632.3571667282956,626.3220949288518,628.9728393554688,12887112,HDFCBANK.NS
2022-05-26,635.291856418035,648.9476729916007,634.274166162469,646.9122924804688,26992428,HDFCBANK.NS
2022-05-27,649.326445570491,660.1658621498103,648.8294165218157,658.9115600585938,24031718,HDFCBANK.NS
2022-05-30,667.5262901343535,672.3780146327596,661.9408671117387,663.4082641601562,12624674,HDFCBANK.NS
2022-05-31,660.7338934097787,664.9466218858126,653.2077920753914,657.4441528320312,13485388,HDFCBANK.NS
2022-06-01,653.2078050088518,662.887564224445,652.8054784242131,660.2368774414062,12091896,HDFCBANK.NS
2022-06-02,656.6395776905593,656.9945819675592,652.5451834730333,655.6218872070312,11475020,HDFCBANK.NS
2022-06-03,661.8699556291225,663.0296130823147,651.4564974904033,653.349853515625,6957244,HDFCBANK.NS
2022-06-06,651.4564275288357,656.521131240136,644.0486613195667,652.4740600585938,6173266,HDFCBANK.NS
2022-06-07,644.6876878569063,650.5097803969437,640.9482983756177,644.9716796875,10253966,HDFCBANK.NS
2022-06-08,650.036424833201,653.6811117575384,642.3209765785515,647.2437133789062,5986588,HDFCBANK.NS
2022-06-09,644.8060759244232,654.178211573515,642.3920584937911,652.119140625,7311816,HDFCBANK.NS
2022-06-10,643.7883713722422,647.5040710182226,635.9782777627149,639.5283203125,9155430,HDFCBANK.NS
2022-06-13,626.5114406288128,629.5408215518057,619.2693891545304,627.9314575195312,10892572,HDFCBANK.NS
2022-06-14,620.6657477122982,627.6474977818931,617.707379038741,621.020751953125,11870356,HDFCBANK.NS
2022-06-15,616.1216730760376,622.8194309622124,614.5833214454613,618.8670043945312,11810470,HDFCBANK.NS
2022-06-16,620.0740634178733,625.0678127660508,604.9272160672077,606.4892578125,12169192,HDFCBANK.NS
2022-06-17,603.5072629824699,614.867399697434,601.8978987250547,610.489013671875,14723922,HDFCBANK.NS
2022-06-20,617.5653947653956,627.1741999600592,612.5717027850421,625.8251953125,15936840,HDFCBANK.NS
2022-06-21,632.8068924380476,640.9009774209887,626.7244981154012,632.6412353515625,13220684,HDFCBANK.NS
2022-06-22,630.6058576498191,632.8305277490141,626.3221167580701,629.6591796875,8159698,HDFCBANK.NS
2022-06-23,629.7775387566263,638.0609712468488,624.097470763331,631.9785766601562,15372244,HDFCBANK.NS
2022-06-24,633.5879763381755,644.5220962821917,633.5879763381755,640.806396484375,8013432,HDFCBANK.NS
2022-06-27,648.4744145125288,651.3144484447005,639.9543127160139,641.9660034179688,9804164,HDFCBANK.NS
2022-06-28,636.1675999329924,639.48097284931,633.5169131560658,637.0669555664062,9770574,HDFCBANK.NS
2022-06-29,630.1324782999224,639.362587841217,630.1324782999224,636.1438598632812,9994046,HDFCBANK.NS
2022-06-30,632.3809665940282,640.9010694373609,632.3809665940282,638.06103515625,12475822,HDFCBANK.NS
2022-07-01,636.1439086225995,643.7410224780701,629.5645429261943,640.7826538085938,11472452,HDFCBANK.NS
2022-07-04,640.7589001990658,643.8356033101861,635.3391924463452,641.6819458007812,8487480,HDFCBANK.NS
2022-07-05,645.6344186304245,652.9001609789714,638.203019182199,640.2383422851562,14325718,HDFCBANK.NS
2022-07-06,638.0609693695875,650.0837914761512,637.6349527152158,649.0661010742188,15049078,HDFCBANK.NS
2022-07-07,653.2078053283803,661.7279071370114,650.5807508251304,660.6865844726562,17743142,HDFCBANK.NS
2022-07-08,667.4079643038475,667.4079643038475,660.1895448317669,661.3018798828125,12474030,HDFCBANK.NS
2022-07-11,659.8345520397675,667.3606535366644,659.4795477972783,665.5856323242188,7462880,HDFCBANK.NS
2022-07-12,665.1596606593656,665.1596606593656,657.6572487168633,658.7932739257812,9876974,HDFCBANK.NS
2022-07-13,657.9411875229638,659.9291881427924,641.0193188510601,642.7233276367188,15945610,HDFCBANK.NS
2022-07-14,644.6876772822643,649.728748870004,638.6526054134325,639.504638671875,10372410,HDFCBANK.NS
2022-07-15,640.4276846012615,646.0604304121975,637.4930058328619,644.71142578125,13595646,HDFCBANK.NS
2022-07-18,638.0610019086649,646.628426654129,635.2446578389066,637.8480224609375,20332220,HDFCBANK.NS
2022-07-19,632.8541762162614,643.0546537020829,632.8541762162614,638.0845947265625,15792538,HDFCBANK.NS
2022-07-20,643.6937013470418,648.9950749004665,641.492663496681,646.1314086914062,20347862,HDFCBANK.NS
2022-07-21,644.0013636183196,648.2377243196178,642.8416484646634,644.0960083007812,12640278,HDFCBANK.NS
2022-07-22,646.581029089991,661.2545370708034,644.8770203644754,659.12451171875,12729592,HDFCBANK.NS
2022-07-25,660.3078547606243,664.8518972587639,654.7698119942409,661.065185546875,10143126,HDFCBANK.NS
2022-07-26,660.7812603349215,663.6212944051289,656.189895033676,659.7162475585938,8527964,HDFCBANK.NS
2022-07-27,657.4205091247603,665.5145939819267,655.219471350983,664.7572631835938,9212778,HDFCBANK.NS
2022-07-28,669.7983540849104,674.0347148899765,667.8813080826944,670.6503295898438,17420406,HDFCBANK.NS
2022-07-29,680.6614431431668,680.9454349708267,669.916671568808,678.8627319335938,20019736,HDFCBANK.NS
2022-08-01,681.1348405708483,685.6078711371147,676.898479511382,684.5192260742188,13193036,HDFCBANK.NS
2022-08-02,682.5548362631915,683.7855061039321,673.5850853482716,676.9931030273438,15036510,HDFCBANK.NS
2022-08-03,674.4844023747412,679.5964868191563,670.7213803397141,678.5787963867188,10975498,HDFCBANK.NS
2022-08-04,681.6081431357295,684.7794912450086,668.8043003902649,677.7741088867188,12012206,HDFCBANK.NS
2022-08-05,678.2947372860145,680.164403086726,672.6856821032446,675.4783935546875,9268982,HDFCBANK.NS
2022-08-08,675.9280128752218,693.2048843527748,675.5019962689638,692.0452270507812,15357736,HDFCBANK.NS
2022-08-10,691.7139440904666,696.5183465521361,685.8919089915445,694.0570068359375,17353102,HDFCBANK.NS
2022-08-11,703.6184404151097,705.748465966316,697.9620623413853,703.23974609375,18301766,HDFCBANK.NS
2022-08-12,702.9084187458374,704.9437995689399,698.6246776607533,702.9794311523438,8850370,HDFCBANK.NS
2022-08-16,707.5471540191029,714.0318751491698,704.3521157975206,711.0261840820312,12563756,HDFCBANK.NS
2022-08-17,710.0084517055847,716.0435235450822,703.2633714143817,714.6945190429688,12384350,HDFCBANK.NS
2022-08-18,710.008526430319,716.5879503313682,709.8428693302802,715.5465698242188,8342138,HDFCBANK.NS
2022-08-19,714.7418839044774,715.6885618964038,705.2751039852128,706.7188110351562,8063702,HDFCBANK.NS
2022-08-22,702.8137207240729,704.4940393871315,694.7195781706567,695.9739379882812,8234066,HDFCBANK.NS
2022-08-23,687.903575143371,698.6246570090722,686.5308805205054,693.8203125,14966884,HDFCBANK.NS
2022-08-24,691.9743095906954,698.4117085642,690.696259596575,697.1573486328125,13455520,HDFCBANK.NS
2022-08-25,700.4944420172992,703.7604928802608,689.654966674725,693.3706665039062,11823040,HDFCBANK.NS
2022-08-26,696.778693332773,701.3937485514476,691.642918993121,693.4889526367188,7706176,HDFCBANK.NS
2022-08-29,680.1880716427379,684.4481221958239,676.2120129037309,681.3240966796875,8653178,HDFCBANK.NS
2022-08-30,684.6611742208433,705.251420744394,683.0755001251575,703.4290771484375,10135400,HDFCBANK.NS
2022-09-01,693.3232687724303,705.014718429371,690.6015696459982,696.8259887695312,22403136,HDFCBANK.NS
2022-09-02,696.8260165078848,705.5117755531663,693.5362758079048,703.1450805664062,12038086,HDFCBANK.NS
2022-09-05,703.4290477623429,709.5351321703702,702.482369800808,707.6654663085938,12131932,HDFCBANK.NS
2022-09-06,709.4878176550125,713.156194796427,703.5947126110668,704.9674072265625,12238696,HDFCBANK.NS
2022-09-07,696.4236424775478,705.2750580128373,696.4236424775478,701.63037109375,9776206,HDFCBANK.NS
2022-09-08,705.3224549448381,710.0085227511238,701.5594328865137,708.8724975585938,11164690,HDFCBANK.NS
2022-09-09,708.2097390835974,714.2685009714878,707.1921065293857,709.3457641601562,15128888,HDFCBANK.NS
2022-09-12,710.0084575913257,711.9018134782359,705.2750678740501,706.9554443359375,11080492,HDFCBANK.NS
2022-09-13,709.4878378356536,717.5346008263482,709.3221807419732,716.209228515625,13001966,HDFCBANK.NS
2022-09-14,707.1921240116534,728.4213656433966,706.3874130797399,723.5696411132812,20219760,HDFCBANK.NS
2022-09-15,724.2086553128241,729.3916941454547,715.6885534856144,719.8065795898438,13539372,HDFCBANK.NS
2022-09-16,711.4757677925938,716.9664880842785,701.9616664055304,706.5767211914062,20560046,HDFCBANK.NS
2022-09-19,704.8017372069685,716.6352116395905,700.5416864112245,711.2391357421875,12076038,HDFCBANK.NS
2022-09-20,716.6352314664156,721.3686213704209,714.694553161901,719.8065795898438,10781668,HDFCBANK.NS
2022-09-21,713.7951670816074,720.1852431794865,712.3751501709676,718.6942138671875,9072304,HDFCBANK.NS
2022-09-22,710.9551991274026,714.8129236481702,701.8434231066286,703.3817749023438,12048144,HDFCBANK.NS
2022-09-23,696.9206851182904,698.1750450604594,680.1881625436476,684.5192260742188,15806252,HDFCBANK.NS
2022-09-26,674.6737596977232,679.9278112565614,671.1947294615087,675.2891235351562,8923486,HDFCBANK.NS
2022-09-27,678.0108084136324,681.6081733278456,665.9879860224158,669.2303466796875,12639700,HDFCBANK.NS
2022-09-28,665.5146754065687,667.6920233859096,656.0005724707542,657.728271484375,11816132,HDFCBANK.NS
2022-09-29,660.9232428535685,663.7158966193714,652.6398106789119,654.3201293945312,14410388,HDFCBANK.NS
2022-09-30,652.6397959370244,677.561046520772,646.1076950288735,672.7803344726562,15781756,HDFCBANK.NS
2022-10-03,667.3842557736752,671.1236451823496,663.1952174570123,668.922607421875,11541112,HDFCBANK.NS
2022-10-04,676.638129699665,690.1282917818199,675.0524555373647,687.7615966796875,11538526,HDFCBANK.NS
2022-10-06,691.051216767887,692.3055766138067,678.8627381029233,680.1881103515625,12549198,HDFCBANK.NS
2022-10-07,676.9930584243101,679.2177284598232,672.3069910888432,677.25341796875,13297994,HDFCBANK.NS
2022-10-10,666.4612246024735,674.9813254851756,661.8224798985273,669.7745971679688,13109302,HDFCBANK.NS
2022-10-11,663.195218193418,670.721319359864,662.4141973381068,662.9822387695312,14521620,HDFCBANK.NS
2022-10-12,664.1892100752841,669.7036205529012,661.3965564168059,667.3132934570312,9225050,HDFCBANK.NS
2022-10-13,663.6450131620727,665.6330139849169,655.1012205192,659.645263671875,14714234,HDFCBANK.NS
2022-10-14,670.7213685736215,684.9215386916234,669.8930253167381,681.1348266601562,12849920,HDFCBANK.NS
2022-10-17,679.2414685381723,689.9389184377674,675.4547565184473,684.7085571289062,18410500,HDFCBANK.NS
2022-10-18,690.1519292027847,692.4476117206183,681.6081374235195,683.4304809570312,10561108,HDFCBANK.NS
2022-10-19,692.9682038077501,699.3109571200404,687.9508226313887,690.4358520507812,12967040,HDFCBANK.NS
2022-10-20,683.5015092803935,687.7142378951055,682.7915007873737,685.7735595703125,7898078,HDFCBANK.NS
2022-10-21,687.2881883606218,689.9625651125049,678.768086852019,680.9454345703125,10492606,HDFCBANK.NS
2022-10-24,688.3769829921866,692.4950094920829,688.3769829921866,691.572021484375,2167794,HDFCBANK.NS
2022-10-25,691.5955514291327,694.7669571686256,683.9748056352751,686.7675170898438,13773394,HDFCBANK.NS
2022-10-27,693.204906271337,694.5539107499477,686.9331650572058,688.4241943359375,15937276,HDFCBANK.NS
2022-10-28,686.3415684282495,694.3883316443048,685.110898551334,690.4595947265625,10474278,HDFCBANK.NS
2022-10-31,696.7549617216131,709.061774904196,694.5066016209489,708.4464111328125,12830528,HDFCBANK.NS
2022-11-01,711.6651573414332,723.7353013468916,709.4878095867721,716.2802124023438,19073756,HDFCBANK.NS
2022-11-02,718.0552306509842,723.3802941610854,715.4991886100082,716.7298583984375,12720406,HDFCBANK.NS
2022-11-03,708.9198397362794,719.5936579391653,708.5885255286502,713.582275390625,10332352,HDFCBANK.NS
2022-11-04,711.5230898204973,717.6291738598813,705.0856916268333,708.659423828125,10818060,HDFCBANK.NS
2022-11-07,714.7419339179569,715.6886119761264,706.2691537412114,714.1739501953125,9835834,HDFCBANK.NS
2022-11-09,717.1322211596956,718.504857932011,711.9018024905791,713.9608154296875,9269790,HDFCBANK.NS
2022-11-10,708.6358579695811,722.7887066767477,707.6655476159063,721.7236938476562,12774182,HDFCBANK.NS
2022-11-11,731.3086732465354,774.8558563783679,727.9953006169394,762.6200561523438,56722338,HDFCBANK.NS
2022-11-14,763.0224794395369,770.5959035530808,756.3957333401862,764.4661865234375,19195390,HDFCBANK.NS
2022-11-15,768.3002449618797,768.3002449618797,759.8274649136445,766.3358764648438,11030202,HDFCBANK.NS
2022-11-16,766.170202291269,777.2226566503574,763.022486309608,772.915283203125,13578150,HDFCBANK.NS
2022-11-17,765.9097816187531,772.2762254819945,763.9217810419066,765.9334716796875,12100930,HDFCBANK.NS
2022-11-18,767.2825092660813,768.2291872540715,759.8274201106582,763.9218139648438,10459232,HDFCBANK.NS
2022-11-21,760.9634273308967,763.0224403501558,752.7036274118254,756.0880126953125,8344816,HDFCBANK.NS
2022-11-22,757.3424030172414,759.4014161193165,753.0823520002695,754.9757080078125,8546314,HDFCBANK.NS
2022-11-23,759.7090850341104,759.7090850341104,754.5023561024125,756.9400634765625,10185738,HDFCBANK.NS
2022-11-24,760.1586834269335,772.489186507646,756.9400131515326,769.246826171875,17197960,HDFCBANK.NS
2022-11-25,771.4004771220918,772.3471550385603,764.0164009297646,765.69677734375,8410496,HDFCBANK.NS
2022-11-28,758.7150531969597,760.8687108608916,754.5260148319932,757.460693359375,16105980,HDFCBANK.NS
2022-11-29,756.0407762005783,763.1881840970266,753.9580728834337,756.3247680664062,12638236,HDFCBANK.NS
2022-11-30,755.969655277555,763.4484340945068,755.969655277555,761.342041015625,15184806,HDFCBANK.NS
2022-12-01,767.755796135116,774.8558805629993,764.4424234021038,766.5724487304688,20446366,HDFCBANK.NS
2022-12-02,762.075758564348,766.1464622403034,759.7800760651729,760.7030639648438,7811078,HDFCBANK.NS
2022-12-05,762.052089952201,764.2531278294877,755.5436787874839,763.4721069335938,11592622,HDFCBANK.NS
2022-12-06,757.8156542833029,763.8270357990309,757.3423153362178,762.6200561523438,12353092,HDFCBANK.NS
2022-12-07,764.0401462647712,766.1464816690436,759.4487233693498,762.2887573242188,11674720,HDFCBANK.NS
2022-12-08,762.0757285928094,769.6491519825515,759.7090337835149,766.5724487304688,14803634,HDFCBANK.NS
2022-12-09,769.6491658684815,773.8382042003839,766.8091320460886,772.03955078125,11963384,HDFCBANK.NS
2022-12-12,769.175858298182,782.7133418481023,767.4718494913106,778.0509643554688,14434808,HDFCBANK.NS
2022-12-13,781.0093651173817,784.322738181516,778.6426700715715,780.2047119140625,17031702,HDFCBANK.NS
2022-12-14,782.4292928873821,788.3460298269417,781.0092760218877,786.8076782226562,14227640,HDFCBANK.NS
2022-12-15,784.3464638441227,790.1921893164714,770.1462929247442,772.3946533203125,18182648,HDFCBANK.NS
2022-12-16,766.8328578314446,778.6899649239426,761.6024388526127,776.1102905273438,14647958,HDFCBANK.NS
2022-12-19,778.169287755073,779.4236476156718,769.7438307486328,778.5242919921875,9604542,HDFCBANK.NS
2022-12-20,766.9038071781762,774.5719334714851,766.9038071781762,773.1519165039062,7174698,HDFCBANK.NS
2022-12-21,776.7493009218134,778.5480122385196,760.4427954437242,765.6731567382812,9269198,HDFCBANK.NS
2022-12-22,767.850487106121,770.3592068674686,761.6024355451656,763.046142578125,9747096,HDFCBANK.NS
2022-12-23,751.1890303820713,759.3068061921712,750.4553317833038,756.2301025390625,10693152,HDFCBANK.NS
2022-12-26,757.105686415071,775.8025758263841,752.6089661769071,771.2821655273438,9907322,HDFCBANK.NS
2022-12-27,772.9625880792587,774.3589150189524,763.732477566371,772.063232421875,7926772,HDFCBANK.NS
2022-12-28,768.2764094267546,772.9624764124482,768.2764094267546,771.4478149414062,8691870,HDFCBANK.NS
2022-12-29,766.856535519368,777.9326801546684,762.5491619891518,776.891357421875,11012896,HDFCBANK.NS
2022-12-30,778.6425586893796,778.6425586893796,766.8090851530668,770.6668090820312,7122640,HDFCBANK.NS
2023-01-02,770.1225318929031,776.1576039774972,766.1228405647803,770.9271850585938,4381378,HDFCBANK.NS
2023-01-03,767.85048648393,777.6959605884185,767.85048648393,775.96826171875,8378030,HDFCBANK.NS
2023-01-04,773.9092723546631,778.9976666530196,760.6557802287117,762.0994873046875,10351600,HDFCBANK.NS
2023-01-05,764.4424266422033,765.8861335942461,752.3249607233827,757.2003173828125,10941436,HDFCBANK.NS
2023-01-06,758.2891375874959,761.6498331954565,747.0236453899807,754.6917724609375,9092462,HDFCBANK.NS
2023-01-09,755.4491100902288,762.809555296411,752.6090758417694,756.1591186523438,10729340,HDFCBANK.NS
2023-01-10,757.3423465426853,757.3423465426853,740.775482712064,742.3375244140625,16371766,HDFCBANK.NS
2023-01-11,742.17186935277,756.3957295571362,738.4088473774297,753.0350341796875,15195798,HDFCBANK.NS
2023-01-12,751.5676291901252,759.1883749446505,749.8399304176081,757.058349609375,9250070,HDFCBANK.NS
2023-01-13,756.750729788885,762.0284712196939,750.7156575106625,757.6500854492188,9244546,HDFCBANK.NS
2023-01-16,764.4424835397972,767.4245423463568,748.017643383427,750.3843383789062,14748094,HDFCBANK.NS
2023-01-17,752.5144118779344,762.5491761866309,746.6923187054068,761.55517578125,10786354,HDFCBANK.NS
2023-01-18,759.7091126719464,777.0333089188046,757.200392801334,774.9979858398438,19090642,HDFCBANK.NS
2023-01-19,774.8559185317824,781.0093253374716,772.9625625915704,778.2166137695312,11172162,HDFCBANK.NS
2023-01-20,778.2166322807672,790.002784845069,777.8853180956044,786.1923828125,18843404,HDFCBANK.NS
2023-01-23,788.701120801895,796.4402020140254,786.4054381729433,791.9434814453125,15444400,HDFCBANK.NS
2023-01-24,792.866505329516,805.8123152644733,792.842815267551,802.5462646484375,24983940,HDFCBANK.NS
2023-01-25,800.6056037705797,801.3392445591735,778.7846872191718,780.370361328125,14704142,HDFCBANK.NS
2023-01-27,772.4891739093187,774.8558686823252,752.5852477560804,764.8211059570312,35179948,HDFCBANK.NS
2023-01-30,754.975647383291,769.3178411010082,748.8222408528942,764.0401000976562,18512822,HDFCBANK.NS
2023-01-31,766.667091488132,768.0871083701478,754.9756422717883,758.9990234375,18596244,HDFCBANK.NS
2023-02-01,768.7024970580272,788.1093950748863,760.18239548965,770.3828735351562,17302790,HDFCBANK.NS
2023-02-02,761.1763996984457,768.9391705012463,752.0173020214557,758.9280395507812,17497106,HDFCBANK.NS
2023-02-03,762.5491759812612,785.9794579248195,760.65581986461,785.1748046875,14411100,HDFCBANK.NS
2023-02-06,785.7427543408033,790.1921525781385,779.2106529093284,781.8377075195312,11167672,HDFCBANK.NS
2023-02-07,785.4587118076032,788.0620761871278,772.7732040823922,782.997314453125,10264588,HDFCBANK.NS
2023-02-08,783.0209836671545,789.6240391235308,781.0092930638084,782.9026489257812,8444826,HDFCBANK.NS
2023-02-09,785.7426834360527,786.5237042859567,774.1695688314326,781.2696533203125,11777336,HDFCBANK.NS
2023-02-10,780.441377066591,785.0327423176034,777.3172933990301,784.3700561523438,8172116,HDFCBANK.NS
2023-02-13,783.3759959273335,786.5710339771882,778.4296267994425,784.961669921875,5736944,HDFCBANK.NS
2023-02-14,788.1093910341734,794.0261282040997,784.7723281580804,792.2274169921875,10908592,HDFCBANK.NS
2023-02-15,794.2627899763636,794.2627899763636,784.204336885185,790.6181030273438,11438712,HDFCBANK.NS
2023-02-16,791.9908780009964,796.1089624181799,786.2161646839088,787.7545166015625,8062500,HDFCBANK.NS
2023-02-17,786.2161415593935,789.6005272348177,777.6723488173061,783.8021240234375,8956270,HDFCBANK.NS
2023-02-20,785.7427119293137,790.2157422072587,773.8145926677021,776.4415893554688,8086706,HDFCBANK.NS
2023-02-21,776.2759576421577,786.8550727038969,773.4359236507838,779.3526611328125,12389296,HDFCBANK.NS
2023-02-22,775.8026738859212,777.199000918852,761.6261929817764,764.0638427734375,10359102,HDFCBANK.NS
2023-02-23,763.4957924668398,766.2648140080034,753.6029959990215,758.8807373046875,27882010,HDFCBANK.NS
2023-02-24,765.8151985685134,765.8151985685134,750.3369782178833,752.1119995117188,17061740,HDFCBANK.NS
2023-02-27,750.6683772868718,756.8691070076666,746.5976731955545,753.9817504882812,14312972,HDFCBANK.NS
2023-02-28,753.5557112171675,759.8511432233867,751.993669356785,757.153076171875,18993992,HDFCBANK.NS
2023-03-01,763.0224281514963,763.4957671267764,755.330669803195,756.4193725585938,14137256,HDFCBANK.NS
2023-03-02,754.5024054273814,760.1587836607059,748.8223371305629,749.9819946289062,17391814,HDFCBANK.NS
2023-03-03,755.4490119813835,766.8091474999005,751.6623001418777,764.8684692382812,14986234,HDFCBANK.NS
2023-03-06,766.8092503084201,776.0156715902972,765.8862622860476,770.2646484375,27004710,HDFCBANK.NS
2023-03-08,766.8091679963849,776.039278351897,766.8091679963849,771.8029174804688,20099774,HDFCBANK.NS
2023-03-09,771.5188971092862,779.0923212778464,770.1225701404643,771.8739013671875,20700166,HDFCBANK.NS
2023-03-10,762.2887256418968,763.8507673644085,750.2422718962587,751.969970703125,27387000,HDFCBANK.NS
2023-03-13,751.6150309707979,759.1411328403547,740.751865944351,742.4559326171875,26443550,HDFCBANK.NS
2023-03-14,743.2605460585534,749.5796099935142,738.0775072511518,740.4678344726562,33185612,HDFCBANK.NS
2023-03-15,746.9289573593102,749.248330063132,727.3327108002192,729.8414306640625,37264754,HDFCBANK.NS
2023-03-16,728.4687442505466,737.9828468980804,725.1790612078056,734.5748291015625,21753342,HDFCBANK.NS
2023-03-17,737.2254484326775,747.4968810064513,728.9420164278159,744.3965454101562,22950876,HDFCBANK.NS
2023-03-20,742.1718613024195,742.2428737084866,731.4981015299404,739.2371826171875,26503114,HDFCBANK.NS
2023-03-21,744.0651919987587,749.0589413869266,736.6101030086518,747.615234375,33050494,HDFCBANK.NS
2023-03-22,749.7689910429613,750.7393591246861,740.9175746776272,745.8876342773438,14177324,HDFCBANK.NS
2023-03-23,742.0771890697815,752.7746385074203,737.722493547406,739.8998413085938,28364178,HDFCBANK.NS
2023-03-24,738.4087487959376,744.9881716394126,736.0183640289285,738.7164306640625,31477748,HDFCBANK.NS
2023-03-27,739.4502117842229,747.6153100763521,737.8882276488973,741.9352416992188,31872006,HDFCBANK.NS
2023-03-28,741.1067998011212,749.2482647269658,740.3494690077168,747.97021484375,39276302,HDFCBANK.NS
2023-03-29,749.7689157853254,758.2890171010677,748.7749155212824,751.567626953125,39763612,HDFCBANK.NS
2023-03-31,755.2597399090109,763.4721604711577,753.7450781349003,761.8628540039062,34711228,HDFCBANK.NS
2023-04-03,760.916103659407,764.7737701383646,758.6440534334533,762.3361206054688,40025398,HDFCBANK.NS
2023-04-05,766.1464855665928,783.8493755314626,764.9158157360166,782.7843627929688,43365392,HDFCBANK.NS
2023-04-06,780.3230137466818,790.0974176490104,779.6366375439686,788.7484130859375,44637344,HDFCBANK.NS
2023-04-10,787.2811447033577,790.9495222000966,782.9027586588628,785.0090942382812,31813286,HDFCBANK.NS
2023-04-11,785.26936780893,790.1921047569881,781.5299783108553,787.3047485351562,42361542,HDFCBANK.NS
2023-04-12,789.5293687807915,799.0907924607276,789.4347241030233,797.52880859375,26955504,HDFCBANK.NS
2023-04-13,799.138228506588,803.2799446098875,794.3338262706332,801.1025390625,35330086,HDFCBANK.NS
2023-04-17,814.1430025509777,814.1430025509777,782.5713173666323,788.890380859375,32405148,HDFCBANK.NS
2023-04-18,790.4761429987975,793.9078508052294,784.0387440490672,785.5534057617188,29637226,HDFCBANK.NS
2023-04-19,788.1094206815565,790.6181404482337,784.3937211551915,788.4407348632812,24741168,HDFCBANK.NS
2023-04-20,791.280785812552,794.0024850715804,788.7721237726142,791.37548828125,32922716,HDFCBANK.NS
2023-04-21,790.0027556575246,793.7657774269219,787.2810565292857,792.6534423828125,20128618,HDFCBANK.NS
2023-04-24,798.5228483313539,800.6291836512714,792.4167640167948,799.0671997070312,35675852,HDFCBANK.NS
2023-04-25,798.8542527375239,798.8542527375239,786.6421405095866,787.7071533203125,50353068,HDFCBANK.NS
2023-04-26,785.7427019581631,792.8427866144116,783.376007072747,791.328125,27392750,HDFCBANK.NS
2023-04-27,790.7127411596693,797.6944908945422,788.5117034159383,795.6828002929688,47790392,HDFCBANK.NS
2023-04-28,797.4342510399031,800.4163100797197,790.4761903211897,798.8069458007812,27916272,HDFCBANK.NS
2023-05-02,799.3274927082318,804.202907194295,796.1561447326687,798.6411743164062,32221184,HDFCBANK.NS
2023-05-03,797.552545393005,802.7829645894082,795.0438832970477,801.4339599609375,29407270,HDFCBANK.NS
2023-05-04,798.5701525541848,820.9827408858079,798.5701525541848,817.8350830078125,56854638,HDFCBANK.NS
2023-05-05,775.8026458391606,786.1924141095578,767.8032049269116,769.4835815429688,62770416,HDFCBANK.NS
2023-05-08,773.9092936156137,781.1750359781396,771.5425985281042,778.38232421875,37244524,HDFCBANK.NS
2023-05-09,780.9620480823568,783.8494045017483,776.2522902407883,778.406005859375,43688938,HDFCBANK.NS
2023-05-10,778.4059920594077,783.210394506021,773.0099158578086,782.0033569335938,46340550,HDFCBANK.NS
2023-05-11,788.1804838313546,798.9962689250709,780.6543818274131,782.5240478515625,35734618,HDFCBANK.NS
2023-05-12,779.5893400518114,791.8015094745331,778.287657790037,789.434814453125,22478760,HDFCBANK.NS
2023-05-15,791.4227853213184,795.5645014526352,788.1567347587811,793.2214965820312,18512260,HDFCBANK.NS
2023-05-16,800.4030139627808,800.4030139627808,787.0932626645074,788.6732177734375,32722086,HDFCBANK.NS
2023-05-17,789.9658807338478,789.9658807338478,778.1642575542323,784.4360961914062,30466868,HDFCBANK.NS
2023-05-18,789.0083841897797,791.8570257917997,785.1782464024507,787.5720825195312,49646942,HDFCBANK.NS
2023-05-19,789.0083216684993,789.9658560394562,781.1326248446826,788.481689453125,30460332,HDFCBANK.NS
2023-05-22,787.5720151966582,791.354287626984,781.6831554747228,785.680908203125,28334032,HDFCBANK.NS
2023-05-23,789.487061418846,789.774310031499,782.0422085660649,783.8375854492188,22470074,HDFCBANK.NS
2023-05-24,779.2175554402136,782.6646557954235,772.538718142512,773.592041015625,33588112,HDFCBANK.NS
2023-05-25,773.5441253964981,775.6268094273125,764.7587591498904,770.6236572265625,29776930,HDFCBANK.NS
2023-05-26,775.1240726305493,775.1240726305493,767.1047222806039,773.592041015625,26635066,HDFCBANK.NS
2023-05-29,779.6723115571738,785.6569009919081,777.9247997535801,783.023681640625,21816292,HDFCBANK.NS
2023-05-30,782.1140640569184,786.4469304713781,779.696324831423,783.6221923828125,37125928,HDFCBANK.NS
2023-05-31,780.3427069263231,782.7604463317739,768.2538345692759,771.22216796875,43334270,HDFCBANK.NS
2023-06-01,775.5549142196161,775.5549142196161,766.0274362920823,767.9425048828125,50366938,HDFCBANK.NS
2023-06-02,771.9881679023533,773.1133176055869,766.5063067001975,769.1395263671875,17859710,HDFCBANK.NS
2023-06-05,772.9696926063541,773.9272270660708,767.2005241092544,768.1341552734375,18697242,HDFCBANK.NS
2023-06-06,769.6900635841799,770.7433279959911,762.3170373717256,765.740234375,32182852,HDFCBANK.NS
2023-06-07,767.6792286969496,772.0360568877586,764.1124365028589,769.7139892578125,24949026,HDFCBANK.NS
2023-06-08,767.5835520644657,778.4755064131117,767.5835520644657,770.1928100585938,37395522,HDFCBANK.NS
2023-06-09,773.6399676877086,774.8847507794242,769.3789277124094,771.1024780273438,18212578,HDFCBANK.NS
2023-06-12,772.0360982895694,773.5920917430839,765.7642009992537,766.4105834960938,13408292,HDFCBANK.NS
2023-06-13,761.287754551761,770.3364668139276,761.287754551761,767.7032470703125,27926108,HDFCBANK.NS
2023-06-14,771.030546307908,771.7726587801916,766.1231829378727,766.8652954101562,20113968,HDFCBANK.NS
2023-06-15,767.9425712071014,768.8761438484094,755.9733914813049,757.4336547851562,35377476,HDFCBANK.NS
2023-06-16,759.8754201529412,770.4322024997265,758.3672916910389,767.3441772460938,15779272,HDFCBANK.NS
2023-06-19,771.2938865843043,772.8498798378108,765.2374703858508,768.0143432617188,24829146,HDFCBANK.NS
2023-06-20,768.0144276761805,771.2939713592292,761.5510703742875,769.6182861328125,20005626,HDFCBANK.NS
2023-06-21,773.6878294269613,783.8616328770374,771.2939933210611,783.0716552734375,24308946,HDFCBANK.NS
2023-06-22,785.1781832214814,793.580570693625,784.7233777731387,786.9017333984375,56596140,HDFCBANK.NS
2023-06-23,784.0051796001923,794.7056138469821,782.3294945543738,786.8538208007812,21339218,HDFCBANK.NS
2023-06-26,787.571994837304,790.3249060654587,779.7680665871447,783.0476684570312,16130314,HDFCBANK.NS
2023-06-27,786.5905941784453,800.929707728713,784.4840651290187,794.0833129882812,33831864,HDFCBANK.NS
2023-06-28,799.5412267594668,804.2810337444777,794.9929383437692,802.4856567382812,59562950,HDFCBANK.NS
2023-06-30,815.8192458258862,818.1173515857972,805.8848271927366,814.574462890625,40699016,HDFCBANK.NS
2023-07-03,819.8888869527296,841.4334124492976,818.691968869587,823.3839111328125,44104116,HDFCBANK.NS
2023-07-04,825.1313123295552,836.406303333363,820.5112555769142,827.4054565429688,38795188,HDFCBANK.NS
2023-07-05,821.6841820227852,823.4795589682101,798.8470106542848,801.1211547851562,37165754,HDFCBANK.NS
2023-07-06,800.9774632331506,808.0871439109142,794.9450086715105,801.9349975585938,52156544,HDFCBANK.NS
2023-07-07,797.1473245803539,801.9349961994551,792.9820736490386,794.9450073242188,19926336,HDFCBANK.NS
2023-07-10,795.2323081500037,802.772891445225,789.8222154878739,793.0538940429688,38398442,HDFCBANK.NS
2023-07-11,796.1898182223189,802.4137915457645,787.8113925946035,789.1998291015625,50670426,HDFCBANK.NS
2023-07-12,792.5272531476065,797.7697889233564,779.0260418202364,781.8028564453125,70958358,HDFCBANK.NS
2023-07-13,793.1735905563402,793.5326659534852,784.2446291019418,785.704833984375,41913546,HDFCBANK.NS
2023-07-14,791.6894113288874,791.6894113288874,782.7843533101579,787.3326416015625,24727214,HDFCBANK.NS
2023-07-17,789.9658626293475,805.2864126924621,781.8268204083179,803.80224609375,49252928,HDFCBANK.NS
2023-07-18,812.9467471445371,815.8193504913376,799.5412648594681,803.1320190429688,81076818,HDFCBANK.NS
2023-07-19,804.8555610048314,808.5181419226229,801.9350926545632,806.7706298828125,32935134,HDFCBANK.NS
2023-07-20,804.8795083270657,810.0741208768967,804.3289143458549,808.5181274414062,56210948,HDFCBANK.NS
2023-07-21,804.3288890002611,809.0208308967337,801.0972104283851,802.2941284179688,42154248,HDFCBANK.NS
2023-07-24,803.6107312414538,806.555161158962,799.5890751426567,803.5628662109375,32179444,HDFCBANK.NS
2023-07-25,806.555183500857,813.4254812031791,803.5628884699448,812.2764282226562,55992596,HDFCBANK.NS
2023-07-26,813.7126998116902,813.7126998116902,808.1590121278992,809.45166015625,24794358,HDFCBANK.NS
2023-07-27,813.85633843129,815.3405049960073,798.3203084228094,801.04931640625,59741302,HDFCBANK.NS
2023-07-28,795.471629607848,799.0145182505155,785.7047679378544,786.8538208007812,41015684,HDFCBANK.NS
2023-07-31,789.989808735889,793.2214872008873,784.5557544882844,790.5403442382812,34565006,HDFCBANK.NS
2023-08-01,792.0962813602819,798.3202542585794,789.965790937782,795.8306884765625,35394188,HDFCBANK.NS
2023-08-02,786.1357533490648,790.6840418124119,781.8986752587043,785.4176025390625,28116322,HDFCBANK.NS
2023-08-03,785.1781976196645,790.6121935791729,777.0391553272656,779.7442016601562,57673946,HDFCBANK.NS
2023-08-04,782.856158727379,793.0778262359121,780.0314207032054,791.0191040039062,37388304,HDFCBANK.NS
2023-08-07,796.2377106290166,796.2377106290166,788.7929158097952,790.5643310546875,28300918,HDFCBANK.NS
2023-08-08,790.7797145936216,792.6469182530226,786.1596581385537,789.91796875,43773828,HDFCBANK.NS
2023-08-09,791.4021792268796,792.1203300247262,780.917165889668,790.2052612304688,33361236,HDFCBANK.NS
2023-08-10,788.5535116922156,792.0006120305654,780.8692750321005,783.1912841796875,50781118,HDFCBANK.NS
2023-08-11,784.4121451817492,784.4121451817492,773.7834789124577,775.0283203125,28225822,HDFCBANK.NS
2023-08-14,771.2939587813216,773.2090275802822,766.1472113841155,771.24609375,31304410,HDFCBANK.NS
2023-08-16,757.936278873205,770.6475703412267,757.0745330516527,768.9957885742188,34137542,HDFCBANK.NS
2023-08-17,764.8784583736676,770.7673182443161,763.1549081618289,764.73486328125,52884040,HDFCBANK.NS
2023-08-18,760.0669062962402,764.2561193764838,759.0854101401351,761.5989379882812,25633366,HDFCBANK.NS
2023-08-21,766.2668661889733,766.2668661889733,759.8035093045302,761.0004272460938,21837270,HDFCBANK.NS
2023-08-22,764.2799958764373,765.069973432526,756.4521639695814,757.7448120117188,32273570,HDFCBANK.NS
2023-08-23,756.4521477981758,761.5031649471699,753.2204693186583,759.6119995117188,36498588,HDFCBANK.NS
2023-08-24,762.8198062571005,764.2081843881693,754.6089370548672,756.1170654296875,43145792,HDFCBANK.NS
2023-08-25,753.8429059393314,755.2552457791736,746.1108040957927,747.594970703125,30069756,HDFCBANK.NS
2023-08-28,747.5949720764402,757.7209098998453,747.5949720764402,755.3749389648438,28867238,HDFCBANK.NS
2023-08-29,761.0962378308944,762.5086362173317,757.1464082058284,761.383544921875,35538932,HDFCBANK.NS
2023-08-30,767.918583020737,767.918583020737,753.4358760513546,755.8297119140625,28084204,HDFCBANK.NS
2023-08-31,755.9734194012763,757.9603149977916,748.3610091258726,752.3587036132812,100075772,HDFCBANK.NS
2023-09-01,752.1432576208482,755.9733951516992,746.5656081528945,753.9146728515625,43226776,HDFCBANK.NS
2023-09-04,761.2398731833899,761.9340622690505,754.0104999128797,758.630615234375,25073638,HDFCBANK.NS
2023-09-05,760.473793886353,760.473793886353,751.9517147780502,754.0104370117188,38712082,HDFCBANK.NS
2023-09-06,754.9201238552107,766.0274992165465,754.010454511239,763.873046875,56320910,HDFCBANK.NS
2023-09-07,763.8731027987624,772.730296406896,759.8754081832036,771.22216796875,34208342,HDFCBANK.NS
2023-09-08,770.0012791246807,781.7789400663747,769.6661070326583,777.2306518554688,34502210,HDFCBANK.NS
2023-09-11,779.8638828046087,783.5025017381441,777.51791189902,781.2523193359375,31573022,HDFCBANK.NS
2023-09-12,785.178197372979,786.5666339228394,778.0206512071577,783.6940307617188,39033340,HDFCBANK.NS
2023-09-13,781.0129551372609,790.7318942113928,779.7202486339522,787.04541015625,46420094,HDFCBANK.NS
2023-09-14,787.2129133414476,789.9658245482066,782.8321820803015,786.5665893554688,23538848,HDFCBANK.NS
2023-09-15,789.9659158090586,799.5412602431078,789.9659158090586,795.5914306640625,173411202,HDFCBANK.NS
2023-09-18,791.7611944741388,792.3596534268783,778.5232707508934,779.9356689453125,37056288,HDFCBANK.NS
2023-09-20,765.548760092835,765.548760092835,747.0683576854377,748.6482543945312,115474648,HDFCBANK.NS
2023-09-21,743.5254363384076,751.161749541656,735.8891231351594,743.6929931640625,72841442,HDFCBANK.NS
2023-09-22,746.3980579436757,748.9834124885792,729.5215142987016,732.3462524414062,61704250,HDFCBANK.NS
2023-09-25,730.1199506265053,737.636571986799,730.1199506265053,732.9925537109375,40208754,HDFCBANK.NS
2023-09-26,730.1199748754191,737.3014828250133,730.1199748754191,736.1763916015625,27575308,HDFCBANK.NS
2023-09-27,729.1624342668326,733.7107225961398,725.3322967263633,731.0056762695312,39338538,HDFCBANK.NS
2023-09-28,734.4288841265327,736.1524343562999,726.9361657647512,729.49755859375,55354188,HDFCBANK.NS
2023-09-29,729.4975901133708,735.1231049512756,728.8273627596361,730.742431640625,32053782,HDFCBANK.NS
2023-10-03,731.0774976675469,731.0774976675469,721.0233866976592,722.0048828125,38971694,HDFCBANK.NS
2023-10-04,715.7569705893197,734.9076587656226,713.0040591639762,732.2984008789062,54649430,HDFCBANK.NS
2023-10-05,734.9316709791724,742.8313303944558,733.7586561818523,735.2667846679688,48512674,HDFCBANK.NS
2023-10-06,739.2165913446855,739.6953585670591,732.4420234594476,734.452880859375,17759356,HDFCBANK.NS
2023-10-09,731.55630088108,732.513835306317,723.8960254791839,725.9307861328125,16454972,HDFCBANK.NS
2023-10-10,727.989492834349,732.035052316478,725.4280415474352,730.0481567382812,33266292,HDFCBANK.NS
2023-10-11,732.5616968533279,738.330865115236,731.7956810054357,737.1099853515625,31333360,HDFCBANK.NS
2023-10-12,735.4342849776942,743.046695154072,733.2798325755078,742.017333984375,22025336,HDFCBANK.NS
2023-10-13,737.3015454264508,741.5147204919085,732.4899113143808,735.2667846679688,39745300,HDFCBANK.NS
2023-10-16,733.2319960651158,734.6443359841811,727.965556654919,732.3223266601562,17856084,HDFCBANK.NS
2023-10-17,744.8420626176685,744.8420626176685,734.9076433348039,737.8759765625,32902558,HDFCBANK.NS
2023-10-18,737.8760401745988,737.8760401745988,726.8165287202147,727.6065063476562,31216200,HDFCBANK.NS
2023-10-19,720.7361578942352,730.7184423716426,719.682834983418,725.308349609375,30252364,HDFCBANK.NS
2023-10-20,720.5446319365362,731.0775102771368,720.5446319365362,729.0667114257812,21094010,HDFCBANK.NS
2023-10-23,729.4018275247573,731.9153553189844,718.1986633818357,721.04736328125,22376136,HDFCBANK.NS
2023-10-25,728.2049558099759,729.0667602000749,714.0573608059868,716.4751586914062,28311996,HDFCBANK.NS
2023-10-26,713.9615222749121,714.3205976423598,699.1197404204128,700.6278686523438,55561798,HDFCBANK.NS
2023-10-27,703.548416210113,707.6179375015631,702.3036331507926,703.380859375,31940532,HDFCBANK.NS
2023-10-30,700.5560392009198,713.3390988556793,699.9097152306466,711.01708984375,23310982,HDFCBANK.NS
2023-10-31,720.0658162779376,720.0658162779376,705.7028013255851,706.8997192382812,32634824,HDFCBANK.NS
2023-11-01,700.0773018118728,707.354539496317,700.0773018118728,705.9421997070312,33877466,HDFCBANK.NS
2023-11-02,710.9692996573848,713.6025192857455,702.4233167339939,707.0194702148438,45225154,HDFCBANK.NS
2023-11-03,712.4056102569502,714.0334304636632,709.3654501545199,710.370849609375,18095340,HDFCBANK.NS
2023-11-06,717.193263319672,717.193263319672,710.0117553425058,715.517578125,25593730,HDFCBANK.NS
2023-11-07,715.2781260341811,715.2781260341811,707.234814492639,712.0464477539062,41952848,HDFCBANK.NS
2023-11-08,710.4664864917698,715.0147744015756,709.0541467812902,714.1051635742188,31399546,HDFCBANK.NS
2023-11-09,711.4481354625899,714.6079876326531,710.2512173342882,711.2805786132812,22116740,HDFCBANK.NS
2023-11-10,708.6233409063911,716.2357512885518,708.5994376116778,714.081298828125,14015186,HDFCBANK.NS
2023-11-13,714.3685319579603,716.2117740009877,711.4001986764561,712.7886352539062,20605914,HDFCBANK.NS
2023-11-15,720.1137927400063,723.3933366396359,718.4142041069291,720.2574462890625,41245460,HDFCBANK.NS
2023-11-16,722.794761480394,727.2473194666765,719.9461202422743,722.1484375,29713838,HDFCBANK.NS
2023-11-17,713.3630955591337,721.7415211781168,712.8843283809061,720.5924682617188,23701874,HDFCBANK.NS
2023-11-20,724.3747271219125,724.3747271219125,718.8928664109501,720.6403198242188,19331452,HDFCBANK.NS
2023-11-21,727.2473578304415,728.6836593929769,723.9438525479579,726.74462890625,24959972,HDFCBANK.NS
2023-11-22,727.7260937743376,727.7260937743376,719.8503972552013,724.1593017578125,29123650,HDFCBANK.NS
2023-11-23,722.220328180805,729.5693930831869,722.220328180805,728.3485717773438,13046220,HDFCBANK.NS
2023-11-24,728.3006518298484,734.0219550188177,727.654327789123,733.5192260742188,16469192,HDFCBANK.NS
2023-11-28,735.0033214761758,735.9848175325754,730.5029569217514,731.867431640625,28489338,HDFCBANK.NS
2023-11-29,734.3809775281464,748.3130905581396,733.950075384279,746.4698486328125,34042488,HDFCBANK.NS
2023-11-30,751.257597217354,752.8374939821603,738.3308822383686,746.3023681640625,69491440,HDFCBANK.NS
2023-12-01,745.8714174875178,749.6297282428743,743.09454440636,744.6744995117188,22153536,HDFCBANK.NS
2023-12-04,760.2823241901957,771.7727371502491,753.4120264631497,770.5279541015625,50662456,HDFCBANK.NS
2023-12-05,783.5025725396295,784.6994906156142,773.9272279317513,777.3743286132812,52230820,HDFCBANK.NS
2023-12-06,784.4360428215049,784.4360428215049,773.9989536278642,779.3372192382812,38613060,HDFCBANK.NS
2023-12-07,777.996699171334,782.3056039667443,773.7835244385168,780.60595703125,20450386,HDFCBANK.NS
2023-12-08,780.605970823838,792.3597291563016,780.605970823838,791.4979248046875,33728038,HDFCBANK.NS
2023-12-11,789.9898356540881,796.5249611291558,788.5295723280279,790.4446411132812,23187620,HDFCBANK.NS
2023-12-12,791.9766596766761,792.9581557902037,781.2762247045517,782.5928344726562,36581476,HDFCBANK.NS
2023-12-13,781.563465201162,783.2631120796166,773.2568662574292,780.8214111328125,29346914,HDFCBANK.NS
2023-12-14,788.0507632436652,794.2507747290626,787.5719960728002,790.0376586914062,35172366,HDFCBANK.NS
2023-12-15,789.9658581899005,798.5836675519721,788.3380380661904,793.101806640625,138837130,HDFCBANK.NS
2023-12-18,795.0886602023099,797.0037289891579,790.4206800343679,792.69482421875,18014754,HDFCBANK.NS
2023-12-19,789.9658725265142,794.1072204559873,787.1172310907685,791.3543090820312,24008446,HDFCBANK.NS
2023-12-20,793.795966876438,799.038444004139,787.308648353673,793.3171997070312,34232520,HDFCBANK.NS
2023-12-21,793.31719852569,808.9968233004131,790.0855201370065,807.5365600585938,36589240,HDFCBANK.NS
2023-12-22,806.052401579033,807.1535894553359,798.1527432166448,799.9481201171875,48578850,HDFCBANK.NS
2023-12-26,801.0971963079616,807.1775162105685,798.8470139045111,805.5018310546875,18045856,HDFCBANK.NS
2023-12-27,805.0470435987298,817.0162235511344,803.6586070355986,815.4841918945312,27009078,HDFCBANK.NS
2023-12-28,818.3567550440999,824.1498261689791,814.8617312916912,816.417724609375,44076470,HDFCBANK.NS
2023-12-29,812.4679265922668,821.0378710363707,811.9891593992248,818.3328247070312,25011426,HDFCBANK.NS
2024-01-01,816.7767791077962,818.2849073581062,810.074038833758,812.9945068359375,14239686,HDFCBANK.NS
2024-01-02,813.3297325444754,815.2448013204753,808.4941371304667,813.4733276367188,29242092,HDFCBANK.NS
2024-01-03,814.8617397029581,816.1543877106121,799.038461039413,800.9296264648438,28389762,HDFCBANK.NS
2024-01-04,803.3713517790169,811.4864323425077,799.8763278844378,809.5234985351562,26734056,HDFCBANK.NS
2024-01-05,807.7520737623003,816.2501913581319,798.6315354441177,805.3821411132812,31889470,HDFCBANK.NS
2024-01-08,803.6106815691105,805.453923454508,794.753489070434,796.4052124023438,17998470,HDFCBANK.NS
2024-01-09,798.1767467752176,803.2756291285802,788.4098842358525,790.2052612304688,25326888,HDFCBANK.NS
2024-01-10,786.6144417967229,794.729521759928,785.8484260314029,792.814453125,16115824,HDFCBANK.NS
2024-01-11,794.7535608406137,796.1419974247106,786.6145183500772,789.4871215820312,18314010,HDFCBANK.NS
2024-01-12,790.9233945544381,792.8384633063858,782.1140666068262,785.752685546875,19773552,HDFCBANK.NS
2024-01-15,788.8646717373587,804.7597774337735,786.9017379565865,800.8817749023438,28320356,HDFCBANK.NS
2024-01-16,800.9775061380469,806.0763883828079,793.8438633427261,803.9219360351562,25322500,HDFCBANK.NS
2024-01-17,751.6644868680132,764.4954709128732,731.7477834906084,736.1045532226562,170145236,HDFCBANK.NS
2024-01-18,715.2781469954391,725.332257495375,708.5993683977847,711.5198364257812,161070930,HDFCBANK.NS
2024-01-19,720.9993837290294,723.058105901483,703.0217118745396,704.0989379882812,109600538,HDFCBANK.NS
2024-01-23,701.3939438294391,706.0379622645205,682.243255943311,683.3683471679688,115469402,HDFCBANK.NS
2024-01-24,660.8183625809348,698.2579305485548,660.8183625809348,697.037109375,86004404,HDFCBANK.NS
2024-01-25,695.409322831776,697.731331945695,679.5621410018516,686.9830322265625,98941852,HDFCBANK.NS
2024-01-29,693.2788688648152,700.3406850803747,692.2016426624417,696.438720703125,65645498,HDFCBANK.NS
2024-01-30,696.3908845219285,700.53217422801,689.8557002681358,691.4835205078125,41728768,HDFCBANK.NS
2024-01-31,689.1854007024332,706.1576749666016,687.8927526091608,700.2210083007812,65761040,HDFCBANK.NS
2024-02-01,701.4178599181299,705.5112841214318,697.1089554241759,702.0402221679688,32690740,HDFCBANK.NS
2024-02-02,706.1816860179249,708.9824627111053,690.4063286804585,692.3692626953125,44867754,HDFCBANK.NS
2024-02-05,692.2973590957444,695.1220972150085,686.5761145330804,691.7467651367188,38605046,HDFCBANK.NS
2024-02-06,692.0819428119112,694.0687799185687,685.8818725644124,691.3876953125,41075740,HDFCBANK.NS
2024-02-07,695.6487669186412,696.0318040698868,683.0332624281431,684.6131591796875,54837086,HDFCBANK.NS
2024-02-08,684.5652392978377,688.9220089386799,670.5134342809237,671.7343139648438,69106124,HDFCBANK.NS
2024-02-09,666.515758652701,677.0725401801844,664.0500959229506,671.9976196289062,56642124,HDFCBANK.NS
2024-02-12,670.1065656569043,676.809306881893,662.3026364247897,665.4864501953125,34447812,HDFCBANK.NS
2024-02-13,666.4199643535106,672.3566891768745,662.7813454112104,667.6168823242188,57580994,HDFCBANK.NS
2024-02-14,658.7837177497752,666.2046099191948,652.8230890297091,662.6378173828125,91320810,HDFCBANK.NS
2024-02-15,663.0925826953933,677.6949825309235,662.7813723217212,677.0007934570312,41584944,HDFCBANK.NS
2024-02-16,681.7166435513678,683.5359238875297,674.31965507416,679.8015747070312,32175742,HDFCBANK.NS
2024-02-19,684.1584015447481,684.1584015447481,677.5513901049375,678.4610595703125,34451756,HDFCBANK.NS
2024-02-20,677.4556044062488,697.6835190961174,675.9235727064516,696.2711791992188,56133508,HDFCBANK.NS
2024-02-21,700.9151754054046,700.9151754054046,687.0309267122648,689.017822265625,45893136,HDFCBANK.NS
2024-02-22,678.7722288264276,684.0626300055545,676.1150473676641,679.634033203125,50560882,HDFCBANK.NS
2024-02-23,681.0702888003248,686.5042847124961,678.8918747107963,680.1366577148438,29833452,HDFCBANK.NS
2024-02-26,676.761348833584,686.9590543726445,676.761348833584,680.9505615234375,23506870,HDFCBANK.NS
2024-02-27,676.7613520010825,683.0570934898373,676.5219684176848,679.9212036132812,32087150,HDFCBANK.NS
2024-02-28,679.9212837827165,681.8602559709077,672.1891814386264,674.7745361328125,25321986,HDFCBANK.NS
2024-02-29,671.2794957514693,675.2532869853846,668.9814482015562,671.9019165039062,53295700,HDFCBANK.NS
2024-03-01,670.2740637422462,685.9536891619308,670.2740637422462,684.9961547851562,34738898,HDFCBANK.NS
2024-03-04,685.0918449690896,687.9884096675396,681.9080901062357,685.9296875,35616474,HDFCBANK.NS
2024-03-05,680.806915575396,690.8610261429652,680.6393587545882,689.8316650390625,37991672,HDFCBANK.NS
2024-03-06,686.3367475409569,695.576919496979,686.3367475409569,690.6695556640625,42409530,HDFCBANK.NS
2024-03-07,692.0579662212759,694.7151474764962,690.0950324505662,692.34521484375,49348046,HDFCBANK.NS
2024-03-11,684.6370656855901,692.2733788101641,681.2856954339823,683.5838012695312,50531094,HDFCBANK.NS
2024-03-12,686.5522029862251,700.9152197851,684.2780586597365,698.7847290039062,65418454,HDFCBANK.NS
2024-03-13,701.6332902428926,704.5537583020961,694.2602641088363,699.1915893554688,63067454,HDFCBANK.NS
2024-03-14,700.0054686474973,701.8726723020275,691.4834480743144,696.8216552734375,52432158,HDFCBANK.NS
2024-03-15,694.2123954494871,698.6649535010525,690.5019498876019,695.4811401367188,143613804,HDFCBANK.NS
2024-03-18,692.7761555716247,697.0850604784281,687.413986176019,692.3213500976562,21437856,HDFCBANK.NS
2024-03-19,687.2702704859524,695.3614473234808,687.2702704859524,693.9011840820312,36183594,HDFCBANK.NS
2024-03-20,693.7575794231888,695.0023623556473,682.0756489825828,685.1397705078125,43606094,HDFCBANK.NS
2024-03-21,690.6694840822236,694.8108316494399,688.6108203877344,692.1776123046875,28922860,HDFCBANK.NS
2024-03-22,689.9034770136652,694.5714568199686,688.3474837448974,690.7891845703125,45980326,HDFCBANK.NS
2024-03-26,683.2965603924812,688.4433080631126,680.8788209713061,682.434814453125,56844290,HDFCBANK.NS
2024-03-27,681.5490768981103,693.2309499256703,680.4478889511747,689.7598876953125,62168668,HDFCBANK.NS
2024-03-28,689.75981165874,699.2394246339555,689.75981165874,693.2069702148438,55592142,HDFCBANK.NS
2024-04-01,698.04251018733,705.6070545940972,696.8934573296461,704.027099609375,25199570,HDFCBANK.NS
2024-04-02,701.4657698820595,715.685132245699,700.5561005197442,708.6472778320312,41225446,HDFCBANK.NS
2024-04-03,704.7931146774648,716.0681045148733,704.4580010474605,709.6765747070312,45584386,HDFCBANK.NS
2024-04-04,720.0658521240722,732.5137990357915,720.0658521240722,731.36474609375,88935066,HDFCBANK.NS
2024-04-05,736.8227010597361,744.2435924609226,732.5856231419043,741.8737182617188,59055902,HDFCBANK.NS
2024-04-08,744.4590593119542,745.5602472863112,738.0436253706997,740.4613647460938,20482940,HDFCBANK.NS
2024-04-09,744.4111567395224,744.4111567395224,737.4451291623751,741.3949584960938,21884494,HDFCBANK.NS
2024-04-10,742.041335404094,742.041335404094,733.9261958559255,735.5540161132812,27807400,HDFCBANK.NS
2024-04-12,728.2048847735614,732.4419626511461,724.5901691674342,727.223388671875,41084208,HDFCBANK.NS
2024-04-15,716.9778144689066,722.9384424882777,714.3445949763995,715.61328125,23415248,HDFCBANK.NS
2024-04-16,711.9268363888184,724.3269187314523,709.6526921569106,722.5794067382812,20744886,HDFCBANK.NS
2024-04-18,722.8427124294902,727.1755203466597,713.8658277959437,715.61328125,34234884,HDFCBANK.NS
2024-04-19,711.7113984519393,734.8836839791993,708.6951417404246,733.13623046875,34576434,HDFCBANK.NS
2024-04-22,745.6320106114753,745.6320106114753,722.12455398941,723.99169921875,42298438,HDFCBANK.NS
2024-04-23,730.7424105369589,730.838140600938,719.7068030516607,721.7894287109375,26827060,HDFCBANK.NS
2024-04-24,725.3323355684494,728.5640142912791,722.4836939974829,723.7523803710938,22441580,HDFCBANK.NS
2024-04-25,721.1430939897369,727.5824894434112,721.1430939897369,723.2975463867188,35445204,HDFCBANK.NS
2024-04-26,727.630384206722,731.5562517090086,720.807951885483,722.8427124023438,24854694,HDFCBANK.NS
2024-04-29,725.3322898363435,734.6442882658492,721.2867304749565,732.2744140625,36093350,HDFCBANK.NS
2024-04-30,732.1307565147657,737.0620819015442,725.2844208297038,727.7739868164062,52307382,HDFCBANK.NS
2024-05-02,728.6837005042626,735.8652087221101,727.8937229116466,733.591064453125,33475006,HDFCBANK.NS
2024-05-03,734.0698523195007,737.5887797565925,721.59794265299,727.53466796875,31865242,HDFCBANK.NS
2024-05-06,728.6836626849343,734.6682525558684,726.361653503664,728.994873046875,28793396,HDFCBANK.NS
2024-05-07,728.6596397036968,729.6650974721125,720.1376195097258,721.0951538085938,28480602,HDFCBANK.NS
2024-05-08,716.2117457291306,716.6905129132654,708.7429893452799,709.8441772460938,41687862,HDFCBANK.NS
2024-05-09,706.1576388307392,711.8071150125822,691.9622384959757,693.0155029296875,46281278,HDFCBANK.NS
2024-05-10,698.3538309269745,704.6385064038308,692.4331341667237,697.8200073242188,27276608,HDFCBANK.NS
2024-05-13,694.956710818051,708.4482125597933,694.1317160729689,706.2400512695312,27047202,HDFCBANK.NS
2024-05-14,704.7841569928967,711.2144479759614,703.8378359787137,709.0062866210938,25665142,HDFCBANK.NS
2024-05-15,708.39964782104,708.39964782104,696.8009063196256,698.1112060546875,38931996,HDFCBANK.NS
2024-05-16,701.7752582341244,709.782790041372,696.655267230535,708.6665649414062,34945236,HDFCBANK.NS
2024-05-17,701.848002597153,712.4276743183018,701.848002597153,710.5349731445312,20920190,HDFCBANK.NS
2024-05-21,703.7407019802051,713.2526672307866,703.7407019802051,707.962890625,43769978,HDFCBANK.NS
2024-05-22,707.5018325662894,711.2629460513618,702.7943980944078,708.156982421875,39996278,HDFCBANK.NS
2024-05-23,707.8900706969359,725.8463536828482,707.1135946322969,724.3661499023438,40861920,HDFCBANK.NS
2024-05-24,721.8911533778286,737.6150464828621,721.1631959122375,736.3046875,31060206,HDFCBANK.NS
2024-05-27,739.2893258205864,749.7961904344879,737.2025499615863,741.400390625,29385440,HDFCBANK.NS
2024-05-28,742.5651435020584,745.4527436990592,739.9930626339711,742.75927734375,27908904,HDFCBANK.NS
2024-05-29,736.692907911739,739.5319299971256,728.5640500675219,731.9854736328125,35147706,HDFCBANK.NS
2024-05-30,727.569210732381,739.4106642295702,726.8170235494816,735.1642456054688,33755350,HDFCBANK.NS
2024-05-31,737.1782587165238,745.4284433104547,734.751733835956,743.2688598632812,74079588,HDFCBANK.NS
2024-06-03,776.0026570209221,776.0026570209221,752.2227131847588,762.9964599609375,72637256,HDFCBANK.NS
2024-06-04,755.6198511271432,756.5904610836327,705.6334383679294,719.7800903320312,89531240,HDFCBANK.NS
2024-06-05,725.0699500696824,756.8816568854197,719.3918460943981,753.0963134765625,81631650,HDFCBANK.NS
2024-06-06,759.4537360573207,759.7206182378197,750.5726316827747,756.9301147460938,46422870,HDFCBANK.NS
2024-06-07,757.5852892641512,768.8928586568827,753.2175448676818,763.5545043945312,36712216,HDFCBANK.NS
2024-06-10,763.8700759254958,767.0973660487972,755.9110620154896,757.7067260742188,22454058,HDFCBANK.NS
2024-06-11,755.1345051292465,762.4140794074847,753.2903226155619,759.4052124023438,29545326,HDFCBANK.NS
2024-06-12,764.3553074238586,770.8098870497467,760.1816966411113,763.9428100585938,39280436,HDFCBANK.NS
2024-06-13,767.6311179466796,769.5480488358222,763.8700045190919,767.1458129882812,24120192,HDFCBANK.NS
2024-06-14,768.7230745298527,776.0026490992642,765.6656295141681,774.9835205078125,25540554,HDFCBANK.NS
2024-06-18,774.983540294414,781.5836762242601,771.3679826211641,780.2733764648438,32415714,HDFCBANK.NS
2024-06-19,782.9910236928816,810.4107535609992,778.4291452824868,804.5628051757812,90131196,HDFCBANK.NS
2024-06-20,810.3622826499824,816.0160382972864,801.7238302737451,810.1438598632812,41408742,HDFCBANK.NS
2024-06-21,811.8424431419929,811.8424431419929,797.4289085916951,808.3967895507812,51630776,HDFCBANK.NS
2024-06-24,799.2972656586157,812.9343231272944,798.6906344612428,811.6240234375,28544994,HDFCBANK.NS
2024-06-25,810.9931467609703,833.2443684249017,810.9931467609703,830.5266723632812,74521548,HDFCBANK.NS
2024-06-26,828.876653523733,830.3083388227997,820.699276097629,825.7464599609375,47596666,HDFCBANK.NS
2024-06-27,823.1257354693937,831.3274011881083,818.5153383232833,823.1500244140625,55074650,HDFCBANK.NS
2024-06-28,823.8537284054296,828.2214732583296,814.8270675577021,817.1565551757812,26476046,HDFCBANK.NS
2024-07-01,815.3123309202279,828.5611799942127,815.3123309202279,827.5419921875,21187024,HDFCBANK.NS
2024-07-02,832.2980286836319,841.9556094944659,826.353042764463,839.8687744140625,45921690,HDFCBANK.NS
2024-07-03,869.1812101031826,870.6371250279785,856.3934358619908,858.3346557617188,123217802,HDFCBANK.NS
2024-07-04,854.0154497500956,854.0154497500956,837.0782938778042,838.1945190429688,45848658,HDFCBANK.NS
2024-07-05,817.7388187080663,817.7388187080663,796.9677437114144,799.8310546875,82242548,HDFCBANK.NS
2024-07-08,798.472252380916,803.1553977227993,789.6639557513818,793.6434326171875,39087800,HDFCBANK.NS
2024-07-09,788.6205918556537,799.1516862165171,786.3639118522315,794.2015991210938,48550878,HDFCBANK.NS
2024-07-10,791.0228924563764,795.9002315965357,786.5581099756618,789.1544799804688,45507182,HDFCBANK.NS
2024-07-11,788.1109895551602,789.0330808548738,776.973264088155,787.1161499023438,44177074,HDFCBANK.NS
2024-07-12,787.1647047300575,795.1237185250396,781.899157363576,787.50439453125,56049960,HDFCBANK.NS
2024-07-15,787.8926346206944,790.9500796896383,783.8645795922547,787.2131958007812,33375694,HDFCBANK.NS
2024-07-16,786.5579978211608,789.5911537590798,784.6410669649267,786.0726928710938,28950324,HDFCBANK.NS
2024-07-18,780.3704345530638,788.1110255525017,776.0754971813087,783.6705322265625,33717064,HDFCBANK.NS
2024-07-19,784.2528302190582,787.649965003423,778.1865181041212,780.0307006835938,26002152,HDFCBANK.NS
2024-07-22,784.7381297391379,801.2384985771903,782.6270649860646,797.1376953125,53744822,HDFCBANK.NS
2024-07-23,799.5642547535156,799.6855810002239,778.9145038672318,785.4176025390625,52002152,HDFCBANK.NS
2024-07-24,780.4432298173384,786.6793870769927,770.6886113878456,778.4534912109375,61728206,HDFCBANK.NS
2024-07-25,773.0908208499962,788.6205799631161,773.0908208499962,784.5440063476562,25535732,HDFCBANK.NS
2024-07-26,778.9144923179402,787.0433507268658,774.7651110455088,785.2962646484375,43810540,HDFCBANK.NS
2024-07-29,783.7674811785615,791.9448576014164,775.662912345258,778.938720703125,51001148,HDFCBANK.NS
2024-07-30,777.4585786816452,793.3523167913979,776.0026637402938,784.0344848632812,54595834,HDFCBANK.NS
2024-07-31,783.2821860675673,790.0279366929944,780.9526986206498,784.1314697265625,37820484,HDFCBANK.NS
2024-08-01,787.6014491725216,800.7774909815698,785.1991540216145,795.3178100585938,26215174,HDFCBANK.NS
2024-08-02,791.5323792943032,810.7019249608421,791.5323792943032,805.1937255859375,44119238,HDFCBANK.NS
2024-08-05,795.9486333620303,798.8119444034794,776.9732217436031,784.1314697265625,41333634,HDFCBANK.NS
2024-08-06,791.0470575275043,792.4786834136157,773.2363898060842,777.0702514648438,45116050,HDFCBANK.NS
2024-08-07,784.7381567736204,791.0471215466921,777.5556193354371,787.8926391601562,42346264,HDFCBANK.NS
2024-08-08,788.1352699911228,802.3547292854007,785.8300713873926,797.21044921875,33976950,HDFCBANK.NS
2024-08-09,801.7237923493824,806.8437833638833,798.7149252998082,800.8502197265625,26644618,HDFCBANK.NS
2024-08-12,801.7238266679481,813.3468572381819,799.4671466635041,805.65478515625,39316196,HDFCBANK.NS
2024-08-13,790.0765423217451,792.2118961762867,777.0461148817201,778.0409545898438,54055042,HDFCBANK.NS
2024-08-14,779.6424562895212,783.1366284755188,778.0409261468292,780.2733764648438,32334428,HDFCBANK.NS
2024-08-16,790.3191371152319,793.061122021343,781.8263002104013,792.0662231445312,27849246,HDFCBANK.NS
2024-08-19,794.759726022084,794.759726022084,787.9896858897818,791.7993774414062,19502164,HDFCBANK.NS
2024-08-20,789.8095595425733,798.8119905444514,789.8095595425733,794.783935546875,31134494,HDFCBANK.NS
2024-08-21,790.1250159925943,793.2552686183906,785.1264103072706,789.0088500976562,47630904,HDFCBANK.NS
2024-08-22,792.0177904024437,795.0752357163401,790.0765703279278,791.6781005859375,21300638,HDFCBANK.NS
2024-08-23,792.9883534236101,792.9883534236101,787.6499985352013,788.6448974609375,20333422,HDFCBANK.NS
2024-08-26,792.1147410094821,799.7582942162704,792.1147410094821,795.8758544921875,22364266,HDFCBANK.NS
2024-08-27,797.550212512406,799.4914324239653,792.1147612152419,794.8082275390625,35773244,HDFCBANK.NS
2024-08-28,794.8081968881353,795.7788068064845,791.1441207498361,794.4927368164062,26921188,HDFCBANK.NS
2024-08-29,796.8707505966252,798.035494358065,791.6052035874162,795.1964721679688,49052604,HDFCBANK.NS
2024-08-30,803.6650654368904,806.5768953841255,786.7521983416328,794.395751953125,445342100,HDFCBANK.NS
2024-09-02,799.200245545704,799.200245545704,787.747000900005,789.56689453125,34049680,HDFCBANK.NS
2024-09-03,792.9883149182248,795.8758557711201,788.4264363868309,794.6140747070312,37282860,HDFCBANK.NS
2024-09-04,795.4148650304477,798.2296576209254,792.0177301584446,796.7737426757812,24682744,HDFCBANK.NS
2024-09-05,798.8120464324933,800.704747819695,796.8708263925602,798.5451049804688,22876318,HDFCBANK.NS
2024-09-06,795.0751309568867,799.6612390821284,793.0368146024134,794.419921875,26029602,HDFCBANK.NS
2024-09-09,794.9295949741877,800.0252975060735,791.0956736019307,799.0546875,23792914,HDFCBANK.NS
2024-09-10,802.6944096330184,802.6944096330184,794.9295302169795,800.9230346679688,26606646,HDFCBANK.NS
2024-09-11,800.9473289635273,801.9664575454252,795.5118777911906,797.7928466796875,22226684,HDFCBANK.NS
2024-09-12,802.6944342572692,810.4593139115112,799.32158835399,808.8092651367188,32424046,HDFCBANK.NS
2024-09-13,812.400503038587,812.400503038587,804.1746076631325,808.4937744140625,23860532,HDFCBANK.NS
2024-09-16,809.0034181076534,814.2447356947455,807.5717920840796,810.9203491210938,15172820,HDFCBANK.NS
2024-09-17,814.3417351276187,814.3417351276187,807.6202731787942,809.876953125,20127122,HDFCBANK.NS
2024-09-18,811.3570886275262,824.4846115422112,810.9931099061356,822.494873046875,40917342,HDFCBANK.NS
2024-09-19,824.6301946967953,834.2392569551141,824.6059649927001,829.1435546875,30651776,HDFCBANK.NS
2024-09-20,833.0259912779876,846.8328941482245,828.6825354394553,845.0130004882812,60623386,HDFCBANK.NS
2024-09-23,848.7983557064159,857.2183847223622,844.551937403139,854.0396728515625,26965350,HDFCBANK.NS
2024-09-24,856.5633141386422,864.6436541344489,851.3462854547951,858.0435180664062,33039036,HDFCBANK.NS
2024-09-25,854.2095613390953,867.7252930088929,854.2095613390953,863.4060668945312,31965312,HDFCBANK.NS
2024-09-26,860.4700264333525,867.7253122548344,858.0435015109396,865.5171508789062,31899644,HDFCBANK.NS
2024-09-27,862.3868654114664,862.9692076341789,849.2836322285123,850.5697021484375,35613502,HDFCBANK.NS
2024-09-30,848.7013681367213,849.987378933711,836.8599148404105,840.572509765625,26383534,HDFCBANK.NS
2024-10-01,836.6658121791694,845.4013020975134,834.773110848595,837.7334594726562,24572284,HDFCBANK.NS
2024-10-03,832.613483062025,837.7091852435565,812.0850591484665,816.282958984375,48473398,HDFCBANK.NS
2024-10-04,812.6431358067093,820.4808225688465,802.2090794198211,804.4657592773438,48683232,HDFCBANK.NS
2024-10-07,801.8208473760044,805.1209448670484,782.7969162571121,785.1264038085938,94458296,HDFCBANK.NS
2024-10-08,791.0471237749532,804.0533210403008,787.164683903665,801.2628173828125,29734406,HDFCBANK.NS
2024-10-09,800.5105298956967,804.0289908485573,790.4161630516477,792.5758056640625,41125642,HDFCBANK.NS
2024-10-10,795.4147877416559,808.2510795642027,792.2603056670246,806.7709350585938,21754766,HDFCBANK.NS
2024-10-11,807.7658537028776,807.7658537028776,797.4774117796152,801.238525390625,23672594,HDFCBANK.NS
2024-10-14,803.689357680797,821.1603374358971,802.6944587482099,819.2433471679688,18527508,HDFCBANK.NS
2024-10-15,822.1066552857113,824.0478752509669,813.1285129464045,817.3021240234375,19651130,HDFCBANK.NS
2024-10-16,815.3608435545054,828.8765747113987,815.3608435545054,824.92138671875,20470682,HDFCBANK.NS
2024-10-17,822.5676501021808,823.8780090897097,808.1298269832027,811.988037109375,14695732,HDFCBANK.NS
2024-10-18,807.1106759435778,820.6506963237373,802.7429312558701,816.2101440429688,24809724,HDFCBANK.NS
2024-10-21,832.2980010606213,848.3858722296796,830.3810701774502,838.9466552734375,46548354,HDFCBANK.NS
2024-10-22,839.6018162444277,844.4305765922039,830.211118473748,832.07958984375,38875280,HDFCBANK.NS
2024-10-23,827.4692671141377,847.5851345291038,827.4692671141377,842.3923950195312,38036090,HDFCBANK.NS
2024-10-24,843.5085952441257,858.3346864549975,843.5085952441257,849.1138916015625,30832258,HDFCBANK.NS
2024-10-25,851.7102756678665,853.0933830706845,838.9467304613248,846.0807495117188,26130478,HDFCBANK.NS
2024-10-28,845.4012471416386,849.7689918168825,839.043763962605,841.6158447265625,22012142,HDFCBANK.NS
2024-10-29,837.7092042477628,856.0779859182065,837.1996103215174,850.1815185546875,35794926,HDFCBANK.NS
2024-10-30,845.4012662208864,851.5889046504595,836.7628139716957,841.8099975585938,32715724,HDFCBANK.NS
2024-10-31,838.6069864702176,843.8968224808245,834.4333755848933,842.3438110351562,22895912,HDFCBANK.NS
2024-11-01,841.0335262277963,846.4203996311912,837.6849100339031,843.120361328125,1759692,HDFCBANK.NS
2024-11-04,846.8571409139798,846.8571409139798,830.3082539054162,831.8612060546875,28089248,HDFCBANK.NS
2024-11-05,826.4743572133567,855.447039991069,823.999313734677,853.0933227539062,44232406,HDFCBANK.NS
2024-11-06,859.7177486791857,859.7177486791857,847.0270119492034,851.83154296875,27787910,HDFCBANK.NS
2024-11-07,846.5174388742477,854.5977188117542,843.4599940256105,847.609375,18895456,HDFCBANK.NS
2024-11-08,850.2543248355499,855.0103373353861,847.2696873607207,851.4432983398438,19902986,HDFCBANK.NS
2024-11-11,851.4918803256005,865.2017460745226,849.8660612419557,857.1942138671875,24565362,HDFCBANK.NS
2024-11-12,859.9603824917264,861.4162973605047,829.2163253609564,833.8509521484375,31395406,HDFCBANK.NS
2024-11-13,833.1473377113161,839.2864576545572,811.9152444974701,815.967529296875,35728500,HDFCBANK.NS
2024-11-14,811.9637453515568,827.3721783747438,811.4784403744485,821.5,27146470,HDFCBANK.NS
2024-11-18,825.0184258091194,834.190701332557,822.5919010273279,827.4934692382812,27081968,HDFCBANK.NS
2024-11-19,831.812657575625,851.1035287183504,826.3286881202827,845.5225219726562,50981272,HDFCBANK.NS
2024-11-21,848.9925368361551,853.6514527573436,841.6158656563873,845.0130004882812,35716512,HDFCBANK.NS
2024-11-22,846.1535367827626,851.370565411524,839.3592669406547,847.1483764648438,24773612,HDFCBANK.NS
2024-11-25,866.2936036686173,875.2717450257129,856.5146973151911,866.5604858398438,427737274,HDFCBANK.NS
2024-11-26,878.4019369086114,878.4019369086114,858.8927021168951,866.5362548828125,30935566,HDFCBANK.NS
2024-11-27,868.6474059809165,881.9690041453489,866.3422072982357,879.5182495117188,32714976,HDFCBANK.NS
2024-11-28,882.7697308653094,891.0684339141281,867.725276958314,870.224609375,35722392,HDFCBANK.NS
2024-11-29,874.1799313606635,875.7814023363161,865.2503073983569,871.632080078125,27669536,HDFCBANK.NS
2024-12-02,875.2475527258944,877.5042327860683,861.4163604593637,875.8298950195312,15110876,HDFCBANK.NS
2024-12-03,884.5653546960274,891.6993733770357,881.3623537076274,886.3125,43410242,HDFCBANK.NS
2024-12-04,891.9905313310416,905.0937654692016,888.6662041479593,902.7157592773438,44669084,HDFCBANK.NS
2024-12-05,902.6672600453908,912.349070670313,890.6316728815866,905.457763671875,39682714,HDFCBANK.NS
2024-12-06,901.2113107944992,904.7054828102569,894.9023463139778,900.6531982421875,17783156,HDFCBANK.NS
2024-12-09,899.5855395249345,912.3733132102273,897.3288596413352,907.520263671875,26947912,HDFCBANK.NS
2024-12-10,911.2571214453396,911.2571214453396,901.963578632584,906.5982055664062,13325480,HDFCBANK.NS
2024-12-11,903.492253077643,908.4423993938312,901.0900171351184,904.1716918945312,14045426,HDFCBANK.NS
2024-12-12,898.299517608064,906.8651623497836,897.183292457994,902.3032836914062,17293790,HDFCBANK.NS
2024-12-13,903.8805576801874,909.9468701478396,887.7441665162323,908.36962890625,19009002,HDFCBANK.NS
2024-12-16,905.1422772502634,907.4959944793276,900.3620351992098,905.1907958984376,13107082,HDFCBANK.NS
2024-12-17,900.8958970749952,903.8077269850552,886.4095551207139,889.6853637695312,21079532,HDFCBANK.NS
2024-12-18,888.0353013877913,891.0199388482123,877.0189020931173,878.74169921875,23422312,HDFCBANK.NS
2024-12-19,873.3547574630064,874.0827148724125,863.3574875554302,870.3944091796875,25380770,HDFCBANK.NS
2024-12-20,864.9105130352275,872.3599918831414,857.5581899695972,859.7177734375,25692348,HDFCBANK.NS
2024-12-23,864.8135067920166,876.4608267488114,864.4738169898098,874.0343017578125,11044592,HDFCBANK.NS
2024-12-24,874.5438211790217,877.7710517489787,868.4775092184595,872.6268310546875,14485834,HDFCBANK.NS
2024-12-26,872.8452779528201,879.3726061062491,864.2068257857081,869.0598754882812,10481678,HDFCBANK.NS
2024-12-27,871.0253675774094,876.4364704987394,868.2590937552997,872.6996459960938,7259330,HDFCBANK.NS
2024-12-30,869.7635560951499,880.8285332674382,859.4751142791366,862.82373046875,22222218,HDFCBANK.NS
