Date,Open,High,Low,Close,Volume,Ticker
2018-01-01,299.0876164324822,299.0876164324822,294.4203314164528,295.5633239746094,7739502,ICICIBANK.NS
2018-01-02,296.1823953387731,296.89677638969323,292.8962308772449,294.99176025390625,7046560,ICICIBANK.NS
2018-01-03,297.6588294619606,301.3259920545809,297.6588294619606,300.04010009765625,8898342,ICICIBANK.NS
2018-01-04,299.9924605392053,300.659198818972,296.7062957169691,299.7543334960937,6385367,ICICIBANK.NS
2018-01-05,299.5161999982949,300.18293826369325,296.8015459516768,298.039794921875,6366054,ICICIBANK.NS
2018-01-08,298.6113137305207,303.0881137933312,297.7540621841773,299.2304382324219,7329648,ICICIBANK.NS
2018-01-09,299.8495900968376,300.8020983615267,295.9919432521448,297.75408935546875,9190909,ICICIBANK.NS
2018-01-10,297.70639345971034,298.08741995229576,295.8013772697439,297.1825256347656,6736971,ICICIBANK.NS
2018-01-11,297.6587939532008,297.6587939532008,293.89637517033566,294.80126953125,8366713,ICICIBANK.NS
2018-01-12,294.8965549356129,303.6596132437686,294.8965549356129,302.61187744140625,11699345,ICICIBANK.NS
2018-01-15,305.564629721177,314.9944844887087,305.04076181997834,313.66094970703125,30242005,ICICIBANK.NS
2018-01-16,314.0895851436304,324.56717555024125,311.0415472162278,318.2330017089844,26707100,ICICIBANK.NS
2018-01-17,318.1853683101039,327.8533502725718,318.1853683101039,326.9484558105469,43305353,ICICIBANK.NS
2018-01-18,333.37788644145814,336.425924459078,326.7103287126289,329.7107238769531,31504669,ICICIBANK.NS
2018-01-19,330.9489655070034,338.1403903505422,324.6147631092239,336.806884765625,18812611,ICICIBANK.NS
2018-01-22,335.6638922126669,336.1401463245091,328.4248238990181,334.806640625,15269782,ICICIBANK.NS
2018-01-23,333.8064907123522,347.1416047291614,333.8064907123522,345.0936889648437,22485663,ICICIBANK.NS
2018-01-24,340.75979421765646,342.1409426768628,335.0923590387312,335.99725341796875,12815095,ICICIBANK.NS
2018-01-25,335.7591112482485,347.4749494602528,334.0446082649155,343.6649169921875,30183655,ICICIBANK.NS
2018-01-29,342.9029201393407,348.3322280021765,338.7118902623969,340.6645202636719,17855095,ICICIBANK.NS
2018-01-30,339.854903115272,339.854903115272,333.85411327710324,336.4735107421875,13358981,ICICIBANK.NS
2018-01-31,332.2825154591748,337.1403134447952,327.28184704685145,336.18780517578125,22638319,ICICIBANK.NS
2018-02-01,331.0441940394877,338.9976428608116,327.4722884971184,329.7583312988281,29472295,ICICIBANK.NS
2018-02-02,326.2816540933038,327.37706171683226,317.8519802478321,319.1854858398437,16957983,ICICIBANK.NS
2018-02-05,312.0416886585496,318.3758623043594,311.517791713438,314.0419616699219,17339547,ICICIBANK.NS
2018-02-06,300.27818377136714,321.90012964643523,298.1350405089228,314.99444580078125,18491736,ICICIBANK.NS
2018-02-07,319.42363221057013,320.4237541980536,314.23245086845765,316.756591796875,11819190,ICICIBANK.NS
2018-02-08,316.75659492777027,322.328773793132,313.8514565024653,317.994873046875,10294899,ICICIBANK.NS
2018-02-09,309.5651663070247,313.04181543805487,307.3267662139252,311.2320556640625,9493398,ICICIBANK.NS
2018-02-12,313.23229469748577,313.5656783463455,307.89824352045173,310.7557678222656,8356351,ICICIBANK.NS
2018-02-14,311.47013803187605,311.47013803187605,301.5164171005036,303.8024597167969,15189066,ICICIBANK.NS
2018-02-15,306.8505058815994,316.0422040501304,306.8505058815994,313.04180908203125,23779772,ICICIBANK.NS
2018-02-16,314.6611091412961,318.13775847263247,303.6596213100529,305.8027648925781,17585994,ICICIBANK.NS
2018-02-19,313.8514696349382,313.9467262739696,300.23061323255604,304.56451416015625,19044107,ICICIBANK.NS
2018-02-20,305.2788792002192,308.80317118021804,301.27833311850395,302.1832275390625,16030558,ICICIBANK.NS
2018-02-21,303.85007513710445,305.46935048770143,300.7068101250509,304.04058837890625,9974873,ICICIBANK.NS
2018-02-22,301.94512606918164,304.1358834953821,299.0399874298838,303.23101806640625,25530698,ICICIBANK.NS
2018-02-23,303.8976752159267,308.6602153639164,303.2309370361511,307.4219665527344,7949765,ICICIBANK.NS
2018-02-26,309.56519191316346,312.2322034777323,307.80304577631625,311.517822265625,7133735,ICICIBANK.NS
2018-02-27,311.470133744011,311.5177475194285,304.4691937315299,306.8504638671875,9623651,ICICIBANK.NS
2018-02-28,300.1829592644996,301.94510528247827,296.32531260664246,298.3731994628906,17481687,ICICIBANK.NS
2018-03-01,297.80167214270364,299.0875639798323,289.80060936580884,290.4673767089844,18986889,ICICIBANK.NS
2018-03-05,289.9911241763442,291.9437542988437,285.0856838429931,288.943359375,14456193,ICICIBANK.NS
2018-03-06,292.80098707044465,293.0867569442623,280.2278974649674,281.0375061035156,18951451,ICICIBANK.NS
2018-03-07,279.3706683898945,279.84692253244,271.79824496436856,273.0841369628906,31472773,ICICIBANK.NS
2018-03-08,276.4655040132746,283.84744253559285,275.51299581684646,282.8473205566406,21413552,ICICIBANK.NS
2018-03-09,284.79998506963784,285.27623922527266,276.8941777133981,278.7991943359375,12489587,ICICIBANK.NS
2018-03-12,281.5614873002442,287.5622785598374,279.79934095631626,286.37164306640625,12163952,ICICIBANK.NS
2018-03-13,285.84774429921737,292.4200457016641,285.37149015312343,289.8959045410156,15966647,ICICIBANK.NS
2018-03-14,288.752868622242,292.8486715161802,283.65694369847586,291.51513671875,12964285,ICICIBANK.NS
2018-03-15,291.2293795532134,291.2293795532134,286.1334549150032,287.13360595703125,13282019,ICICIBANK.NS
2018-03-16,286.94308287523694,287.5145935842386,283.275920649739,283.94268798828125,28835112,ICICIBANK.NS
2018-03-19,283.9427008552233,285.7524606255363,277.4180138572915,280.561279296875,13601784,ICICIBANK.NS
2018-03-20,279.0848628004936,283.08540829728446,276.4654656240385,278.1323547363281,10880002,ICICIBANK.NS
2018-03-21,280.9899291996438,281.0375429840748,273.7032470187935,275.46539306640625,13618228,ICICIBANK.NS
2018-03-22,275.7511192651733,275.8939896791233,267.5595430692087,269.7979431152344,24593489,ICICIBANK.NS
2018-03-23,263.9400281987445,264.6544093491914,260.5586066456834,262.463623046875,31922568,ICICIBANK.NS
2018-03-26,262.9875468726055,269.70271874572575,262.844676441565,268.2739562988281,24618534,ICICIBANK.NS
2018-03-27,270.9885639162685,273.65557506213736,268.03578288947284,270.41705322265625,22377328,ICICIBANK.NS
2018-03-28,269.55983380281907,269.84557464951706,263.9400409612149,265.13067626953125,27172599,ICICIBANK.NS
2018-04-02,260.034720751638,260.8443584797144,246.50909361271772,249.4142608642578,73359584,ICICIBANK.NS
2018-04-03,248.98566257502029,258.6060021710933,248.98566257502029,257.224853515625,40773239,ICICIBANK.NS
2018-04-04,254.55783639226672,260.32049982642104,252.89094691168123,255.89134216308597,33486876,ICICIBANK.NS
2018-04-05,255.08166291983815,266.70227361164183,254.9864353624268,265.4163818359375,26759108,ICICIBANK.NS
2018-04-06,265.1782677580413,269.51219735685737,263.8447621384988,267.3214111328125,31577015,ICICIBANK.NS
2018-04-09,264.55915115496833,269.9884594936367,261.32062910569385,267.5119323730469,31712527,ICICIBANK.NS
2018-04-10,266.1784223630603,280.46604505419094,265.7973958367026,275.0843505859375,44741783,ICICIBANK.NS
2018-04-11,274.08423168307104,274.2271020979279,268.9406932705213,271.03619384765625,16811454,ICICIBANK.NS
2018-04-12,271.7505654130121,276.1321087464132,270.0836761391932,273.1317138671875,22954325,ICICIBANK.NS
2018-04-13,274.32241977450127,277.2752016343351,272.2268896628129,274.560546875,17497198,ICICIBANK.NS
2018-04-16,271.4648182522278,275.2272370096868,270.6075667450796,273.9413452148437,16874313,ICICIBANK.NS
2018-04-17,273.941413695438,279.3230801854465,273.17938955662567,277.8943176269531,15406113,ICICIBANK.NS
2018-04-18,279.7516721076792,280.8946645154782,275.2748719061298,276.2749938964844,20755245,ICICIBANK.NS
2018-04-19,277.17991081406586,277.17991081406586,273.6556185338051,275.8464050292969,17282341,ICICIBANK.NS
2018-04-20,275.51296586087204,276.3702173308015,266.4165252013182,268.7501525878906,19745690,ICICIBANK.NS
2018-04-23,266.7023091015675,269.36932056528525,262.1778949293088,266.1307983398437,11620499,ICICIBANK.NS
2018-04-24,266.0831606963158,272.98884486635103,266.0831606963158,270.6075744628906,15412234,ICICIBANK.NS
2018-04-25,270.5599526138469,272.0839716039993,263.70191076052765,265.654541015625,7961352,ICICIBANK.NS
2018-04-26,266.5118296195732,267.08334045376654,262.27318482482326,265.6069641113281,14112673,ICICIBANK.NS
2018-04-27,264.2257460620063,277.8466295873844,262.8922405107449,274.2270812988281,16488361,ICICIBANK.NS
2018-04-30,275.2272644300934,277.1798946724816,268.89306145188283,270.7028503417969,9737559,ICICIBANK.NS
2018-05-02,270.1789419944585,270.2741986270065,262.4636198499597,263.74951171875,14211445,ICICIBANK.NS
2018-05-03,264.1305109312991,270.17894378514643,264.1305109312991,268.5120544433594,14724116,ICICIBANK.NS
2018-05-04,267.13094770610905,272.0363593315968,265.1306745871811,269.4169616699219,11861951,ICICIBANK.NS
2018-05-07,270.512329291632,279.0849031072119,269.41695067328993,276.036865234375,19673100,ICICIBANK.NS
2018-05-08,287.6574506800201,299.5638021154514,285.7524344503511,294.6107482910156,87176185,ICICIBANK.NS
2018-05-09,290.51498912487955,295.0870166706955,289.8006080040807,292.2294921875,20140490,ICICIBANK.NS
2018-05-10,293.8011796494118,298.0398238965778,291.1817819769825,292.27716064453125,16239386,ICICIBANK.NS
2018-05-11,293.3249397277106,297.0397162475298,292.94391315686045,296.1824645996094,16671145,ICICIBANK.NS
2018-05-14,295.2775460994038,296.2300543126277,290.65787545161925,295.372802734375,10425585,ICICIBANK.NS
2018-05-15,295.9443442482087,302.4213891443158,290.5626490293109,293.6106872558594,16400700,ICICIBANK.NS
2018-05-16,289.4672302270106,290.41973840746687,281.27565406143816,283.133056640625,25515791,ICICIBANK.NS
2018-05-17,284.7999686163825,285.70486308711054,280.0850411206861,281.94244384765625,10668400,ICICIBANK.NS
2018-05-18,280.18031457291374,281.2756933196742,271.083871807244,272.5126342773437,17469524,ICICIBANK.NS
2018-05-21,275.75112117557137,279.0848998426335,274.08423184204025,275.56060791015625,23155638,ICICIBANK.NS
2018-05-22,275.7510971821436,279.8945132643317,273.2269565103593,276.5130920410156,11284988,ICICIBANK.NS
2018-05-23,275.13201422983417,284.2284564033829,275.08437137631734,278.1800231933594,15887229,ICICIBANK.NS
2018-05-24,279.75164358470414,284.7999249413175,277.370373309275,283.5616760253906,11489424,ICICIBANK.NS
2018-05-25,284.2284676189224,286.6573811967771,280.60894774808486,281.60906982421875,13541580,ICICIBANK.NS
2018-05-28,279.7992907072368,287.9432243924392,279.41829323141195,285.0380859375,19063427,ICICIBANK.NS
2018-05-29,284.5618450997601,284.5618450997601,274.608122070646,276.13214111328125,12969969,ICICIBANK.NS
2018-05-30,272.32210665193026,274.4652502442617,269.3217114363153,271.3695983886719,25142319,ICICIBANK.NS
2018-05-31,271.46484221087366,275.2272613003922,266.03553373935864,272.2268371582031,23698686,ICICIBANK.NS
2018-06-01,280.9899162238119,285.70484339452565,273.2269802841586,275.56060791015625,29675949,ICICIBANK.NS
2018-06-04,279.3706306647558,279.3706306647558,271.9886924521292,273.1317138671875,17188567,ICICIBANK.NS
2018-06-05,274.32235047864043,274.32235047864043,269.65506630150645,270.6075744628906,12376050,ICICIBANK.NS
2018-06-06,272.1315853034931,273.2745776224763,267.7500420767874,270.41705322265625,16873633,ICICIBANK.NS
2018-06-07,273.8461032283066,279.1325120285472,273.5127195498584,277.0846252441406,20297969,ICICIBANK.NS
2018-06-08,276.32269323234027,277.0846883266363,271.9411487695143,274.560546875,11340014,ICICIBANK.NS
2018-06-11,271.8458620646278,276.560789760593,269.75036125283486,272.7983703613281,16876061,ICICIBANK.NS
2018-06-12,274.8462331230471,275.41774386426545,271.7029676487119,273.7508544921875,14257648,ICICIBANK.NS
2018-06-13,275.2748830308201,278.98965937571853,272.7983557781395,276.9417724609375,10927770,ICICIBANK.NS
2018-06-14,277.03705220294034,277.03705220294034,270.6076210077273,271.22674560546875,11400592,ICICIBANK.NS
2018-06-15,273.5603881656003,274.7986372956132,266.70231695934734,269.0835876464844,47186222,ICICIBANK.NS
2018-06-18,270.51235576538505,280.22795200115866,269.94084497476666,279.0849304199219,27792317,ICICIBANK.NS
2018-06-19,281.46616233100946,281.46616233100946,274.65573477522736,278.8943786621094,27176748,ICICIBANK.NS
2018-06-20,278.7038494878805,280.6088655075267,277.1798308585161,279.2753601074219,20364143,ICICIBANK.NS
2018-06-21,280.7994412584584,286.085879878226,280.56131417833143,283.79986572265625,30192796,ICICIBANK.NS
2018-06-22,284.0380149402308,288.3243027165829,281.6091010926817,286.37164306640625,17490606,ICICIBANK.NS
2018-06-25,285.5619288355129,286.2286961610216,275.084339292181,275.9416198730469,15461874,ICICIBANK.NS
2018-06-26,273.89373607739566,275.3701413080915,271.1791108153567,274.4176330566406,11614686,ICICIBANK.NS
2018-06-27,274.227096935613,274.227096935613,260.9872391569908,265.7973937988281,25318055,ICICIBANK.NS
2018-06-28,264.7972714091104,265.17826886367646,256.9866927834152,258.5107116699219,34197884,ICICIBANK.NS
2018-06-29,259.08224797760096,262.8922810360951,256.7962339561535,262.3207702636719,20930477,ICICIBANK.NS
2018-07-02,260.98724697445266,266.60703954456045,258.12972237254263,264.22576904296875,69733139,ICICIBANK.NS
2018-07-03,262.7970082610049,263.6542598328843,259.2727453392247,259.9394836425781,14020388,ICICIBANK.NS
2018-07-04,261.17775205555495,261.79687655291434,258.12971428175746,260.2728576660156,8233522,ICICIBANK.NS
2018-07-05,260.03474351410125,262.41601405910217,257.8916000236004,258.6535949707031,7505990,ICICIBANK.NS
2018-07-06,258.2250046666268,259.0346425312721,254.36732862975657,257.224853515625,26025797,ICICIBANK.NS
2018-07-09,260.8919755017627,261.6539994598758,257.1771995442168,258.3202209472656,18374471,ICICIBANK.NS
2018-07-10,259.0822049140445,262.84462356123225,258.9869482897663,260.41571044921875,14450561,ICICIBANK.NS
2018-07-11,261.51118599885774,261.8445697734228,254.79601298487464,255.9866485595703,12717543,ICICIBANK.NS
2018-07-12,257.5581908181883,260.7014850671398,256.27229903762816,259.3679504394531,15837704,ICICIBANK.NS
2018-07-13,260.03475652956496,260.3204973819696,253.41481245581812,255.0340881347656,19159840,ICICIBANK.NS
2018-07-16,252.70042258163008,253.9387007254475,244.318361758726,246.9377593994141,29794402,ICICIBANK.NS
2018-07-17,247.89028946915107,254.79597476656255,247.65216238993,253.7958526611328,15128995,ICICIBANK.NS
2018-07-18,253.3671882496526,254.65308016907971,248.60464711714036,250.2239227294922,22908592,ICICIBANK.NS
2018-07-19,251.41451743942204,251.7955148548889,247.08058826729751,248.7951202392578,15145144,ICICIBANK.NS
2018-07-20,249.36664851410245,254.9864704502655,249.36664851410245,253.1766815185547,13794388,ICICIBANK.NS
2018-07-23,252.74805684174396,263.17800419732185,252.74805684174396,262.463623046875,16917863,ICICIBANK.NS
2018-07-24,260.6538807808752,264.7020409052191,260.36813992880786,261.3206481933594,12012225,ICICIBANK.NS
2018-07-25,260.0347211488877,263.46375625241143,259.32034004683027,261.6063537597656,17947377,ICICIBANK.NS
2018-07-26,261.9397182468412,272.89356100989096,260.272829130725,272.0839233398437,36630780,ICICIBANK.NS
2018-07-27,271.36952618494774,281.13273328563434,268.797771999368,279.2753601074219,30926969,ICICIBANK.NS
2018-07-30,285.7524764813089,293.8011828628305,280.2755540154172,292.75341796875,56119080,ICICIBANK.NS
2018-07-31,289.8482729688519,293.8488195790751,287.8480287319877,289.8006591796875,20824059,ICICIBANK.NS
2018-08-01,288.2289878683332,291.1341262584409,282.70442285330523,285.085693359375,15581508,ICICIBANK.NS
2018-08-02,280.9899149392112,286.4668370100602,280.13266338524863,284.3713073730469,14089168,ICICIBANK.NS
2018-08-03,285.75247342469265,292.1819040767482,283.41881659775976,290.5150146484375,14478297,ICICIBANK.NS
2018-08-06,292.372409291962,302.89761347894864,292.22950980459376,300.1353454589844,25849864,ICICIBANK.NS
2018-08-07,299.0399781461569,303.0404953743585,295.6585564015247,298.2779541015625,20751115,ICICIBANK.NS
2018-08-08,298.13508341630626,304.80264119238984,293.6106692111068,303.5643920898437,17916047,ICICIBANK.NS
2018-08-09,305.0407617242487,329.42497831117083,305.0407617242487,317.18524169921875,76423347,ICICIBANK.NS
2018-08-10,318.1853229074848,324.13849860226816,309.8985197812908,312.9941711425781,36321097,ICICIBANK.NS
2018-08-13,308.6126580980119,311.8988230291307,306.70764168999943,309.46990966796875,15332907,ICICIBANK.NS
2018-08-14,309.27940826510337,317.6614683668263,309.27940826510337,316.6613464355469,15314006,ICICIBANK.NS
2018-08-16,313.8990782997831,323.0908060538366,313.13708333645235,318.4234924316406,37463597,ICICIBANK.NS
2018-08-17,320.80474538097485,325.9483128393836,319.8998800453237,323.852783203125,24090696,ICICIBANK.NS
2018-08-20,323.85277985416127,326.18643651276034,320.70951450052087,322.3764038085937,13032778,ICICIBANK.NS
2018-08-21,322.23351881016964,325.6149404280389,318.1853588800507,322.7574157714844,16009673,ICICIBANK.NS
2018-08-23,320.5666069446218,322.6145227261196,318.8521038982313,321.1857604980469,18867868,ICICIBANK.NS
2018-08-24,319.9419498458739,320.9943963292016,313.148918033261,315.8757019042969,17805968,ICICIBANK.NS
2018-08-27,316.688996334389,327.50042169011743,316.6411697966722,325.2041931152344,28083933,ICICIBANK.NS
2018-08-28,327.21341188600707,328.64855842936674,321.75984334198785,324.2474365234375,16427306,ICICIBANK.NS
2018-08-29,321.80770825162153,327.83531222628744,321.2814703185113,325.9217834472656,18868248,ICICIBANK.NS
2018-08-30,324.534431633909,330.51420794498387,323.0992853192509,329.4617614746094,22349447,ICICIBANK.NS
2018-08-31,328.1701449371152,331.80583748748785,323.8647057178236,327.7874450683594,19809916,ICICIBANK.NS
2018-09-03,328.7442237425354,329.1269236280583,318.17196056641905,319.7027893066406,12859450,ICICIBANK.NS
2018-09-04,320.3246923420448,321.9033768762816,313.1011331868861,314.2970886230469,15470215,ICICIBANK.NS
2018-09-05,312.8619193663823,317.0238498214324,310.5656909354291,315.3973388671875,14548867,ICICIBANK.NS
2018-09-06,315.73221992379564,316.92817530229485,311.4267805611984,314.4405822753906,11322771,ICICIBANK.NS
2018-09-07,313.29242410878294,321.855445500412,308.50860348839,320.6116638183594,16435004,ICICIBANK.NS
2018-09-10,317.45438934703344,321.23362008612213,316.11492514013497,318.5068359375,16673909,ICICIBANK.NS
2018-09-11,319.2722539713549,322.1425468298395,311.04407527073994,312.4313659667969,13005562,ICICIBANK.NS
2018-09-12,312.86194873783967,312.90977527704854,304.7294515993943,308.939208984375,15263406,ICICIBANK.NS
2018-09-14,313.0532305238792,317.64568660274165,310.1350824503713,314.15350341796875,10736693,ICICIBANK.NS
2018-09-17,313.14893301412906,313.34029754684406,307.4562031424603,311.6181335449219,7227361,ICICIBANK.NS
2018-09-18,310.230821877557,313.8665145102089,303.96402744023806,305.0643005371094,14825218,ICICIBANK.NS
2018-09-19,306.1645486450842,310.6613521325596,303.2942560015365,307.073486328125,15942065,ICICIBANK.NS
2018-09-21,309.4654436511836,319.2722783326252,295.0182959881653,303.3899841308594,34169460,ICICIBANK.NS
2018-09-24,303.10287989463643,303.10287989463643,292.33928289272285,295.40093994140625,24382310,ICICIBANK.NS
2018-09-25,293.72664402290536,299.9456120559636,287.07712036984503,297.6493835449219,30472132,ICICIBANK.NS
2018-09-26,301.3807122866925,301.6677298572393,291.9087528830215,299.5628662109375,23224979,ICICIBANK.NS
2018-09-27,302.00260106719026,302.3374743625966,292.10008617803084,293.3917236328125,24888615,ICICIBANK.NS
2018-09-28,295.7358557904163,298.1277665794068,288.7514587676861,292.3393249511719,26289107,ICICIBANK.NS
2018-10-01,293.0569139255009,301.42860213654103,287.5555188153888,300.42401123046875,21104376,ICICIBANK.NS
2018-10-03,297.649354811383,300.90234732117574,289.3733501444005,290.5693054199219,19105555,ICICIBANK.NS
2018-10-04,286.07254177774485,307.3605486491657,282.05411981265127,302.81591796875,56268976,ICICIBANK.NS
2018-10-05,301.04589565840666,307.9346106295256,286.40741284244234,294.013671875,36131946,ICICIBANK.NS
2018-10-08,294.0136861724805,300.47184582265686,285.6898534755769,297.41021728515625,20488368,ICICIBANK.NS
2018-10-09,297.9842186706407,298.41474503728807,289.8995495854592,293.009033203125,14852835,ICICIBANK.NS
2018-10-10,293.82231270515035,308.9870322009745,291.334719767347,306.02105712890625,23972064,ICICIBANK.NS
2018-10-11,296.59690833545955,301.81128501609174,290.8563230128378,298.2234191894531,21691068,ICICIBANK.NS
2018-10-12,300.2804249145829,310.23076592338754,300.04123388457253,305.5904541015625,25930022,ICICIBANK.NS
2018-10-15,303.19862588990856,304.1553902689857,296.1664018640655,299.8021240234375,23756416,ICICIBANK.NS
2018-10-16,300.1848603638754,308.9871053988192,300.1848603638754,306.7865295410156,18042549,ICICIBANK.NS
2018-10-17,311.04405045229345,313.9621696129956,298.17556015095613,301.1893615722656,20203287,ICICIBANK.NS
2018-10-19,299.3237167972983,307.5997221444516,296.7882972444427,301.8113098144531,18322589,ICICIBANK.NS
2018-10-22,306.355973070179,315.5887437059505,302.4332331840104,312.9576416015625,33593953,ICICIBANK.NS
2018-10-23,309.03489675776376,314.3927831603731,304.58594820134186,308.8913879394531,21509920,ICICIBANK.NS
2018-10-24,314.5362221380198,315.73217735527464,302.5766699654715,308.0780639648437,33104174,ICICIBANK.NS
2018-10-25,304.72944029075586,308.1259419962201,298.31910757556005,306.11676025390625,26920180,ICICIBANK.NS
2018-10-26,305.97325207935035,309.41760985622204,299.4672656549185,302.002685546875,22952163,ICICIBANK.NS
2018-10-29,314.7754701903785,337.68998798227386,314.105723468168,334.29345703125,80069836,ICICIBANK.NS
2018-10-30,332.42778610395146,338.551072123062,328.07449077925224,330.7534484863281,34460428,ICICIBANK.NS
2018-10-31,330.56201614594795,341.13424839842804,327.5003591652016,339.6512756347656,31233009,ICICIBANK.NS
2018-11-01,341.5648421291312,342.95216199069966,335.91993881312135,338.40753173828125,22157128,ICICIBANK.NS
2018-11-02,338.6945664506573,342.33025915703394,336.4940202122919,339.1251220703125,26714413,ICICIBANK.NS
2018-11-05,335.8242609033465,336.6375163776384,332.95396807511275,334.5326232910156,22873951,ICICIBANK.NS
2018-11-06,333.62373881494466,342.8086531693815,332.6191187337133,337.83349609375,21349153,ICICIBANK.NS
2018-11-07,341.3256761778786,341.564867261395,339.2207829636823,340.5124206542969,2074764,ICICIBANK.NS
2018-11-09,341.4691522164548,342.61728098639594,337.16371312636693,341.4213256835937,15130936,ICICIBANK.NS
2018-11-12,340.6081204385489,342.7130137609612,336.30268071390435,337.1159362792969,10642857,ICICIBANK.NS
2018-11-13,332.76261581239345,346.3008541766671,332.76261581239345,345.2962341308594,17684864,ICICIBANK.NS
2018-11-14,349.218957709014,353.90709678109835,345.6789182392877,350.7497863769531,31774158,ICICIBANK.NS
2018-11-15,350.2713721198457,358.69088522416814,346.44431540004,354.00274658203125,21967798,ICICIBANK.NS
2018-11-16,354.09851924203736,359.0736767290817,349.74522359297384,351.65875244140625,29972926,ICICIBANK.NS
2018-11-19,352.3762879346552,354.6725456647947,345.15272898647027,346.7313842773437,16002154,ICICIBANK.NS
2018-11-20,346.34867326979867,349.6495217523122,339.2686233575004,342.4259338378906,19591217,ICICIBANK.NS
2018-11-21,340.9429227247124,344.7221237317135,337.7855833994085,341.3256225585937,29323882,ICICIBANK.NS
2018-11-22,342.1867432983317,342.999998786405,335.82426659422083,336.828857421875,12547369,ICICIBANK.NS
2018-11-26,339.41213393358515,342.37810909017816,335.53725021486355,340.9429626464844,20673027,ICICIBANK.NS
2018-11-27,340.368913898608,340.7037872571786,336.3983477278919,339.31646728515625,17933339,ICICIBANK.NS
2018-11-28,341.5170080193518,345.9181001760885,337.97696864306096,343.4783630371094,18163000,ICICIBANK.NS
2018-11-29,347.3054694036434,350.5584624509933,344.6265408230332,346.5400695800781,38692771,ICICIBANK.NS
2018-11-30,349.21899574266246,349.21899574266246,338.5032230981556,339.7948608398437,21893877,ICICIBANK.NS
2018-12-03,343.38272321132257,343.38272321132257,336.8767372378961,340.1297302246094,23427270,ICICIBANK.NS
2018-12-04,338.02486838611435,343.5741197130307,338.02486838611435,342.4738464355469,18651442,ICICIBANK.NS
2018-12-05,339.9383143004231,340.9429342462022,335.2980312108484,336.2069396972656,12068267,ICICIBANK.NS
2018-12-06,333.1453480024565,334.8196855629551,328.5050352094487,332.6191101074219,17784829,ICICIBANK.NS
2018-12-07,334.48481898661913,337.7378119018551,330.37071480718,336.972412109375,14979672,ICICIBANK.NS
2018-12-10,331.51884450503417,334.3413109932037,329.36612473552094,331.3753356933594,14107881,ICICIBANK.NS
2018-12-11,322.8122989408972,330.0837141353901,321.4728346362061,327.97882080078125,36885929,ICICIBANK.NS
2018-12-12,327.9787836669728,336.49400912168755,324.72579095298954,334.8196716308594,24740214,ICICIBANK.NS
2018-12-13,337.64211694065784,338.8859280543623,332.5712778102312,334.4369506835937,19129928,ICICIBANK.NS
2018-12-14,334.1020872995389,338.74237054687404,334.05423156823093,336.6853332519531,12104234,ICICIBANK.NS
2018-12-17,337.06805508396087,344.91353411336416,337.06805508396087,342.9521789550781,18378122,ICICIBANK.NS
2018-12-18,341.3256866265528,347.2097816215539,339.2686490849679,346.587890625,15405953,ICICIBANK.NS
2018-12-19,347.30546896649577,353.2852463247344,345.39194021185943,350.6541442871094,19442031,ICICIBANK.NS
2018-12-20,347.35323894216094,349.6973229641261,345.5353927609058,346.4921569824219,12109613,ICICIBANK.NS
2018-12-21,345.39187972249164,347.78379024688564,336.7810018346733,338.8858947753906,13555416,ICICIBANK.NS
2018-12-24,338.1205177009977,341.6605574988135,336.3026712635238,337.4986267089844,9025217,ICICIBANK.NS
2018-12-26,335.48941331272016,341.46919049709817,333.0975024389689,340.464599609375,8695108,ICICIBANK.NS
2018-12-27,343.9567723410943,345.15272773866417,339.55565063841124,340.2732238769531,10122458,ICICIBANK.NS
2018-12-28,342.80856520254537,347.114003650684,342.80856520254537,345.15264892578125,13004606,ICICIBANK.NS
2018-12-31,347.11409400062706,347.7838407239144,343.95678332942845,344.57867431640625,7314108,ICICIBANK.NS
2019-01-01,345.8703209316608,349.02763168414947,340.9908167884343,348.0230407714844,7759872,ICICIBANK.NS
2019-01-02,345.8703282514508,351.9936145302456,344.7221992999939,348.8363037109375,18243156,ICICIBANK.NS
2019-01-03,349.2189541506259,351.4195002646526,346.3964879104313,347.54461669921875,12884409,ICICIBANK.NS
2019-01-04,346.2051730620769,352.8546675293702,342.56945114788243,349.41033935546875,22896026,ICICIBANK.NS
2019-01-07,351.6109120547667,354.9595874076692,350.7019742082975,351.8022766113281,12719847,ICICIBANK.NS
2019-01-08,351.897883751782,365.29258341473593,350.74978415669136,363.71392822265625,21501136,ICICIBANK.NS
2019-01-09,365.1490801259768,366.9669264109015,359.36066793494945,365.72314453125,21730142,ICICIBANK.NS
2019-01-10,364.4793608884802,365.6274604953443,359.79119259986794,363.092041015625,14497154,ICICIBANK.NS
2019-01-11,364.1445204388072,364.7185848931457,359.0258252846628,362.1831359863281,12537973,ICICIBANK.NS
2019-01-14,362.32664147197625,362.32664147197625,356.5860558401929,357.2079467773437,14844029,ICICIBANK.NS
2019-01-15,357.39928034977834,359.1693000838056,354.57684328028523,356.6338806152344,12960779,ICICIBANK.NS
2019-01-16,355.9641548647643,363.33125183467325,355.9641548647643,359.0736389160156,15106484,ICICIBANK.NS
2019-01-17,359.74333364861104,361.6090354890709,356.6816765766066,358.40386962890625,13171721,ICICIBANK.NS
2019-01-18,358.4039138287997,360.1260778953581,354.3376655400811,355.91632080078125,12212121,ICICIBANK.NS
2019-01-21,356.8730848927238,359.8868866064815,354.57685640596213,355.6293029785156,8908581,ICICIBANK.NS
2019-01-22,354.5290185968654,356.3947207606365,350.271434753637,353.0938720703125,14756076,ICICIBANK.NS
2019-01-23,352.85466193341745,357.54283035890046,350.6062891883694,351.51519775390625,9726450,ICICIBANK.NS
2019-01-24,350.74981173343394,352.5676581338467,346.10949886002453,349.0276184082031,17521254,ICICIBANK.NS
2019-01-25,346.6835250194784,348.8840710720163,339.2207464971445,341.7561950683594,22978238,ICICIBANK.NS
2019-01-28,337.92911719750003,339.55559877087006,322.09465263353127,328.6963195800781,34362360,ICICIBANK.NS
2019-01-29,328.1222936769768,334.9631518591732,326.59146511918163,331.8536682128906,20738442,ICICIBANK.NS
2019-01-30,335.8243240865098,352.66338435326645,335.8243240865098,350.0801086425781,39400056,ICICIBANK.NS
2019-01-31,356.5860542315306,360.36525556986186,338.7902330136587,348.6927490234375,85917249,ICICIBANK.NS
2019-02-01,348.74060187222096,349.12330176853146,333.6715635197176,339.31646728515625,25605469,ICICIBANK.NS
2019-02-04,335.82423242973294,341.4691353403511,331.0404114549504,339.2207336425781,17039321,ICICIBANK.NS
2019-02-05,339.2686563291927,340.7038029048677,333.76726112243864,337.4029541015625,12197271,ICICIBANK.NS
2019-02-06,338.3118722261391,346.2530044694211,337.92917233455864,343.7654113769531,15396216,ICICIBANK.NS
2019-02-07,343.57407980150725,346.15732599662806,341.08648668173385,343.1435241699219,10247434,ICICIBANK.NS
2019-02-08,341.46917334066563,342.9043197928103,335.58507872649835,339.7470092773437,9308651,ICICIBANK.NS
2019-02-11,339.2686085730173,339.36429083755354,333.95854947159603,334.9153137207031,9419635,ICICIBANK.NS
2019-02-12,333.91071343416985,336.7810060997931,328.409319158392,329.4139099121094,14924394,ICICIBANK.NS
2019-02-14,325.15636198680386,331.8537122678992,321.61632230183005,329.0791015625,15172596,ICICIBANK.NS
2019-02-15,329.1747187398849,332.71475803881543,325.87389969446514,327.3568725585937,20316848,ICICIBANK.NS
2019-02-18,327.4047917544952,328.1701916008418,322.9558139034413,324.1039428710937,10601490,ICICIBANK.NS
2019-02-19,324.4387664356488,335.2501908953981,324.4387664356488,328.4093322753906,14384763,ICICIBANK.NS
2019-02-20,330.0836903883954,332.5712834599339,327.5482707801105,330.2750549316406,9474758,ICICIBANK.NS
2019-02-21,331.80582799374093,339.603479937407,331.27961933902384,336.1112670898437,18631331,ICICIBANK.NS
2019-02-22,336.2069664715115,338.7902417399494,336.1112842026566,336.828857421875,10997730,ICICIBANK.NS
2019-02-25,337.78563626272944,341.99542268863127,337.78563626272944,340.22540283203125,10344411,ICICIBANK.NS
2019-02-26,334.86748868386854,337.4507638472524,331.6144960619937,333.14532470703125,18096382,ICICIBANK.NS
2019-02-27,335.8243019374225,339.36434187071654,328.457204432192,330.60992431640625,17325417,ICICIBANK.NS
2019-02-28,333.38453503981987,336.54184557922173,330.0836864956119,335.0110168457031,18347113,ICICIBANK.NS
2019-03-01,336.8288532417207,339.65131954820373,335.489389088762,338.9337463378906,14190221,ICICIBANK.NS
2019-03-05,339.65131157115667,348.4056986917454,337.5464185244223,347.54461669921875,17638277,ICICIBANK.NS
2019-03-06,349.4581671460704,356.72958180242495,349.4581671460704,355.8684997558594,31436190,ICICIBANK.NS
2019-03-07,355.43796573669255,357.82987667704714,352.56767260826706,354.7682189941406,15355303,ICICIBANK.NS
2019-03-08,353.8114447807861,357.2558022787577,351.7544072689004,354.5768737792969,16143455,ICICIBANK.NS
2019-03-11,355.72497092649985,362.0396214277666,354.00280678894103,359.5998840332031,11449587,ICICIBANK.NS
2019-03-12,361.6568865247681,372.1812932754888,361.0349956018511,371.4158935546875,37108265,ICICIBANK.NS
2019-03-13,371.1288149102103,376.24750904839584,367.6844580659464,374.9558715820313,19574619,ICICIBANK.NS
2019-03-14,375.0516461436803,376.008410547108,370.076459566603,371.12890625,13182462,ICICIBANK.NS
2019-03-15,372.0378110057665,381.03138975804416,371.3202377670508,378.20892333984375,31466545,ICICIBANK.NS
2019-03-18,379.117801995231,382.60998537272286,376.4867005302799,380.8399658203125,21220626,ICICIBANK.NS
2019-03-19,381.17486572265625,383.6146320429479,376.8694266613353,381.17486572265625,11670392,ICICIBANK.NS
2019-03-20,380.4095239997605,380.9357327304375,375.2430021782582,375.9127197265625,14181408,ICICIBANK.NS
2019-03-22,377.3956781674445,379.1656687093173,373.13806548458695,374.8602294921875,17409249,ICICIBANK.NS
2019-03-25,371.17671058526577,371.17671058526577,365.9623336294639,366.9190979003906,12345034,ICICIBANK.NS
2019-03-26,368.3064339102657,378.400285731565,366.8234317064728,377.0608215332031,14063632,ICICIBANK.NS
2019-03-27,378.3046015073489,381.2227501653471,373.2815888908298,376.1997375488281,17950017,ICICIBANK.NS
2019-03-28,375.7691836374272,384.52357125491767,375.7691836374272,383.23193359375,23117485,ICICIBANK.NS
2019-04-01,384.0930294259606,391.8427966858371,378.6394613856276,381.0313720703125,16106604,ICICIBANK.NS
2019-04-02,382.7057577522833,382.7057577522833,376.4389626483425,379.9789733886719,13010810,ICICIBANK.NS
2019-04-03,381.7489765403808,385.3846693996082,373.7599883596213,375.1473083496094,12317200,ICICIBANK.NS
2019-04-04,377.34782041389127,378.5916314777214,370.55478829029,371.9421081542969,14521564,ICICIBANK.NS
2019-04-05,372.42052466012615,375.5300088095042,368.9283406089123,373.664306640625,10853927,ICICIBANK.NS
2019-04-08,374.5254257379777,374.5254257379777,368.3542838487908,370.3634948730469,6305407,ICICIBANK.NS
2019-04-09,370.65052054346,381.1271023411816,370.4113294448648,379.9789733886719,13206348,ICICIBANK.NS
2019-04-10,378.4481025713731,381.5575865084596,375.7213477081236,377.156494140625,14000018,ICICIBANK.NS
2019-04-11,377.44352600914567,377.44352600914567,370.7940022747262,373.1859130859375,8704774,ICICIBANK.NS
2019-04-12,373.7121275127282,378.44809310261184,371.4637256517718,377.5391845703125,7035256,ICICIBANK.NS
2019-04-15,377.1564849024173,379.7875866308894,374.8602273081572,375.7691650390625,9770752,ICICIBANK.NS
2019-04-16,380.3137853748968,390.7425097505829,380.3137853748968,389.4030456542969,24487788,ICICIBANK.NS
2019-04-18,393.23011635241886,393.23011635241886,385.1933022957907,386.91546630859375,18660434,ICICIBANK.NS
2019-04-22,386.7719325076491,387.10680582130703,376.6780817553458,377.4434814453125,10493872,ICICIBANK.NS
2019-04-23,378.9743557728799,382.6579042715391,376.5824449553259,379.3570556640625,10203957,ICICIBANK.NS
2019-04-24,379.93109117661805,385.24112110809546,376.4389074884672,383.7581481933594,11397163,ICICIBANK.NS
2019-04-25,383.5667995634212,385.00194600419087,377.2521493844087,378.3045959472656,16524091,ICICIBANK.NS
2019-04-26,382.7057069817951,390.359821121431,377.2043124439318,389.5944213867188,14286163,ICICIBANK.NS
2019-04-30,390.1206302759838,392.08198534612734,385.8630176041435,389.8814392089844,19375553,ICICIBANK.NS
2019-05-02,386.24574164076296,387.4895234937139,377.3478165453639,378.4480895996094,16572948,ICICIBANK.NS
2019-05-03,379.9789086095293,387.6808781901346,377.63485376179233,384.4278564453125,24431248,ICICIBANK.NS
2019-05-06,379.3570365491546,387.3938506515538,377.58701679372575,383.9494934082031,20751521,ICICIBANK.NS
2019-05-07,380.7922189571879,389.7379716492004,367.6845354193588,369.7894287109375,41519416,ICICIBANK.NS
2019-05-08,369.59806456358814,373.138104412912,363.666142986672,365.6753540039063,22509400,ICICIBANK.NS
2019-05-09,364.4793551952459,369.0239854136498,361.22633336462286,364.9098815917969,19739885,ICICIBANK.NS
2019-05-10,366.9190920057815,372.3726599417026,365.72313668633626,368.4499206542969,18361701,ICICIBANK.NS
2019-05-13,368.3542253992872,369.07179856564943,359.02577423657794,360.0303649902344,13828080,ICICIBANK.NS
2019-05-14,361.7526091760062,370.0286150233932,360.2217803653718,363.9531555175781,21481226,ICICIBANK.NS
2019-05-15,365.8188544046079,367.8758919137844,359.55203040449334,360.74798583984375,16183425,ICICIBANK.NS
2019-05-16,362.6136662900837,368.3542520361009,361.226346388878,365.96234130859375,13430281,ICICIBANK.NS
2019-05-17,364.7185474933548,375.05158981933,364.2879918972191,372.8510437011719,19096980,ICICIBANK.NS
2019-05-20,387.7287307382589,396.1004183236007,384.6192467779891,390.0728149414063,33350816,ICICIBANK.NS
2019-05-21,390.933882319507,393.0387461717896,380.4094754637099,382.8492126464844,18286421,ICICIBANK.NS
2019-05-22,385.5759999861472,390.74252119348233,384.18868011836014,387.8244018554688,15370847,ICICIBANK.NS
2019-05-23,396.1004105184289,409.4472838564535,389.7857604531471,393.0866088867188,43279956,ICICIBANK.NS
2019-05-24,397.53558713629127,414.80517196199696,394.8088029011454,413.0830078125,37708344,ICICIBANK.NS
2019-05-27,413.56138383096726,419.8281785463776,411.07379072017744,416.6708679199219,23397222,ICICIBANK.NS
2019-05-28,416.24030884105474,420.2109041571712,409.59081428634096,415.5227355957031,23389724,ICICIBANK.NS
2019-05-29,410.0691590052854,411.8391786884864,403.8501914467768,404.998291015625,22132254,ICICIBANK.NS
2019-05-30,402.6542544635065,409.495113249426,401.4582991093901,407.77294921875,18281037,ICICIBANK.NS
2019-05-31,408.53832221174,411.5999793970272,396.3874049304071,405.3810119628906,24644955,ICICIBANK.NS
2019-06-03,407.581575637952,407.9642755031507,401.4582902003877,404.6156005859375,17125380,ICICIBANK.NS
2019-06-04,399.6404552683721,404.47210324946303,399.4490907312852,400.97991943359375,14514451,ICICIBANK.NS
2019-06-06,399.353424816767,399.7839804437799,392.6082479810992,393.75634765625,17762399,ICICIBANK.NS
2019-06-07,395.6220072390976,400.8363839472555,390.264121736742,398.5879821777344,14107696,ICICIBANK.NS
2019-06-10,400.7885781440362,404.47212671065466,395.1436743500896,398.1096496582031,13074522,ICICIBANK.NS
2019-06-11,400.3580188622352,405.3810312596797,395.1914684663611,403.1326293945313,10939138,ICICIBANK.NS
2019-06-12,403.7544859379673,403.7544859379673,396.8657721289696,399.9274291992188,11136959,ICICIBANK.NS
2019-06-13,398.68370231043554,404.04155912360113,397.3442089090144,401.4583129882813,12164077,ICICIBANK.NS
2019-06-14,402.1280307863142,403.7545418045893,398.1096381734876,399.6882934570313,8601256,ICICIBANK.NS
2019-06-17,400.8363780510909,401.5539512096513,395.2871281060145,396.291748046875,9539802,ICICIBANK.NS
2019-06-18,397.4877074889338,407.6293848780136,397.152834171794,403.8980102539063,17761348,ICICIBANK.NS
2019-06-19,405.428858220184,407.58157782135305,399.30557274981743,401.6496276855469,17010384,ICICIBANK.NS
2019-06-20,401.6018244463267,415.8576070146823,400.8842512043142,414.6616516113281,24315929,ICICIBANK.NS
2019-06-21,415.4270329127701,416.3837971256525,410.3083385342241,412.1740112304688,13909654,ICICIBANK.NS
2019-06-24,412.79600557659006,415.0443785227751,409.68652132542223,410.8824768066406,8545999,ICICIBANK.NS
2019-06-25,409.3994233447784,416.0010909367312,406.2421129480575,414.90081787109375,12964387,ICICIBANK.NS
2019-06-26,413.8005370648567,420.9762689214727,413.8005370648567,419.68463134765625,12261068,ICICIBANK.NS
2019-06-27,419.0627570670736,424.7076605121413,418.6800571924829,421.8852233886719,18787957,ICICIBANK.NS
2019-06-28,420.4978885201474,421.4546527716153,414.8529852761123,418.20166015625,13459208,ICICIBANK.NS
2019-07-01,420.4978828517071,422.8897934481332,418.77571890153126,420.0195007324219,6871979,ICICIBANK.NS
2019-07-02,420.0194796828045,420.9762438734259,414.852958893074,417.8667602539063,7787303,ICICIBANK.NS
2019-07-03,418.9670521315209,420.976262862079,415.4270419854207,417.1013793945313,10415896,ICICIBANK.NS
2019-07-04,419.06277078053216,422.3157636181981,415.3313957844411,417.3406066894531,11810688,ICICIBANK.NS
2019-07-05,417.579752085062,420.8805710982059,414.4702683954782,417.4840698242188,12154330,ICICIBANK.NS
2019-07-08,415.23575957995087,416.5273973906211,403.75458650400753,407.4859619140625,12184946,ICICIBANK.NS
2019-07-09,407.58159994439177,411.2172926777893,406.2899622739561,409.9735107421875,11679067,ICICIBANK.NS
2019-07-10,411.4086323599224,413.9919075446895,408.72970410752765,412.2697143554688,16494282,ICICIBANK.NS
2019-07-11,413.9440559782362,414.18324704596864,406.43345061181,408.1077880859375,16535185,ICICIBANK.NS
2019-07-12,408.8253727150425,414.2789408910119,405.6680622119839,408.586181640625,8824728,ICICIBANK.NS
2019-07-15,409.87783319492297,409.87783319492297,403.3718474291822,404.0415649414063,7825336,ICICIBANK.NS
2019-07-16,403.3240081376233,411.9348874600095,403.3240081376233,406.2421569824219,12149205,ICICIBANK.NS
2019-07-17,406.24211680518687,408.586171758909,404.2329059890476,406.3377990722656,10961022,ICICIBANK.NS
2019-07-18,406.6248057433842,407.10318786778817,399.4490738773245,400.5493469238281,10651654,ICICIBANK.NS
2019-07-19,401.74533772672834,402.17589335598007,390.8382301663629,392.5603942871094,12260757,ICICIBANK.NS
2019-07-22,392.9919515357128,396.0610889174805,387.7168917835555,394.6703796386719,17937246,ICICIBANK.NS
2019-07-23,395.9172640041328,398.98640188022944,392.9920148327501,395.10205078125,14207080,ICICIBANK.NS
2019-07-24,395.006087749476,395.006087749476,385.27121019620574,391.7930908203125,16505930,ICICIBANK.NS
2019-07-25,392.464537179594,396.9243554787888,388.7240160872344,392.272705078125,16852479,ICICIBANK.NS
2019-07-26,393.4715521302628,402.2473286090736,391.8410672021921,398.7466125488281,17493739,ICICIBANK.NS
2019-07-29,415.29112134310606,417.5450166546353,407.9060250294488,411.7904052734375,46754670,ICICIBANK.NS
2019-07-30,415.29113388854495,420.7580265736178,405.4603391486891,407.9540100097656,23617273,ICICIBANK.NS
2019-07-31,406.5632971254946,412.6056567696714,403.9737395089626,407.2346801757813,22329888,ICICIBANK.NS
2019-08-01,405.9398512823237,408.9130728219231,393.8551623187856,399.993408203125,18269866,ICICIBANK.NS
2019-08-02,396.97224481597374,400.7607087831123,388.9157952322565,393.8072204589844,30939803,ICICIBANK.NS
2019-08-05,387.1414749440581,390.01878063560736,379.5645758102052,386.182373046875,25033370,ICICIBANK.NS
2019-08-06,384.5998649713399,394.6704350017615,384.5039489266805,393.4715576171875,30665326,ICICIBANK.NS
2019-08-07,392.5603292641343,398.0272208730673,389.6830240530036,391.6971435546875,20977349,ICICIBANK.NS
2019-08-08,394.19081167553657,399.5617872262246,387.6209589603852,397.4517517089844,19046657,ICICIBANK.NS
2019-08-09,399.46589806772846,405.1245928107135,397.5476944755665,402.9666137695313,17664017,ICICIBANK.NS
2019-08-13,399.9454954938871,404.4532861676723,392.4165396648689,393.4715576171875,18389104,ICICIBANK.NS
2019-08-14,395.0540407492949,404.9328072306459,394.43063040922806,400.2331848144531,13307755,ICICIBANK.NS
2019-08-16,400.7127443117047,402.8227801057593,395.2458812862346,401.8157348632813,15154141,ICICIBANK.NS
2019-08-19,402.9187156594711,410.39969880168064,402.9187156594711,406.083740234375,12304262,ICICIBANK.NS
2019-08-20,403.5900396348008,405.8919074496652,395.6295061283676,399.84954833984375,16181488,ICICIBANK.NS
2019-08-21,398.986401328272,401.5759882369878,393.75928412231394,395.1979370117188,12868183,ICICIBANK.NS
2019-08-22,394.1908636290959,395.6295164160634,381.7225394753775,382.7775573730469,18182520,ICICIBANK.NS
2019-08-23,373.0906355876181,386.9976130066939,370.021497828725,379.2288818359375,26883695,ICICIBANK.NS
2019-08-26,390.3544522785952,397.0681652170477,376.7831669783308,394.8142700195313,26701988,ICICIBANK.NS
2019-08-27,395.9172632897796,403.30235982673656,394.4306670124742,401.4800720214844,28793372,ICICIBANK.NS
2019-08-28,400.90461030838605,401.14438579302026,392.94407592631785,396.0611572265625,12154347,ICICIBANK.NS
2019-08-29,393.13583893629817,393.9990247396658,383.0173262173058,387.86077880859375,30331105,ICICIBANK.NS
2019-08-30,389.8749225141061,395.9652254355631,386.1823743436584,392.8960876464844,18314194,ICICIBANK.NS
2019-09-03,388.4842254628648,389.779018923672,375.0567984282045,376.11181640625,20194305,ICICIBANK.NS
2019-09-04,375.0088190042748,383.3050440567423,373.9538011276075,381.2429809570313,18614965,ICICIBANK.NS
2019-09-05,373.618131541568,377.8861466827,372.1315353118975,373.0906372070313,25022673,ICICIBANK.NS
2019-09-06,375.0088214397699,378.3656778976707,373.2824498263501,375.3445129394531,17564286,ICICIBANK.NS
2019-09-09,376.92704412203454,384.0243922795993,373.1865525915108,379.27685546875,18651819,ICICIBANK.NS
2019-09-11,378.7492972030543,382.6816204601719,377.2627011120599,378.4615783691406,17463978,ICICIBANK.NS
2019-09-12,383.3050683242046,390.5463052279208,383.3050683242046,386.2303466796875,19577114,ICICIBANK.NS
2019-09-13,390.1626281173878,397.9313591005434,384.2641574842485,396.4927062988281,17775449,ICICIBANK.NS
2019-09-16,391.79313757656143,398.6507105076676,390.1147092026104,395.2938537597656,17629622,ICICIBANK.NS
2019-09-17,389.25150161132905,395.0540562441424,382.0102648973303,384.26416015625,20793363,ICICIBANK.NS
2019-09-18,388.8678611894537,388.8678611894537,380.2838878270591,383.017333984375,18477377,ICICIBANK.NS
2019-09-19,379.51665192615,379.51665192615,368.6308389798165,370.788818359375,22647508,ICICIBANK.NS
2019-09-20,373.0905874286584,406.6591492795659,370.8366924219191,400.4249877929688,75217723,ICICIBANK.NS
2019-09-23,417.9765502992441,431.5958074877543,410.92717552584855,428.047119140625,57490445,ICICIBANK.NS
2019-09-24,423.4435090134834,430.3010820711331,415.62683401016335,422.8680419921875,26639931,ICICIBANK.NS
2019-09-25,421.141640467264,422.9159847953881,412.03017262661945,416.4420471191406,19987241,ICICIBANK.NS
2019-09-26,421.04571424365633,439.8920598359769,420.6141067012239,433.4660949707031,40909369,ICICIBANK.NS
2019-09-27,431.1162710863076,433.3701662328653,425.1698280531932,430.82855224609375,19432963,ICICIBANK.NS
2019-09-30,425.16984845880273,426.9441927771855,413.3729071324159,415.9624938964844,27524660,ICICIBANK.NS
2019-10-01,419.0795947152031,425.0739817018065,399.65778087860815,407.2346801757813,30623906,ICICIBANK.NS
2019-10-03,406.6591639940276,416.8256489477711,405.0286792230584,409.8241882324219,23275379,ICICIBANK.NS
2019-10-04,410.9751527261399,411.7424225170253,395.19791520191234,396.9722595214844,17952697,ICICIBANK.NS
2019-10-07,398.12320400949056,406.1796541047829,394.6704313202318,399.0823059082031,21933703,ICICIBANK.NS
2019-10-09,403.06251646600447,420.4702076349744,400.0413517622102,418.8397521972656,34533981,ICICIBANK.NS
2019-10-10,412.4137898250061,413.8524425802096,403.3023223753839,406.3714599609375,19074005,ICICIBANK.NS
2019-10-11,410.4476640902372,415.5308923815789,404.83691219957007,411.0231018066406,18004922,ICICIBANK.NS
2019-10-14,412.4138133721856,418.5520596242968,408.57740580593264,411.3108520507813,17211042,ICICIBANK.NS
2019-10-15,412.41382697490985,417.6409441641232,410.6874552209416,414.1881713867188,14971985,ICICIBANK.NS
2019-10-16,416.72973953144685,421.52524861696406,413.51674259025737,417.49700927734375,17833051,ICICIBANK.NS
2019-10-17,418.1684172715637,425.217821902856,415.9624946680553,422.5802917480469,12452421,ICICIBANK.NS
2019-10-18,419.7989191324533,425.5535306118867,417.449107737231,419.8948059082031,15988455,ICICIBANK.NS
2019-10-22,422.4843925060489,439.9400590233935,419.6550301560534,432.6988220214844,34966169,ICICIBANK.NS
2019-10-23,433.51402215974457,440.227734892307,429.869446955568,436.48724365234375,25196183,ICICIBANK.NS
2019-10-24,438.69316424836967,440.2277330059872,432.55491848736426,436.1515502929688,23542540,ICICIBANK.NS
2019-10-25,438.9809178788227,451.4012689754678,435.8158642883816,449.9146728515625,34397573,ICICIBANK.NS
2019-10-27,451.7369618022992,454.1347163766213,445.9823508239259,450.3462524414063,8206762,ICICIBANK.NS
2019-10-29,450.9697279780479,462.2871187627941,447.7567307385624,457.875244140625,33686172,ICICIBANK.NS
2019-10-30,459.4098152279316,459.4098152279316,450.7778980315822,451.880859375,22396012,ICICIBANK.NS
2019-10-31,455.5734009559736,457.2518292752851,442.43369326271977,444.1121215820313,21198377,ICICIBANK.NS
2019-11-01,447.5648910947317,447.8526392233991,441.66642032538704,443.3448486328125,13522994,ICICIBANK.NS
2019-11-04,444.06415197066366,452.9837873758952,444.06415197066366,451.2574157714844,16254715,ICICIBANK.NS
2019-11-05,452.79197484071,454.6142624438705,447.8046336715146,449.1953430175781,14952189,ICICIBANK.NS
2019-11-06,448.0444055726956,464.1093609219311,445.74256707804136,461.0402526855469,24922680,ICICIBANK.NS
2019-11-07,463.2461948842194,463.2461948842194,456.1967904125229,458.9781799316406,18312032,ICICIBANK.NS
2019-11-08,461.0882358901175,475.7145397847078,460.6566283297034,469.4324340820313,52207121,ICICIBANK.NS
2019-11-11,468.04169654641504,478.5918167554531,464.7807561538781,476.4817810058594,24766065,ICICIBANK.NS
2019-11-13,476.48182307372025,477.1532061268114,463.53394712857056,465.8837585449219,24272664,ICICIBANK.NS
2019-11-14,469.7201333795355,479.407067966728,463.9655222508429,478.2561340332031,35396276,ICICIBANK.NS
2019-11-15,477.48883984553527,488.85420209754193,475.7144956510086,479.4070434570313,42074833,ICICIBANK.NS
2019-11-18,478.3520491939557,483.8189414639586,476.33792944871954,477.9684143066406,22910109,ICICIBANK.NS
2019-11-19,477.5847566939981,481.4691073061123,469.81602620030543,473.3167419433594,27939336,ICICIBANK.NS
2019-11-20,474.9472947432199,477.6327684807055,472.3577077846334,474.7554626464844,22606112,ICICIBANK.NS
2019-11-21,477.72866864313823,483.1955319846874,471.1588146862407,477.8725280761719,25745594,ICICIBANK.NS
2019-11-22,480.6059364674352,481.2293468077126,472.0219633168409,476.4817810058594,18462401,ICICIBANK.NS
2019-11-25,471.8781687736139,479.55098452603033,471.44656117975273,477.4409484863281,25692878,ICICIBANK.NS
2019-11-26,481.2772641523507,496.38311727071886,480.5099944319016,489.8132934570313,286857658,ICICIBANK.NS
2019-11-27,492.8824367601384,494.75263843263855,483.6750243880798,484.8259582519531,29866539,ICICIBANK.NS
2019-11-28,488.7103121741418,498.732937726626,487.2237160867808,497.917724609375,35706498,ICICIBANK.NS
2019-11-29,494.8965593363909,495.3761102659804,489.429667031284,491.6355895996094,13324549,ICICIBANK.NS
2019-12-02,492.4508542205352,492.9783485277105,486.5044110713641,490.005126953125,10130049,ICICIBANK.NS
2019-12-03,488.9021895905192,490.3408424289416,484.01076408599,488.5185546875,12795657,ICICIBANK.NS
2019-12-04,489.1419050949162,509.6187045691033,488.4705221448437,507.6046142578125,30992538,ICICIBANK.NS
2019-12-05,510.7696935326152,515.5172595375382,504.53553132425424,506.5016784667969,32354118,ICICIBANK.NS
2019-12-06,508.3718932962484,511.6808061874391,500.3154733643576,503.3366088867188,24868376,ICICIBANK.NS
2019-12-09,502.6173212883175,507.65260608600767,500.843006251371,504.9671325683594,12980877,ICICIBANK.NS
2019-12-10,504.53547481178055,508.5637139568478,503.2407108367962,507.0771179199219,12021443,ICICIBANK.NS
2019-12-11,508.8994584118952,513.3113623939194,505.63854698754966,511.7288208007813,13768156,ICICIBANK.NS
2019-12-12,512.9755882471313,515.1335673557433,508.1321357333661,513.4551391601562,12385216,ICICIBANK.NS
2019-12-13,515.9009651447004,520.6005296020642,513.7909291353623,515.085693359375,17884861,ICICIBANK.NS
2019-12-16,517.4354541762648,519.2577711283249,514.7499806723857,517.1956787109375,13070575,ICICIBANK.NS
2019-12-17,518.8261732874574,520.792320432131,516.7161374453233,519.0180053710938,11516163,ICICIBANK.NS
2019-12-18,519.881132527729,520.6964042023279,514.0306348108654,519.2577514648438,12906168,ICICIBANK.NS
2019-12-19,515.2295667782302,519.0659744853816,511.8727100344726,518.1068725585938,12082790,ICICIBANK.NS
2019-12-20,518.8261030088274,527.0264112578294,517.1956183271784,523.7654418945312,27691592,ICICIBANK.NS
2019-12-23,524.6286346109372,526.402949356301,515.6130551344124,519.1617431640625,11521942,ICICIBANK.NS
2019-12-24,519.8331857555603,521.7034460098837,517.243599137184,518.969970703125,6715007,ICICIBANK.NS
2019-12-26,518.9700527381731,520.2169321307726,515.6611977716333,516.7161865234375,7831074,ICICIBANK.NS
2019-12-27,518.8740035127986,527.9854693785502,516.3323606715209,526.9304809570312,11247684,ICICIBANK.NS
2019-12-30,527.1223201638213,529.6160199402099,520.4086076364273,521.7034301757812,13180302,ICICIBANK.NS
2019-12-31,521.5595490656267,521.5595490656267,515.9967703127912,516.8599853515625,12491978,ICICIBANK.NS
2020-01-01,517.8191068090974,520.3127481774169,513.7908673734861,514.7979125976562,7642793,ICICIBANK.NS
2020-01-02,514.0785725495332,519.7372966704075,513.9346838617928,518.4904174804688,10264223,ICICIBANK.NS
2020-01-03,515.9968594955575,518.682333301873,514.3184310492429,516.8120727539062,9594690,ICICIBANK.NS
2020-01-06,515.2775367728971,515.2775367728971,502.3776034837311,504.1999206542969,12534334,ICICIBANK.NS
2020-01-07,509.5708250912865,513.6949515318829,500.3155269281589,501.514404296875,16101835,ICICIBANK.NS
2020-01-08,494.8965909321686,505.7823743132612,493.93748901175735,504.4396667480469,16094310,ICICIBANK.NS
2020-01-09,508.9953707677981,525.012383599199,508.6117066067494,523.9573364257812,18934019,ICICIBANK.NS
2020-01-10,522.6146322663654,524.149171842463,516.4763568841104,518.15478515625,12335407,ICICIBANK.NS
2020-01-13,517.3395939846152,523.7175865666383,515.9968278942235,516.572265625,7901800,ICICIBANK.NS
2020-01-14,514.2703907638249,516.9079206825197,512.3042438049472,515.6130981445312,13939440,ICICIBANK.NS
2020-01-15,513.2153953464705,514.9897689574212,508.9474387885477,513.6949462890625,12353176,ICICIBANK.NS
2020-01-16,512.064498592792,517.9149964332245,511.39311559333305,515.1815795898438,11249232,ICICIBANK.NS
2020-01-17,512.6399725275828,515.9968292232733,508.89945165109657,510.2901611328125,18312609,ICICIBANK.NS
2020-01-20,511.2013318069123,521.7514531012389,509.2831279352166,512.9756469726562,19159996,ICICIBANK.NS
2020-01-21,511.15327984136405,518.1547107780583,508.51575007803285,509.3309631347656,13477994,ICICIBANK.NS
2020-01-22,509.76259287184985,513.0715056998757,499.4522488015349,501.4663391113281,17527408,ICICIBANK.NS
2020-01-23,500.0757725420039,508.5638012548698,495.903643999578,506.11810302734375,17061293,ICICIBANK.NS
2020-01-24,507.60463456763415,515.4213377597315,505.4466554882253,512.0164794921875,17851868,ICICIBANK.NS
2020-01-27,516.476343125618,522.7105051132068,509.7626302159071,515.2774658203125,38149166,ICICIBANK.NS
2020-01-28,516.0926681504028,518.4904227107353,503.00096337434496,506.59759521484375,24009224,ICICIBANK.NS
2020-01-29,509.8106155437971,512.9276967940419,503.8162285240955,505.0630493164063,16400827,ICICIBANK.NS
2020-01-30,506.070179759384,512.112510484963,502.713322851958,510.43408203125,14319317,ICICIBANK.NS
2020-01-31,508.3239861824727,510.9615162994572,501.0348354565609,504.1519165039063,16292578,ICICIBANK.NS
2020-02-03,483.38732090641497,497.9177370039952,481.4691172520244,494.4649353027344,22531888,ICICIBANK.NS
2020-02-04,498.7329294449446,512.7837940458395,495.5199618727453,509.0912170410156,17781475,ICICIBANK.NS
2020-02-05,507.4127964144757,518.2986369856877,504.1998287947771,517.0517578125,18782476,ICICIBANK.NS
2020-02-06,518.2507075413092,524.628758829306,514.3184130205033,519.4495849609375,15296851,ICICIBANK.NS
2020-02-07,518.8261511435047,519.5934209063695,513.2633721890722,514.5101928710938,8297149,ICICIBANK.NS
2020-02-10,516.6202785767001,520.0730221129126,508.80357442305234,512.1124877929688,12536053,ICICIBANK.NS
2020-02-11,515.7090240136486,522.5186230406517,515.5171919553685,517.6751708984375,11243552,ICICIBANK.NS
2020-02-12,523.477738504971,528.1773606307698,520.5045464099893,526.8345947265625,14026335,ICICIBANK.NS
2020-02-13,526.5469609681868,526.5469609681868,515.9968397101721,518.8741455078125,9227235,ICICIBANK.NS
2020-02-14,519.1139419765661,526.2113199799044,514.6061510035778,523.4778442382812,14458649,ICICIBANK.NS
2020-02-17,520.7923510864956,523.0462172198221,515.7570659240572,519.4495849609375,7793293,ICICIBANK.NS
2020-02-18,518.8741469090916,522.1351169041318,514.0786372334068,519.0659790039062,15918303,ICICIBANK.NS
2020-02-19,521.2718560592015,524.1491616124262,518.3945505059768,522.5186767578125,8704234,ICICIBANK.NS
2020-02-20,523.1900703388333,526.8825891245517,519.641381710325,524.6287231445312,13588526,ICICIBANK.NS
2020-02-24,517.4354714319516,519.6893374656181,505.974192099305,508.18011474609375,16940750,ICICIBANK.NS
2020-02-25,510.673790711555,516.7640640312139,503.8161890822969,509.2351379394531,14942960,ICICIBANK.NS
2020-02-26,505.30275170851854,507.70050616958,500.8429635343006,502.2816162109375,15743918,ICICIBANK.NS
2020-02-27,501.41842210646206,501.8979730186792,491.6835737118118,494.2731018066406,26315054,ICICIBANK.NS
2020-02-28,481.0854899814384,486.120774653826,472.0699385171517,476.9133911132813,32737933,ICICIBANK.NS
2020-03-02,487.4635218918848,499.2604630995341,478.0643353418444,485.4014587402344,28642076,ICICIBANK.NS
2020-03-03,488.9980390574919,498.2533652040205,487.703245825302,493.6976318359375,19661945,ICICIBANK.NS
2020-03-04,496.33522462071846,496.33522462071846,476.7215793989344,487.5594482421875,21883404,ICICIBANK.NS
2020-03-05,488.9021361911498,490.2448728397928,479.5508937627757,483.8668518066406,16671516,ICICIBANK.NS
2020-03-06,465.1643741932545,476.48176375450055,457.7792786065244,466.4591674804688,31024353,ICICIBANK.NS
2020-03-09,455.5734081257893,455.5734081257893,424.8342035589836,439.0289001464844,42027175,ICICIBANK.NS
2020-03-11,431.5958062234364,452.4562701909025,431.2121713606861,446.6057434082031,31018779,ICICIBANK.NS
2020-03-12,420.0866129961652,427.7114844603888,398.9863721607414,408.24169921875,50757033,ICICIBANK.NS
2020-03-13,384.5998515748421,445.7425960583737,379.0370724119701,428.9103698730469,67104335,ICICIBANK.NS
2020-03-16,406.8510376899943,406.8510376899943,381.1950618648551,386.4221496582031,34833637,ICICIBANK.NS
2020-03-17,390.3544631033548,391.74517252981417,349.1130824806416,352.23016357421875,47232699,ICICIBANK.NS
2020-03-18,354.0045445884849,360.1427913704658,328.3005941140776,340.5291442871094,61202289,ICICIBANK.NS
2020-03-19,322.3541364945522,354.4840483554927,309.7898964502615,324.70391845703125,57985870,ICICIBANK.NS
2020-03-20,314.5854378279183,345.0848679583254,309.78992810493173,331.5615539550781,88640642,ICICIBANK.NS
2020-03-23,298.42452689942013,300.8702541140669,268.5485109141175,272.3849182128906,56867949,ICICIBANK.NS
2020-03-24,283.2227538599873,292.5260531600772,257.32700489171816,284.3736877441406,67895418,ICICIBANK.NS
2020-03-25,272.3849174787915,320.4838680036359,270.0830789596243,303.9393615722656,66544138,ICICIBANK.NS
2020-03-26,308.8308173850303,349.49673282655687,301.397777525608,316.743408203125,76173940,ICICIBANK.NS
2020-03-27,341.2484323537228,344.8450643526848,312.6672084430917,325.9507751464844,72889985,ICICIBANK.NS
2020-03-30,316.5995324321823,320.24410782223737,298.3765969429745,300.58251953125,36559880,ICICIBANK.NS
2020-03-31,311.42037475149374,321.15525243592424,303.07617715371623,310.5092163085937,46279768,ICICIBANK.NS
2020-04-01,305.9534852859958,310.50921900106937,295.4992811410883,298.4245300292969,33141186,ICICIBANK.NS
2020-04-03,296.8419947435028,296.8419947435028,269.9871454613765,274.926513671875,57326314,ICICIBANK.NS
2020-04-07,295.6911207320418,316.1200099154174,284.7094209196198,312.7631530761719,57661076,ICICIBANK.NS
2020-04-08,309.6460394730778,338.3231790589047,302.2130001032507,305.9055480957031,73931321,ICICIBANK.NS
2020-04-09,318.80543783356364,330.8901265709161,309.4541951261247,328.6842041015625,52431174,ICICIBANK.NS
2020-04-13,327.1016988133431,331.6574329431638,315.7843078407334,317.1270446777344,30994190,ICICIBANK.NS
2020-04-15,328.6842252963358,337.5079450122009,311.7081103480552,313.9620056152344,49132329,ICICIBANK.NS
2020-04-16,311.99583455536253,333.5756271803882,306.28919584509146,328.0128479003906,56494027,ICICIBANK.NS
2020-04-17,347.19485598189243,369.7337485663523,334.7744758073511,360.190673828125,69006835,ICICIBANK.NS
2020-04-20,360.6223079195863,363.40369752571104,342.399372147054,346.52349853515625,55810736,ICICIBANK.NS
2020-04-21,327.0537301565625,332.0410714737743,314.5854061329985,318.2779541015625,50118175,ICICIBANK.NS
2020-04-22,312.6671913564266,324.1764131241478,309.8378292974093,322.21026611328125,49115085,ICICIBANK.NS
2020-04-23,326.33443868582555,340.289360359019,324.17645929701405,338.5150451660156,45953398,ICICIBANK.NS
2020-04-24,324.08052249163654,329.21172345251,317.9422762549368,321.1552734375,38513206,ICICIBANK.NS
2020-04-27,325.4232274941538,338.4670177663973,324.1764068678324,333.6715087890625,38980019,ICICIBANK.NS
2020-04-28,339.28225526043406,348.01008732738666,335.92539902464176,345.1327819824219,32933194,ICICIBANK.NS
2020-04-29,338.56291810810626,361.10180925694624,337.2681248903442,355.2992553710937,39341745,ICICIBANK.NS
2020-04-30,366.37691389129833,376.8790910627228,358.8479583671258,364.6025695800781,45734705,ICICIBANK.NS
2020-05-04,344.317560485833,344.317560485833,322.25821817058466,324.224365234375,38837299,ICICIBANK.NS
2020-05-05,333.7674382566729,333.7674382566729,316.0719977102788,317.31884765625,45069968,ICICIBANK.NS
2020-05-06,317.9422454823659,331.4176140129732,311.9478592553228,327.4373474121094,49952812,ICICIBANK.NS
2020-05-07,323.21731451837417,328.8760094231115,320.0522902086211,322.9775390625,27656346,ICICIBANK.NS
2020-05-08,329.9310011771453,338.0833660318131,320.05226488456805,323.888671875,42968091,ICICIBANK.NS
2020-05-11,327.05376984798403,329.49946814932355,305.18625676828185,307.0564880371094,83665601,ICICIBANK.NS
2020-05-12,305.28208846967624,311.1326152506269,295.403351726856,308.0635070800781,69072308,ICICIBANK.NS
2020-05-13,329.4514819690352,334.1510751301298,318.7095296555629,324.224365234375,72816461,ICICIBANK.NS
2020-05-14,316.5036194649953,320.8195779122453,312.3315204454271,314.00994873046875,33999095,ICICIBANK.NS
2020-05-15,315.83221529797174,317.0310925641643,305.7616462619546,309.5021667480469,31828868,ICICIBANK.NS
2020-05-18,306.9125902952261,307.3921412175624,281.25661595023456,286.2919006347656,74034133,ICICIBANK.NS
2020-05-19,294.4921864522171,298.7602010318865,284.949141412716,288.01824951171875,61827491,ICICIBANK.NS
2020-05-20,286.77142378458115,295.6431149886192,285.3327711568993,293.1494445800781,42238419,ICICIBANK.NS
2020-05-21,293.48516082733914,300.0070415823829,289.6487534962628,291.9505920410156,43075357,ICICIBANK.NS
2020-05-22,288.6896508444997,295.11564481360847,273.87151586246944,279.1465759277344,80358245,ICICIBANK.NS
2020-05-26,283.9421246570904,285.71646914390107,278.1395694842582,280.7291564941406,46681705,ICICIBANK.NS
2020-05-27,283.990064215829,308.7828529425896,282.7911869008935,305.80963134765625,80541990,ICICIBANK.NS
2020-05-28,309.070577932052,316.26384196460555,307.6319251255413,313.4824523925781,66136408,ICICIBANK.NS
2020-05-29,309.69398154449425,320.62773678177984,306.9125920330875,318.3738708496094,60487477,ICICIBANK.NS
2020-06-01,325.13556020648144,333.76747773408715,322.450086461236,325.3753356933594,44024770,ICICIBANK.NS
2020-06-02,323.21733684022706,335.68566140676404,318.90137833642586,334.1510925292969,47558213,ICICIBANK.NS
2020-06-03,343.2625383756423,357.7449818318432,339.33021502708294,342.2554931640625,69689299,ICICIBANK.NS
2020-06-04,342.3993725758002,348.1539838795952,331.3697009101932,333.62359619140625,57061575,ICICIBANK.NS
2020-06-05,335.68564161667973,345.2766599485849,332.8083361171082,342.5911865234375,37251097,ICICIBANK.NS
2020-06-08,351.5587453573565,358.4642898734055,338.7067873736475,345.0848083496094,46827341,ICICIBANK.NS
2020-06-09,345.32462413882456,354.24428928659967,331.1299278601376,334.2949523925781,47621969,ICICIBANK.NS
2020-06-10,334.29494276396383,342.25550579147483,331.177861708066,338.5629577636719,36292403,ICICIBANK.NS
2020-06-11,338.03543936078034,339.7138675020564,326.19052633845376,327.2934875488281,36999490,ICICIBANK.NS
2020-06-12,310.94085578743926,331.99312547914644,310.8449397410473,330.1228942871094,47509067,ICICIBANK.NS
2020-06-15,327.245558680753,328.2526039023972,312.18764812339015,317.5586242675781,43500660,ICICIBANK.NS
2020-06-16,328.25259773143927,333.6715171578462,312.71513654739533,328.9239807128906,57511237,ICICIBANK.NS
2020-06-17,324.751877363604,336.6447339040419,322.3541228486179,327.9648742675781,37107002,ICICIBANK.NS
2020-06-18,326.0946291143244,340.1934380220535,323.40915564116915,337.6038513183594,39285919,ICICIBANK.NS
2020-06-19,336.6447424116672,350.5037755663153,334.91837082503446,348.9212341308594,51367236,ICICIBANK.NS
2020-06-22,351.9903889760424,359.9029794639235,350.2160446491092,352.51788330078125,40133602,ICICIBANK.NS
2020-06-23,353.9086015760749,362.8282375502866,349.3049241576689,360.7661743164063,32493320,ICICIBANK.NS
2020-06-24,364.4587171518517,364.4587171518517,330.8901510983917,333.8633728027344,57955780,ICICIBANK.NS
2020-06-25,331.75331964920355,341.0566191782676,324.6559719074825,336.6447448730469,69902888,ICICIBANK.NS
2020-06-26,341.0566415999861,343.8380312569579,331.9451735471518,334.8224792480469,34596104,ICICIBANK.NS
2020-06-29,331.1299036370353,331.46559512821415,324.65596634652115,329.0678405761719,27384244,ICICIBANK.NS
2020-06-30,332.8083701955331,339.95369129224457,332.13698713576633,337.0763854980469,47526095,ICICIBANK.NS
2020-07-01,339.7618244826346,350.79149556675685,337.2202104780125,349.1610107421875,36922617,ICICIBANK.NS
2020-07-02,351.0312661981389,355.7308592632921,346.5714485880391,348.0101013183594,50964311,ICICIBANK.NS
2020-07-03,349.7364948180006,352.1342495188912,345.08484484437963,346.2357788085937,28779044,ICICIBANK.NS
2020-07-06,352.80563674124096,352.80563674124096,345.756231982843,347.051025390625,33334074,ICICIBANK.NS
2020-07-07,348.15398948874105,362.5405179800114,347.2908036331583,360.6702575683594,46030825,ICICIBANK.NS
2020-07-08,362.4446011579614,363.4996190989494,352.5178906664054,353.86065673828125,46315597,ICICIBANK.NS
2020-07-09,358.1765598990654,360.6222576514164,350.3598572285511,355.2033386230469,35144463,ICICIBANK.NS
2020-07-10,349.97623663326567,353.1412900957596,344.31754193721537,345.6123352050781,27864858,ICICIBANK.NS
2020-07-13,349.20893454106243,351.99032361491754,338.083348976181,339.13836669921875,32379935,ICICIBANK.NS
2020-07-14,337.1243318235426,338.0354903740963,326.67012653411734,331.41766357421875,34031256,ICICIBANK.NS
2020-07-15,335.2061290824764,342.207561558672,329.69129291016094,331.6574401855469,30442553,ICICIBANK.NS
2020-07-16,333.71949699360255,334.3429073358175,327.0537274966616,330.554443359375,35535437,ICICIBANK.NS
2020-07-17,331.8492179719387,341.4402358323993,331.3217236973988,339.3302001953125,27511781,ICICIBANK.NS
2020-07-20,343.3584821716813,351.3669889365623,340.7209519315357,348.15399169921875,36312529,ICICIBANK.NS
2020-07-21,355.82678703869755,364.3627876663257,354.91562857164774,363.3077697753906,45559912,ICICIBANK.NS
2020-07-22,371.0764811332952,373.5701516709995,359.95089438239694,365.5137023925781,45500191,ICICIBANK.NS
2020-07-23,366.9044029351117,379.468643089938,363.35574363316886,376.2077026367188,37838027,ICICIBANK.NS
2020-07-24,372.4192513829998,372.802915553753,356.9297617465089,366.1850891113281,52980980,ICICIBANK.NS
2020-07-27,369.2542116811585,370.02148145219024,342.0157250370129,343.8380126953125,73275058,ICICIBANK.NS
2020-07-28,346.33168473755825,347.914196940043,329.1637674343824,337.69976806640625,125939354,ICICIBANK.NS
2020-07-29,338.754780352284,343.02276596293785,333.95927116988736,336.69268798828125,50194622,ICICIBANK.NS
2020-07-30,338.9465866434276,340.0975205668244,326.4782626409795,330.8421936035156,40820253,ICICIBANK.NS
2020-07-31,332.2808538750555,338.5629594026439,328.0607822402995,332.61651611328125,37345191,ICICIBANK.NS
2020-08-03,332.6165002001597,335.06222740822056,326.57417042864904,329.2117004394531,32119883,ICICIBANK.NS
2020-08-04,332.80833752406625,338.7547806227723,330.122864087566,336.6447448730469,30811518,ICICIBANK.NS
2020-08-05,338.946620099564,345.27669876413347,336.40500580977726,337.79571533203125,37057881,ICICIBANK.NS
2020-08-06,338.99459126700714,348.87332950818,334.3429410196711,344.07781982421875,48021824,ICICIBANK.NS
2020-08-07,344.74919976716603,344.9410025911073,338.706840058388,343.310546875,28510964,ICICIBANK.NS
2020-08-10,344.7970766501192,350.0241928578851,342.73501375631275,348.6814270019531,22856010,ICICIBANK.NS
2020-08-11,354.86769444207914,358.99182080483564,349.1610265669132,352.3260803222656,45446107,ICICIBANK.NS
2020-08-12,350.7914787619372,353.6687841243044,348.87327518702574,351.84649658203125,25706005,ICICIBANK.NS
2020-08-13,353.86065163418294,357.12159218427325,351.27106484087994,352.9974365234375,26257336,ICICIBANK.NS
2020-08-14,356.5940690303773,356.5940690303773,339.71389927491333,346.6194152832031,28893259,ICICIBANK.NS
2020-08-17,351.0312850068889,351.36697651584336,339.85775405660115,345.468505859375,24232497,ICICIBANK.NS
2020-08-18,347.09891272300985,354.8676426456309,346.81119390973066,354.43603515625,26517363,ICICIBANK.NS
2020-08-19,358.7041041149381,360.4784484517529,355.2513314834678,359.1357116699219,35790233,ICICIBANK.NS
2020-08-20,351.9904208413441,354.53203519243544,347.77037805299835,352.7097473144531,68444775,ICICIBANK.NS
2020-08-21,354.86771125067145,357.7450170175688,352.03834887210195,355.9706726074219,34109928,ICICIBANK.NS
2020-08-24,359.51931270089466,365.60961493594914,358.5602109085857,364.79437255859375,32907235,ICICIBANK.NS
2020-08-25,366.8564329845133,373.8578643114649,365.80141516648206,370.5489807128906,53072303,ICICIBANK.NS
2020-08-26,372.32333880801406,375.63222253045626,368.4869315220767,373.4263000488281,37163882,ICICIBANK.NS
2020-08-27,374.0017500036098,381.19501333793136,371.7478549716297,376.1597290039063,36910405,ICICIBANK.NS
2020-08-28,377.790204312922,395.05403722229664,376.8311024846234,392.9440307617188,83472297,ICICIBANK.NS
2020-08-31,397.8833899338486,404.7409619904576,371.6519496950292,378.4615783691406,72744175,ICICIBANK.NS
2020-09-01,378.5575391790708,383.3050761169666,369.5419577238967,374.9609069824219,34872793,ICICIBANK.NS
2020-09-02,371.41216367765753,377.88610068172255,365.5136935945132,376.3515319824219,31295799,ICICIBANK.NS
2020-09-03,376.35151735397824,376.4953767612509,365.46570673859406,367.09619140625,26135555,ICICIBANK.NS
2020-09-04,359.6632269847649,364.4107932887511,353.2852049467954,357.3134155273437,33118984,ICICIBANK.NS
2020-09-07,358.79998403227114,361.43751394403415,353.9085590692907,358.12860107421875,22323904,ICICIBANK.NS
2020-09-08,357.1695409020077,365.7055419388971,354.05245973402526,360.3345947265625,32052920,ICICIBANK.NS
2020-09-09,355.6349653878416,357.1695342496988,347.09896450993585,352.5658569335937,25285238,ICICIBANK.NS
2020-09-10,356.4981643365045,359.6631886891832,350.50377785835144,355.5390625,24852274,ICICIBANK.NS
2020-09-11,357.744983585579,358.3683939229209,350.16808496138606,355.34722900390625,22678353,ICICIBANK.NS
2020-09-14,358.22453414335394,358.5602256383451,344.65324907856296,348.8253479003906,27140598,ICICIBANK.NS
2020-09-15,349.16101473174746,357.02566156329186,348.8253525017936,356.3542785644531,24967618,ICICIBANK.NS
2020-09-16,356.16246086551104,361.29366137219006,350.07215855457287,359.3754577636719,22068622,ICICIBANK.NS
2020-09-17,354.8677323504192,356.5461608142388,352.3740613502791,353.9086303710937,24084936,ICICIBANK.NS
2020-09-18,354.8676426456309,359.3274598682309,349.6405264718496,354.43603515625,78166508,ICICIBANK.NS
2020-09-21,351.65464994316795,352.3739762539488,334.2469590761641,336.35699462890625,28932482,ICICIBANK.NS
2020-09-22,339.522035302053,341.5840983066331,335.2060772261794,339.9056701660156,28593292,ICICIBANK.NS
2020-09-23,342.01572523824035,342.49527616278374,328.4444399275555,337.4599914550781,22740143,ICICIBANK.NS
2020-09-24,330.8422126078054,332.7604164106755,320.10025960394603,321.97052001953125,25840472,ICICIBANK.NS
2020-09-25,325.1835147912126,336.1652441760792,322.83373250059367,334.3908996582031,23231600,ICICIBANK.NS
2020-09-28,337.1243197858826,349.0651502172378,334.8224810665581,348.15399169921875,18495592,ICICIBANK.NS
2020-09-29,348.87332119126,348.87332119126,339.7618530089453,342.44732666015625,17080848,ICICIBANK.NS
2020-09-30,342.3514298998591,342.87892422934834,335.06224971269853,340.24139404296875,19565058,ICICIBANK.NS
2020-10-01,343.5982262195582,356.01860646759053,343.5982262195582,354.10040283203125,23237122,ICICIBANK.NS
2020-10-05,355.5869863020982,367.00029167408536,355.5869863020982,357.84088134765625,26530105,ICICIBANK.NS
2020-10-06,361.67735336002,366.1851149902739,359.75914944855816,365.0342102050781,18093629,ICICIBANK.NS
2020-10-07,363.78730822833177,368.6307899758197,358.79999633135566,367.0003051757813,21845743,ICICIBANK.NS
2020-10-08,369.2542228452621,373.76201337739343,367.0003275791965,371.6519775390625,21085500,ICICIBANK.NS
2020-10-09,374.721088393785,386.9975798382409,371.0764839587847,385.0793762207031,41641237,ICICIBANK.NS
2020-10-12,386.94964776271394,393.2317530859349,384.3121177115278,387.5250854492188,25742564,ICICIBANK.NS
2020-10-13,384.5998624494776,384.5998624494776,377.4065981892005,380.0441284179688,19922778,ICICIBANK.NS
2020-10-14,378.221827479544,392.5124394580894,373.090626632124,390.1626281738281,23368177,ICICIBANK.NS
2020-10-15,390.2585329878813,393.1358385089561,373.2344753215223,375.0088195800781,34234586,ICICIBANK.NS
2020-10-16,377.8861487102066,384.88758087446166,374.52929205922766,379.9002685546875,25339096,ICICIBANK.NS
2020-10-19,385.6068522193039,401.6238633738803,384.7436664862437,400.0413513183594,41072871,ICICIBANK.NS
2020-10-20,396.5885978792418,399.8495381747792,394.1908433576019,397.64361572265625,26158669,ICICIBANK.NS
2020-10-21,398.98634761286894,410.975120077198,393.5194556613493,403.1104736328125,43124966,ICICIBANK.NS
2020-10-22,399.3700095941065,402.4870906464744,390.97786829926986,396.0131530761719,33088074,ICICIBANK.NS
2020-10-23,399.9454958778764,403.30235255790654,394.9102108578312,399.8975524902344,22151463,ICICIBANK.NS
2020-10-26,400.9525141018068,402.0075319839036,385.0314469099417,387.9087524414063,21712057,ICICIBANK.NS
2020-10-27,389.731004677557,395.5335585976375,377.16676581126137,393.1837768554688,33571163,ICICIBANK.NS
2020-10-28,393.1358936452957,393.1358936452957,378.6534479708657,379.8523254394531,28145103,ICICIBANK.NS
2020-10-29,376.2077069019713,386.4221359199863,373.71403619672014,383.5448303222656,32615425,ICICIBANK.NS
2020-10-30,383.06527693468274,386.2303306335739,372.1794649725013,376.54339599609375,27225165,ICICIBANK.NS
2020-11-02,399.9454676591173,405.5082466286042,390.3544492500257,400.3770751953125,72698777,ICICIBANK.NS
2020-11-03,407.6183108766545,428.622636806758,406.8510410580854,425.6973876953125,61813071,ICICIBANK.NS
2020-11-04,419.4151904805148,423.92298048760256,407.9059692908061,419.1754150390625,43426662,ICICIBANK.NS
2020-11-05,426.8003551174325,427.9992325194478,417.7848029081713,420.5661926269531,30129938,ICICIBANK.NS
2020-11-06,421.8609442728922,426.7043967893098,418.3602284597865,424.6902770996094,27831424,ICICIBANK.NS
2020-11-09,431.59582328007696,445.59871584483466,430.6367214505656,443.77642822265625,40995422,ICICIBANK.NS
2020-11-10,465.9316629140964,467.1305402160259,453.6551710501244,464.0614318847656,57535138,ICICIBANK.NS
2020-11-11,464.9246293263553,470.48740843877073,452.7919965810151,466.6510009765625,45609279,ICICIBANK.NS
2020-11-12,461.9034505694484,463.7736815899854,452.07265673985023,457.203857421875,31071572,ICICIBANK.NS
2020-11-13,453.3674590956815,467.1785199699154,448.4280611210911,465.69189453125,34815091,ICICIBANK.NS
2020-11-14,469.81602585584966,469.81602585584966,464.8286847533305,466.9866638183594,3636073,ICICIBANK.NS
2020-11-17,470.43943383743175,472.8371883422097,458.594520729936,466.5071105957031,36127378,ICICIBANK.NS
2020-11-18,468.0416707063441,478.5917903329216,466.3632425839341,477.2969970703125,29156543,ICICIBANK.NS
2020-11-19,469.9599093046263,473.172906375194,456.3406512455631,459.1700134277344,31896908,ICICIBANK.NS
2020-11-20,459.8893469632469,463.67781105999023,448.9555914920493,460.5607299804688,30089190,ICICIBANK.NS
2020-11-23,462.0952755960666,463.58190107663614,447.4210284915889,449.0994567871094,29513544,ICICIBANK.NS
2020-11-24,454.61430785534696,460.3689193471868,451.9288342002754,458.6425476074219,23135994,ICICIBANK.NS
2020-11-25,465.164403360381,469.9119692880311,451.832893324152,453.3674621582031,34168305,ICICIBANK.NS
2020-11-26,455.6692811817819,457.6834008605298,446.74961668146,455.861083984375,28707911,ICICIBANK.NS
2020-11-27,456.9161242348653,459.9372892663197,452.0246988523141,453.9908752441406,48390771,ICICIBANK.NS
2020-12-01,460.08117078690407,468.5212553890953,454.9019973629361,465.2603149414063,20120049,ICICIBANK.NS
2020-12-02,466.45920178861786,467.0826121521762,452.88791613952696,460.8005065917969,21244707,ICICIBANK.NS
2020-12-03,462.383024983161,465.164414597998,459.2659438544116,462.1432495117188,22701738,ICICIBANK.NS
2020-12-04,463.917593662728,483.3873502280141,463.2462106351802,481.51708984375,39547014,ICICIBANK.NS
2020-12-07,484.3464608039996,494.5129175557969,483.5312183329113,489.5735778808594,37778332,ICICIBANK.NS
2020-12-08,490.5806130479696,491.06016398936544,484.7300857090467,487.6073913574219,19339943,ICICIBANK.NS
2020-12-09,489.14194414692537,493.9374534032678,485.3534801266286,490.5805969238281,21272782,ICICIBANK.NS
2020-12-10,487.31966662027423,493.3620259706338,478.3520582704832,486.2167053222656,20419020,ICICIBANK.NS
2020-12-11,488.4226361799157,495.7597890344216,485.4014710883663,494.36907958984375,25335765,ICICIBANK.NS
2020-12-14,496.9106498261289,506.2139495679714,496.9106498261289,504.2957458496094,26369591,ICICIBANK.NS
2020-12-15,502.5693691282158,502.8091445905861,492.1151355532968,496.8627014160156,26969145,ICICIBANK.NS
2020-12-16,498.78088000993023,500.3634213974932,490.1969364508058,491.4917297363281,24263586,ICICIBANK.NS
2020-12-17,492.9783154786964,495.3760699314138,488.278722605263,489.5255432128906,23883288,ICICIBANK.NS
2020-12-18,492.97831767926914,497.0545002670841,488.3266681663405,495.99951171875,21735833,ICICIBANK.NS
2020-12-21,493.5537714900108,493.6497167950445,468.23351865085885,474.2758483886719,29157759,ICICIBANK.NS
2020-12-22,476.9613479561846,481.27730636858735,469.0967301885972,479.8386535644531,32328041,ICICIBANK.NS
2020-12-23,478.5917880688754,484.8259496369069,476.241977000832,483.003662109375,19205951,ICICIBANK.NS
2020-12-24,486.0248117037752,494.8485595095864,484.4422996705218,492.5466918945313,17576807,ICICIBANK.NS
2020-12-28,494.8006764131491,499.8839045985341,492.5946952887402,498.828857421875,14470472,ICICIBANK.NS
2020-12-29,501.17864824616754,509.0912383229451,496.6708579491871,507.1730346679688,19092649,ICICIBANK.NS
2020-12-30,509.9065409544512,511.2013050845893,503.09688244253465,507.1251220703125,21365141,ICICIBANK.NS
2020-12-31,508.4197932245735,516.4762710068228,504.9670504829939,513.1673583984375,27817770,ICICIBANK.NS
2021-01-01,513.6469664155943,515.0376757581087,504.58344253664615,505.92620849609375,13592625,ICICIBANK.NS
2021-01-04,510.529874918582,513.1194614786899,502.85706054133055,509.9544372558594,16549750,ICICIBANK.NS
2021-01-05,505.1110096868941,517.8670525075586,501.6102645398296,515.2774658203125,23311516,ICICIBANK.NS
2021-01-06,516.716131852681,528.0814655831948,513.9347130173905,524.3410034179688,28178838,ICICIBANK.NS
2021-01-07,529.5680926313146,531.7260717234732,517.6752066634016,518.969970703125,21138034,ICICIBANK.NS
2021-01-08,524.6287305847001,524.7246173575334,514.4142721038121,519.8811645507812,21937965,ICICIBANK.NS
2021-01-11,522.8543980685591,523.6696112272414,513.1194908545314,522.4227905273438,19394393,ICICIBANK.NS
2021-01-12,518.8741164381487,528.129472984273,515.1335956952024,525.5878295898438,16388310,ICICIBANK.NS
2021-01-13,528.9446036586436,538.056070086127,525.8275230387151,533.7401123046875,21920297,ICICIBANK.NS
2021-01-14,531.3903468663191,535.610418251796,528.0814339094029,530.6710205078125,13330898,ICICIBANK.NS
2021-01-15,527.5059483986532,528.4650501230145,519.3535837415832,520.792236328125,15708956,ICICIBANK.NS
2021-01-18,522.2309671121094,525.9714878127828,507.2690013872803,511.3451843261719,21580313,ICICIBANK.NS
2021-01-19,516.9559362929026,525.3480781158394,512.0645399031081,524.1012573242188,20575358,ICICIBANK.NS
2021-01-20,524.101186440693,531.9178309295118,523.6695789261003,528.465087890625,16097138,ICICIBANK.NS
2021-01-21,532.3015035055736,538.0561143542824,527.2182756303331,530.0955810546875,18189277,ICICIBANK.NS
2021-01-22,530.4792845340077,530.8629487436168,508.899489869633,511.9686279296875,24515997,ICICIBANK.NS
2021-01-25,514.6060859942947,520.1209216327012,509.47491451152393,516.0447387695312,23415249,ICICIBANK.NS
2021-01-27,515.8049513556309,517.1477173303118,497.8697354654614,500.98681640625,28049286,ICICIBANK.NS
2021-01-28,493.55377502202055,508.1800778323068,491.0601336961666,506.6455383300781,29836591,ICICIBANK.NS
2021-01-29,511.5369137595902,522.6625295921092,507.7964519203833,515.0376586914062,33172808,ICICIBANK.NS
2021-02-01,529.4241906043663,584.5246004103781,528.4650888097932,579.1056518554688,69354326,ICICIBANK.NS
2021-02-02,587.9293712434484,598.479490466414,574.214227961378,592.1014404296875,42362384,ICICIBANK.NS
2021-02-03,597.9040763619406,601.8363702660362,588.8884961646952,596.89697265625,27155908,ICICIBANK.NS
2021-02-04,593.492230882047,605.8167251477457,584.0930441777774,602.6036987304688,29982222,ICICIBANK.NS
2021-02-05,602.6037278196378,609.317441295194,586.0112762235503,589.032470703125,32015570,ICICIBANK.NS
2021-02-08,596.8969758862472,608.0225917791083,596.8969758862472,603.8504638671875,18230551,ICICIBANK.NS
2021-02-09,605.528939822248,616.8943320603111,602.8914096901439,607.4471435546875,27155615,ICICIBANK.NS
2021-02-10,607.4470788991019,612.0987575785106,600.7813684695071,606.2962036132812,23967387,ICICIBANK.NS
2021-02-11,601.1171450084538,607.6869699268365,598.5755014344866,604.857666015625,16072702,ICICIBANK.NS
2021-02-12,604.1383820994865,623.3204223815602,603.6588310924348,621.1144409179688,19049709,ICICIBANK.NS
2021-02-15,628.2117265563467,649.1201356713515,625.3344209385314,646.38671875,27155194,ICICIBANK.NS
2021-02-16,645.8592123613623,651.6138234894805,622.9845980037339,631.4246826171875,24966739,ICICIBANK.NS
2021-02-17,628.0197565712409,637.754661856131,622.7926408055451,630.4654541015625,21684753,ICICIBANK.NS
2021-02-18,623.416144146164,625.718011786274,611.5232589038053,618.2849731445312,27845347,ICICIBANK.NS
2021-02-19,609.5092552791426,609.5092552791426,593.6840739855063,598.5275268554688,24055811,ICICIBANK.NS
2021-02-22,596.5613755384175,603.5628076271427,582.4625660486134,584.9082641601562,27092321,ICICIBANK.NS
2021-02-23,589.6078862018652,597.5684201719565,584.140993727343,591.094482421875,23534585,ICICIBANK.NS
2021-02-24,589.9435978248501,618.620770118801,589.9435978248501,614.8802490234375,17762047,ICICIBANK.NS
2021-02-25,616.4147883093957,621.8816807183324,600.6854941045485,602.3159790039062,38571809,ICICIBANK.NS
2021-02-26,589.8476694219534,589.8476694219534,566.7333370113986,573.3031616210938,57349273,ICICIBANK.NS
2021-03-01,582.7023346970133,586.826461067641,575.652959304134,583.4696044921875,21527318,ICICIBANK.NS
2021-03-02,585.0520653377098,591.2862266896691,574.5019461267019,585.5316162109375,24051433,ICICIBANK.NS
2021-03-03,592.7249178907655,607.8307713807001,588.7446219683223,606.2482299804688,21036174,ICICIBANK.NS
2021-03-04,593.4442232080492,605.0973331884325,590.6148612643628,595.3624267578125,25057198,ICICIBANK.NS
2021-03-05,588.1212288776671,589.5598815615465,576.8997262356227,584.5245971679688,26645968,ICICIBANK.NS
2021-03-08,586.5866847221433,590.8067563977,576.5641169358287,583.181884765625,19632433,ICICIBANK.NS
2021-03-09,589.7037518887294,602.6516269259059,587.2580538672711,599.5345458984375,23056249,ICICIBANK.NS
2021-03-10,603.035232047751,604.7136601289973,596.3694631030166,600.0140380859375,15838994,ICICIBANK.NS
2021-03-12,605.6248512994015,611.9069564644086,583.4695643040568,587.7855224609375,21757862,ICICIBANK.NS
2021-03-15,586.874472491116,587.7855724594814,566.4455553130019,578.8179931640625,24347946,ICICIBANK.NS
2021-03-16,582.0309530412403,582.1748417389566,569.3708550437967,570.61767578125,17925629,ICICIBANK.NS
2021-03-17,573.1113224689603,578.9618791193528,562.9928092406502,565.3905639648438,20214082,ICICIBANK.NS
2021-03-18,570.4258595556312,576.8039106568629,551.9631478339903,554.9363403320312,22776537,ICICIBANK.NS
2021-03-19,551.67543682104,564.8151448501964,546.6880951226602,562.6571655273438,29162618,ICICIBANK.NS
2021-03-22,562.8488774567164,562.8488774567164,546.208484360174,549.9969482421875,21755401,ICICIBANK.NS
2021-03-23,552.4426156103026,565.150713972866,550.8121309050565,562.4172973632812,29486417,ICICIBANK.NS
2021-03-24,556.2791183404461,556.8066126931541,541.8925894178483,544.2903442382812,24434219,ICICIBANK.NS
2021-03-25,544.8657693339983,555.3200035240314,534.3156483689476,548.1746826171875,27170186,ICICIBANK.NS
2021-03-26,560.5949727834152,560.5949727834152,550.8121232272284,554.8883056640625,20724410,ICICIBANK.NS
2021-03-30,558.1973390550588,568.8433473637297,558.1973390550588,567.2608642578125,28011943,ICICIBANK.NS
2021-03-31,562.0336724082287,565.5344175034764,555.3199595978914,558.2931518554688,20119972,ICICIBANK.NS
2021-04-01,563.5202059609886,571.7205139895124,556.4708317085035,570.090087890625,15631940,ICICIBANK.NS
2021-04-05,567.7883274070022,567.7883274070022,540.4539231314961,547.886962890625,23260127,ICICIBANK.NS
2021-04-06,551.195883503118,554.8404590805619,541.3171454640947,542.7557983398438,23284697,ICICIBANK.NS
2021-04-07,543.3791418524974,556.2790734532954,536.5215987427681,554.0252075195312,23984399,ICICIBANK.NS
2021-04-08,558.1972414480667,561.8897599218,549.8530441722431,553.114013671875,19262565,ICICIBANK.NS
2021-04-09,550.4764960656139,555.3199485028008,541.8925231504014,543.04345703125,23239564,ICICIBANK.NS
2021-04-12,528.8488484363747,529.376342810853,509.4270335893105,516.5243530273438,26601702,ICICIBANK.NS
2021-04-13,518.8741120995725,540.7416230458899,515.8529177909982,537.6724853515625,25445897,ICICIBANK.NS
2021-04-15,542.8036625639912,553.1619500509174,531.4862732997768,551.6753540039062,37614884,ICICIBANK.NS
2021-04-16,551.0999115714098,554.1211058801416,541.0293419275475,543.7628173828125,24045008,ICICIBANK.NS
2021-04-19,527.5059961111964,539.3029366800793,512.5440312734322,536.8572387695312,28526176,ICICIBANK.NS
2021-04-20,542.0843821439317,549.2297026977005,529.9996636032064,536.2338256835938,24425842,ICICIBANK.NS
2021-04-22,529.4242570271306,556.8545483778173,524.5328606766932,555.5118408203125,34942633,ICICIBANK.NS
2021-04-23,546.5921933317907,556.7586500023934,543.8587178079017,546.64013671875,33749097,ICICIBANK.NS
2021-04-26,577.3792818316784,580.7361381213975,563.9518566728023,566.925048828125,62584522,ICICIBANK.NS
2021-04-27,568.9871470919232,577.3313445219167,566.9250547909786,574.26220703125,24239685,ICICIBANK.NS
2021-04-28,573.5429218567261,597.3286366741015,573.5429218567261,595.9379272460938,33292864,ICICIBANK.NS
2021-04-29,597.0888020200321,602.7475259431832,584.0929845960017,596.0338134765625,34537860,ICICIBANK.NS
2021-04-30,585.147966367927,591.142352429469,573.638745129766,575.9406127929688,23653258,ICICIBANK.NS
2021-05-03,568.3157549080961,574.3580844874256,563.4723025682734,572.343994140625,18010557,ICICIBANK.NS
2021-05-04,572.2481440269456,583.133926643283,564.9109914356804,567.356689453125,15115127,ICICIBANK.NS
2021-05-05,570.9533422844827,580.0648102215338,560.7868856860832,578.1466064453125,17253943,ICICIBANK.NS
2021-05-06,578.1466318253314,585.8673906557684,574.7418316808582,583.3258056640625,16949763,ICICIBANK.NS
2021-05-07,586.9702517190078,589.6557248230095,579.0097191632831,582.2706298828125,10941083,ICICIBANK.NS
2021-05-10,586.0112711754421,591.7658826763466,586.0112711754421,588.1692504882812,12060808,ICICIBANK.NS
2021-05-11,581.5994094710338,587.8335717555993,578.5782151021709,584.9082641601562,13818480,ICICIBANK.NS
2021-05-12,578.5303267692632,581.8392403122004,568.9393069572361,570.4259033203125,14785569,ICICIBANK.NS
2021-05-14,567.7882929192984,577.3313679962519,566.9250778421932,572.8715209960938,12675754,ICICIBANK.NS
2021-05-17,578.5782461729214,598.9591624284947,576.6120989007593,598.095947265625,20453101,ICICIBANK.NS
2021-05-18,602.3160030571557,609.5092674248765,600.3977992257635,607.3033447265625,19242627,ICICIBANK.NS
2021-05-19,601.4527221222361,608.070548032164,597.856090331825,599.8702392578125,13911576,ICICIBANK.NS
2021-05-20,602.3638777818732,607.0155566661169,591.4301523126309,593.3003540039062,13900762,ICICIBANK.NS
2021-05-21,596.8490623334765,617.6136405505807,596.8490623334765,616.1749877929688,23975898,ICICIBANK.NS
2021-05-24,616.942278498521,626.725129290155,611.9069936759524,620.8745727539062,20323003,ICICIBANK.NS
2021-05-25,623.5120253637502,625.3343421075479,616.2228754664103,623.703857421875,14884778,ICICIBANK.NS
2021-05-26,622.7927705634143,629.7942609859152,616.9902160071322,625.81396484375,14487031,ICICIBANK.NS
2021-05-27,624.4712281415361,629.6504018541588,621.5939224209535,625.57421875,23349546,ICICIBANK.NS
2021-05-28,631.1369548633991,633.0072151614349,613.1058519574958,616.7504272460938,14191446,ICICIBANK.NS
2021-05-31,617.4217802585183,637.8026933932655,617.4217802585183,635.6447143554688,21786138,ICICIBANK.NS
2021-06-01,637.3711183054573,637.7068390739963,621.8336567350354,623.5120849609375,14123196,ICICIBANK.NS
2021-06-02,621.9775678964951,622.7927810772396,614.8801905835679,621.8336791992188,16025108,ICICIBANK.NS
2021-06-03,626.7250822889248,626.916914356518,618.3808849295118,623.6559448242188,11805702,ICICIBANK.NS
2021-06-04,626.2935326572268,628.1158496593986,613.2497704003066,616.414794921875,15111572,ICICIBANK.NS
2021-06-07,618.8125138393555,623.4161909261006,617.9013553909851,621.6898193359375,7556341,ICICIBANK.NS
2021-06-08,621.4979607759825,621.4979607759825,611.3315052035515,616.1270141601562,11912935,ICICIBANK.NS
2021-06-09,618.0452478485959,619.1961232230994,603.0832240518123,610.0846557617188,15823094,ICICIBANK.NS
2021-06-10,609.4613568934159,616.1271272746478,605.1933414306891,614.2089233398438,10712418,ICICIBANK.NS
2021-06-11,617.6616451801863,618.1891395358292,605.6728710113161,609.7011108398438,9015059,ICICIBANK.NS
2021-06-14,609.7010172238681,610.0846228150099,597.8560750403833,609.1735229492188,10170497,ICICIBANK.NS
2021-06-15,610.3244133239423,619.7716012749639,609.9887511060434,618.9083862304688,11039987,ICICIBANK.NS
2021-06-16,618.5248173349036,622.6489436544905,611.5233268758913,613.9210815429688,8601339,ICICIBANK.NS
2021-06-17,607.1594546183555,611.4754132289987,601.0691808833553,607.1115112304688,9720060,ICICIBANK.NS
2021-06-18,606.7277749794288,610.5641821776268,595.314498688147,604.6177978515625,13820690,ICICIBANK.NS
2021-06-21,597.3765654564494,607.2073594452721,591.0465166450728,605.4330444335938,13407446,ICICIBANK.NS
2021-06-22,609.0297349631564,617.7575392454788,603.802617656079,605.0494384765625,15270093,ICICIBANK.NS
2021-06-23,607.8307380935283,609.029615288979,597.9520017107992,599.15087890625,10950633,ICICIBANK.NS
2021-06-24,601.3568737831835,610.2765094855781,598.9111757172107,608.1185302734375,12815724,ICICIBANK.NS
2021-06-25,610.0846551708498,623.4161941222675,610.0846551708498,622.4570922851562,14785922,ICICIBANK.NS
2021-06-28,624.3752403558492,626.2934438592465,619.7236202756807,623.703857421875,12093491,ICICIBANK.NS
2021-06-29,619.8675248251076,622.2173361066301,610.4203948523949,613.9210815429688,12225470,ICICIBANK.NS
2021-06-30,612.1947310458244,614.5924857957602,604.0423648960426,605.097412109375,14276494,ICICIBANK.NS
2021-07-01,608.0226896288788,611.3316030463085,604.2821686284908,605.0494384765625,10517081,ICICIBANK.NS
2021-07-02,606.392126831865,615.1199299946561,606.392126831865,614.06494140625,10999396,ICICIBANK.NS
2021-07-05,616.4627298322067,621.9775656105579,614.9761336345248,621.3541259765625,7358568,ICICIBANK.NS
2021-07-06,618.8124619037818,628.2116473626439,618.8124619037818,623.703857421875,9209891,ICICIBANK.NS
2021-07-07,624.2794321230314,627.9719509159753,619.483922761321,627.2526245117188,7741559,ICICIBANK.NS
2021-07-08,623.895774748999,627.2526313387323,612.0028879869421,615.6475219726562,10782941,ICICIBANK.NS
2021-07-09,613.3456066682451,614.9281480681834,607.8787146508283,612.4344482421875,7069698,ICICIBANK.NS
2021-07-12,619.5798046119439,623.6559875370225,616.1270613145091,619.819580078125,6992783,ICICIBANK.NS
2021-07-13,628.3555747049742,639.09746815383,626.2934823963672,637.7547607421875,19825411,ICICIBANK.NS
2021-07-14,634.9253944294336,640.680005255078,631.2808192809779,637.1792602539062,11648541,ICICIBANK.NS
2021-07-15,637.8986632563945,642.2146218942291,634.0622555783191,640.152587890625,8244429,ICICIBANK.NS
2021-07-16,640.1525233234613,640.4402421625099,630.8012805513392,633.294921875,9212875,ICICIBANK.NS
2021-07-19,619.2440967476476,630.0339919307744,619.1481514448853,629.0748901367188,9121737,ICICIBANK.NS
2021-07-20,622.1214596814276,624.6151011610847,612.9619898697231,615.6475219726562,13169127,ICICIBANK.NS
2021-07-22,625.8139507131468,633.2949333587133,621.7857112766325,629.1228637695312,13123569,ICICIBANK.NS
2021-07-23,629.1227791597435,650.1270715113466,624.1354385537957,648.9761962890625,19298083,ICICIBANK.NS
2021-07-26,652.189224406631,659.6222633612654,636.4599314612526,649.0721435546875,31054759,ICICIBANK.NS
2021-07-27,652.3331168577857,657.5601748700745,645.7632343624089,649.7435302734375,12598869,ICICIBANK.NS
2021-07-28,650.1752320938022,658.9030363799118,642.6462467003056,657.0327758789062,18367497,ICICIBANK.NS
2021-07-29,666.122783203125,666.122783203125,657.0808042502404,661.313232421875,11043138,ICICIBANK.NS
2021-07-30,660.8322576837224,661.4575227508178,652.1750665350274,656.503662109375,14536250,ICICIBANK.NS
2021-08-02,657.9945831444882,661.8422234917526,651.886477577339,655.445556640625,9348206,ICICIBANK.NS
2021-08-03,656.9846850739874,665.5457095788537,650.8765786163672,664.1028442382812,10162609,ICICIBANK.NS
2021-08-04,667.5656100790976,690.0743299261285,666.7960937403815,687.4290771484375,28730606,ICICIBANK.NS
2021-08-05,688.2467021509624,689.208612286743,672.4232686753058,675.6937866210938,17774554,ICICIBANK.NS
2021-08-06,678.1947602577525,679.1085866702688,669.200923564314,671.07666015625,14701949,ICICIBANK.NS
2021-08-09,670.8361886890324,679.3971541372249,667.9023156469517,676.0785522460938,8602980,ICICIBANK.NS
2021-08-10,677.2808852090524,681.3209194145638,670.7399082007802,674.2028198242188,10843554,ICICIBANK.NS
2021-08-11,679.3490217214053,680.2147643128654,663.7179822835677,667.1327514648438,9748084,ICICIBANK.NS
2021-08-12,667.0846493726611,676.1747114919038,666.89225561203,674.6356201171875,8840339,ICICIBANK.NS
2021-08-13,680.1185825779042,682.8600618233589,674.2990377177008,677.9542846679688,12787590,ICICIBANK.NS
2021-08-16,675.6456308901068,680.4551810567211,672.0384682651461,675.8861083984375,7920846,ICICIBANK.NS
2021-08-17,673.144696378542,676.1266530039627,665.1608540517307,674.4913940429688,8669653,ICICIBANK.NS
2021-08-18,674.1546625137918,674.1546625137918,657.5617134755323,662.0827026367188,11069373,ICICIBANK.NS
2021-08-20,657.8022597032034,658.3313572757779,649.6260230912382,654.7722778320312,13121808,ICICIBANK.NS
2021-08-23,663.669893230874,663.669893230874,648.1831052081379,656.696044921875,10917371,ICICIBANK.NS
2021-08-24,657.2251894664985,670.6919331950473,654.4837686916098,667.9985961914062,9821388,ICICIBANK.NS
2021-08-25,673.2890515483309,673.7700066449852,660.9766128160503,664.72802734375,9535359,ICICIBANK.NS
2021-08-26,665.6899672336433,674.8281144777287,663.7180629914617,672.182861328125,10756731,ICICIBANK.NS
2021-08-27,669.5856838834503,673.7700285868118,662.8042285418502,673.0966796875,9135827,ICICIBANK.NS
2021-08-30,677.6657224812404,687.7657793812447,674.2028693139456,686.4672241210938,10797869,ICICIBANK.NS
2021-08-31,686.803803779248,692.4790967904086,682.330898379746,691.6614379882812,19760246,ICICIBANK.NS
2021-09-01,699.8857870082829,706.8115516854041,689.8819568838502,692.4791259765625,13729351,ICICIBANK.NS
2021-09-02,694.7876348319437,700.3186177584294,690.1704782179872,697.5291137695312,8627956,ICICIBANK.NS
2021-09-03,697.1444191847074,703.925874369514,693.6334234618353,696.7115478515625,8993813,ICICIBANK.NS
2021-09-06,697.7696366355998,700.2705795068472,692.5752984133653,693.6815185546875,5329995,ICICIBANK.NS
2021-09-07,693.4410242427098,694.9319731764313,684.5433556936505,689.5933837890625,6242711,ICICIBANK.NS
2021-09-08,689.2086238242405,695.2205622735098,687.7657585964158,693.4891357421875,7118011,ICICIBANK.NS
2021-09-09,693.344834746782,696.3267914825784,690.266710478682,692.8157958984375,6243422,ICICIBANK.NS
2021-09-13,690.5553177703846,690.5553177703846,678.3390471657525,680.4552612304688,6967906,ICICIBANK.NS
2021-09-14,686.0824241400186,686.8038567626685,679.5895305361698,680.5033569335938,5241865,ICICIBANK.NS
2021-09-15,680.1666542329699,688.7276781861788,679.3971378429858,687.1405029296875,5936741,ICICIBANK.NS
2021-09-16,692.5752731243462,701.6172515631584,685.6975924140474,699.5010375976562,13557169,ICICIBANK.NS
2021-09-17,704.9838965496571,706.4267616193778,686.8037731870445,692.7195434570312,17075003,ICICIBANK.NS
2021-09-20,682.956298828125,692.9601892246747,679.5896128479864,682.956298828125,7943459,ICICIBANK.NS
2021-09-21,684.0624276357428,687.2848031587205,667.9504326001814,684.7357177734375,10009615,ICICIBANK.NS
2021-09-22,687.7657244392116,687.7657244392116,675.5013706117991,676.5594482421875,9740470,ICICIBANK.NS
2021-09-23,683.918114315017,692.5753056354603,680.2147837342951,689.6895751953125,10412491,ICICIBANK.NS
2021-09-24,695.0762600840396,697.0000804094428,689.2567153417624,695.4129638671875,11780868,ICICIBANK.NS
2021-09-27,696.9038912420403,703.8777397051249,694.7876772077269,702.1943969726562,7712240,ICICIBANK.NS
2021-09-28,706.1381917820847,707.3887218995771,679.6856636254017,689.8338623046875,13491800,ICICIBANK.NS
2021-09-29,680.4070895159849,684.8319112266702,674.5875451208484,682.4752197265625,11453404,ICICIBANK.NS
2021-09-30,682.5713763733572,686.7076367285839,672.1827591435228,674.1546630859375,18487517,ICICIBANK.NS
2021-10-01,666.6037807505328,668.3832911688331,661.6980621252494,665.978515625,10935810,ICICIBANK.NS
2021-10-04,670.4994396083729,676.5594616422298,667.6137092388853,673.5294799804688,8976533,ICICIBANK.NS
2021-10-05,666.6037382305285,672.3751991675894,665.4975180667906,670.5475463867188,7497208,ICICIBANK.NS
2021-10-06,670.0665375889104,678.1466057371454,662.1307794366672,663.2369995117188,13200810,ICICIBANK.NS
2021-10-07,670.9803418654793,678.0984997008346,667.0365341550146,675.4532470703125,10041549,ICICIBANK.NS
2021-10-08,679.1086090805106,682.9562499251595,671.7018887124938,676.607666015625,9383924,ICICIBANK.NS
2021-10-11,675.2609202917469,691.998180261745,673.625661306808,686.1304931640625,9337637,ICICIBANK.NS
2021-10-12,679.589509274226,685.8419251415755,677.5695214781396,681.6094970703125,7376091,ICICIBANK.NS
2021-10-13,686.6595565549661,688.6315193866254,680.984321735318,682.9081420898438,6357766,ICICIBANK.NS
2021-10-14,683.1966729545271,702.0020043398955,682.0423690511852,699.5972290039062,8950350,ICICIBANK.NS
2021-10-18,710.8516367156774,720.374571165287,704.1663490938071,717.0559692382812,15345601,ICICIBANK.NS
2021-10-19,726.2422076981952,726.2422076981952,710.6111668040288,718.9797973632812,11349799,ICICIBANK.NS
2021-10-20,718.3063553528533,728.5988049955231,713.6411149287688,717.4406127929688,12762996,ICICIBANK.NS
2021-10-21,720.3745607964493,730.9074303505043,709.3125936725454,726.72314453125,12166996,ICICIBANK.NS
2021-10-22,729.6087795934703,736.6787950414567,724.654919306561,730.3782958984375,13248928,ICICIBANK.NS
2021-10-25,769.5281062285807,833.9760851252244,767.9890735002576,809.6397705078125,96124084,ICICIBANK.NS
2021-10-26,797.1348787547508,809.6397095393108,791.0267146453249,797.8082275390625,16925115,ICICIBANK.NS
2021-10-27,797.1830686466423,816.6617499619902,792.8063890314344,803.1950073242188,22898400,ICICIBANK.NS
2021-10-28,798.4815924244681,800.2611614290471,765.9209573150523,768.2776489257812,18750423,ICICIBANK.NS
2021-10-29,767.6042757560868,777.9448095460341,754.0413665482897,771.5,15701200,ICICIBANK.NS
2021-11-01,776.9348489211696,778.8586692435149,762.7947578098651,773.2796020507812,11406421,ICICIBANK.NS
2021-11-02,778.1853822727146,779.1472925103818,767.6043696583762,770.4420166015625,9452457,ICICIBANK.NS
2021-11-03,775.2995927236186,775.2995927236186,750.7227997583802,756.0133056640625,11839149,ICICIBANK.NS
2021-11-04,758.4661852269164,758.9471403221777,749.3280384169536,752.3099365234375,3149310,ICICIBANK.NS
2021-11-08,762.7947256676549,762.7947256676549,743.7008332570813,750.4342041015625,13967995,ICICIBANK.NS
2021-11-09,754.1375948400054,758.5623582643697,749.5204376340731,756.5904541015625,10084357,ICICIBANK.NS
2021-11-10,752.7428784557744,754.4262214470801,743.6528145606552,751.15576171875,9507347,ICICIBANK.NS
2021-11-11,747.115579737698,747.4041410230534,736.9192975425867,742.0655517578125,9221059,ICICIBANK.NS
2021-11-12,743.2679340411507,750.1936983916725,741.8250689143892,747.0193481445312,15380106,ICICIBANK.NS
2021-11-15,747.4042333284161,754.6666436733875,742.161810940737,743.8451538085938,10934583,ICICIBANK.NS
2021-11-16,743.8451177434534,746.2018093862573,732.975544637226,734.9474487304688,12785837,ICICIBANK.NS
2021-11-17,731.9174562250028,742.5465516347117,727.4926343111837,732.3021850585938,11657214,ICICIBANK.NS
2021-11-18,735.7651289767874,738.2660719906005,727.5888923488785,733.84130859375,20644385,ICICIBANK.NS
2021-11-22,739.0355069285229,741.1036370964275,712.0539407730103,723.3563842773438,20403786,ICICIBANK.NS
2021-11-23,712.7273121306753,729.0797841012621,703.3486885004858,723.2120971679688,24913042,ICICIBANK.NS
2021-11-24,721.6731224604313,742.835146711187,718.2583530165816,731.244140625,23186419,ICICIBANK.NS
2021-11-25,726.1459550140722,726.1940387768095,716.9115828655152,722.4425659179688,17749726,ICICIBANK.NS
2021-11-26,710.8516072435933,713.7854214854136,691.2286165229643,694.6915283203125,18987552,ICICIBANK.NS
2021-11-29,699.068180914518,700.0300910361755,683.4371414375852,691.0362548828125,15878074,ICICIBANK.NS
2021-11-30,689.4491108099772,704.4068021346626,684.0142948932279,687.1405029296875,23965914,ICICIBANK.NS
2021-12-01,689.1124221925735,704.8396289134694,687.7657245624437,699.9819946289062,15214913,ICICIBANK.NS
2021-12-02,697.0001277012248,699.4049032711439,687.9582067845334,694.8839721679688,21924640,ICICIBANK.NS
2021-12-03,693.056208369579,701.7133990362358,687.8618704854523,689.0161743164062,20130259,ICICIBANK.NS
2021-12-06,691.6134396741168,699.1163275557735,680.5514722801636,682.5233764648438,20129080,ICICIBANK.NS
2021-12-07,689.6895601597341,712.7273194134128,684.8800095310052,706.6672973632812,30513303,ICICIBANK.NS
2021-12-08,719.4125586255235,729.8973430717961,715.7572534228193,724.7030639648438,33432411,ICICIBANK.NS
2021-12-09,730.1379119955152,733.9374689569537,719.8936037821486,726.2421875,16007459,ICICIBANK.NS
2021-12-10,727.6850034769103,730.8592951207969,722.4425815974355,729.1278686523438,7627774,ICICIBANK.NS
2021-12-13,733.9374650302553,740.3822749580407,723.8374081720408,725.2802734375,16855546,ICICIBANK.NS
2021-12-14,722.4426213111899,735.2360148279045,717.873548004482,729.753173828125,17488089,ICICIBANK.NS
2021-12-15,728.7430582731992,730.5707109222462,722.2983076599259,723.5968627929688,7358740,ICICIBANK.NS
2021-12-16,729.0317963686343,729.0317963686343,710.803585528847,712.9197998046875,14123215,ICICIBANK.NS
2021-12-17,713.7373859068707,713.7373859068707,698.3949060984756,700.5592041015625,13227787,ICICIBANK.NS
2021-12-20,690.7476748083334,692.7677214067882,671.605697507005,682.9081420898438,16900016,ICICIBANK.NS
2021-12-21,692.5752812141857,701.18438846579,688.8719507640491,692.9119262695312,14563335,ICICIBANK.NS
2021-12-22,698.5872565163235,706.9558866841286,692.623401758213,704.8877563476562,9843359,ICICIBANK.NS
2021-12-23,710.8996272800058,711.3324985546611,700.2224489602753,703.44482421875,9994049,ICICIBANK.NS
2021-12-24,705.945882176033,705.945882176033,692.1905200704235,699.4048461914062,8800690,ICICIBANK.NS
2021-12-27,696.4229593691618,710.6111343010613,688.8238455825182,707.9658813476562,7955163,ICICIBANK.NS
2021-12-28,712.1983205883165,714.1702247147841,704.5992066839718,707.7734985351562,17833655,ICICIBANK.NS
2021-12-29,709.889688725686,716.5749759916604,704.0220603111393,707.6773071289062,7143073,ICICIBANK.NS
2021-12-30,705.3686992911923,712.2944640939979,701.232497399763,707.6773071289062,14326182,ICICIBANK.NS
2021-12-31,708.4948521845454,717.8253916302137,708.4948521845454,711.957763671875,6973055,ICICIBANK.NS
2022-01-03,714.7473742460259,736.8232254449632,714.6992904772947,735.57275390625,9653095,ICICIBANK.NS
2022-01-04,738.6989676132184,748.3661536138485,734.5146229162939,743.4122924804688,12114437,ICICIBANK.NS
2022-01-05,743.5565284847644,765.5361514118554,741.8251019975007,758.0332641601562,19741360,ICICIBANK.NS
2022-01-06,745.5284208489734,762.3137640518668,744.5184269730535,755.1475219726562,13018067,ICICIBANK.NS
2022-01-07,762.0252233819042,771.7404922956018,756.301846316362,763.0352172851562,12250210,ICICIBANK.NS
2022-01-10,769.768595791657,781.8405564047105,768.566208106884,779.86865234375,10905080,ICICIBANK.NS
2022-01-11,778.9066573794449,783.6681238347289,771.3556870254433,779.7723999023438,9982061,ICICIBANK.NS
2022-01-12,787.419613439116,794.008733093517,781.1191137936345,792.3734741210938,13034848,ICICIBANK.NS
2022-01-13,789.7282132729815,796.4615841535064,786.265360304274,793.2872924804688,9372244,ICICIBANK.NS
2022-01-14,789.7282676138528,790.6901778058308,780.6862883251251,788.766357421875,7552844,ICICIBANK.NS
2022-01-17,788.7663664622949,797.3273907531556,783.5239441138617,788.093017578125,6722700,ICICIBANK.NS
2022-01-18,789.7282421266426,804.1568945406494,787.0349054180954,791.7482299804688,10835146,ICICIBANK.NS
2022-01-19,784.9186958252586,789.7282466575213,772.6543412029889,777.800537109375,16416144,ICICIBANK.NS
2022-01-20,772.4138467583308,781.9848644471543,765.1033531374051,779.3876953125,13567654,ICICIBANK.NS
2022-01-21,772.413824277016,780.4457502732224,765.1994983964711,773.856689453125,12078277,ICICIBANK.NS
2022-01-24,782.0330134870532,785.5920930641793,753.4642680419524,768.0372314453125,29612316,ICICIBANK.NS
2022-01-25,758.9471085257047,773.6643220820446,756.1094618404804,771.1152954101562,19513184,ICICIBANK.NS
2022-01-27,756.9270935755179,770.9709577814772,751.2998841721226,764.3818969726562,23984679,ICICIBANK.NS
2022-01-28,773.1353263214464,775.1553142653355,748.8470936749562,751.3961791992188,14072314,ICICIBANK.NS
2022-01-31,758.8990707576022,768.2776952907177,754.1376034833371,758.7547607421875,14824509,ICICIBANK.NS
2022-02-01,771.5000321945082,781.8886501819028,759.2356776527822,779.435791015625,20031583,ICICIBANK.NS
2022-02-02,783.9567211051507,787.5158001700258,778.0409505844574,782.7543334960938,11214375,ICICIBANK.NS
2022-02-03,783.0429251825383,787.227269450717,775.2995604216349,778.13720703125,9755335,ICICIBANK.NS
2022-02-04,778.9548767225414,781.071090927714,765.4881337755118,774.3858032226562,10314067,ICICIBANK.NS
2022-02-07,767.6523850364191,774.3376723346677,751.684699997876,756.4461669921875,14659368,ICICIBANK.NS
2022-02-08,759.9090064015675,765.3919059113421,744.8070055449376,762.3137817382812,14642455,ICICIBANK.NS
2022-02-09,766.8827854893248,773.616155822878,763.9489715860569,772.2213745117188,8855292,ICICIBANK.NS
2022-02-10,775.2514748127286,777.9928951771602,765.9690186483641,774.818603515625,13159771,ICICIBANK.NS
2022-02-11,766.4980724435595,767.0271699894278,757.8890236490712,760.6785278320312,13138408,ICICIBANK.NS
2022-02-14,742.5945808847806,744.4703172806362,722.5387792245511,724.9916381835938,16170656,ICICIBANK.NS
2022-02-15,724.2702555751805,748.3660929705321,714.8916316594186,746.4903564453125,18880659,ICICIBANK.NS
2022-02-16,746.1537256201465,747.9332359386085,731.4365118596554,734.9474487304688,10549784,ICICIBANK.NS
2022-02-17,737.3040978029945,738.0255303840152,717.8735018787745,721.7692260742188,16683808,ICICIBANK.NS
2022-02-18,718.4025490062162,727.9735664338679,717.1520775933826,720.37451171875,8945567,ICICIBANK.NS
2022-02-21,717.8253993092255,733.8412256724185,711.8134612915603,725.7130737304688,10967164,ICICIBANK.NS
2022-02-22,710.27443940335,730.8111964986796,709.6491743559077,722.6830444335938,13156371,ICICIBANK.NS
2022-02-23,725.8573209897427,727.58880609749,714.410626293812,716.2382202148438,11624282,ICICIBANK.NS
2022-02-24,685.7457670370914,699.4048441513754,675.5494842563079,680.4552612304688,28023104,ICICIBANK.NS
2022-02-25,697.336774399035,711.1401615558102,692.8157849557639,702.2424926757812,16935750,ICICIBANK.NS
2022-02-28,695.4129200158517,716.3825484983767,688.1505104874749,714.41064453125,20547432,ICICIBANK.NS
2022-03-02,689.689529087093,697.3367259843092,680.7918608248118,687.6213989257812,25252492,ICICIBANK.NS
2022-03-03,690.2666973388883,694.4510417005139,667.0366025373921,671.7018432617188,23190595,ICICIBANK.NS
2022-03-04,664.6799319188103,679.637623420357,658.908470860181,661.84228515625,18697223,ICICIBANK.NS
2022-03-07,638.2274407060379,641.594126527396,617.6906806798897,628.8488159179688,27799873,ICICIBANK.NS
2022-03-08,618.7968248379074,643.9508002520391,618.5082635176809,639.6702880859375,26716975,ICICIBANK.NS
2022-03-09,639.3816636938155,648.8083710567993,632.9368541962549,642.0269165039062,33728639,ICICIBANK.NS
2022-03-10,667.5175450881378,674.2989997486787,647.9907812312059,650.828369140625,35959638,ICICIBANK.NS
2022-03-11,648.9527104489741,658.6198957779757,645.0569273475875,652.0789184570312,20546724,ICICIBANK.NS
2022-03-14,652.271263506728,671.8461707138538,651.4536633454682,669.6337890625,24648981,ICICIBANK.NS
2022-03-15,674.779975540424,681.1285590962989,661.7941884131315,670.7880249023438,27714580,ICICIBANK.NS
2022-03-16,679.9742710103129,684.3028664465384,674.5394554784743,681.0323486328125,14621688,ICICIBANK.NS
2022-03-17,690.4590053994817,697.3847693335497,688.9199728409461,692.67138671875,18329844,ICICIBANK.NS
2022-03-21,693.5371909555818,695.3648436530518,678.6275842152052,683.6776123046875,12866839,ICICIBANK.NS
2022-03-22,681.6575817813313,693.5371474384824,672.8560813220782,690.8438110351562,11761758,ICICIBANK.NS
2022-03-23,697.384873358634,699.1162999228361,687.0443390295231,690.9400634765625,7140403,ICICIBANK.NS
2022-03-24,675.6937325922975,685.5533106956713,671.4132210882789,677.3770751953125,17727969,ICICIBANK.NS
2022-03-25,678.1466448950605,679.2047225589896,670.1147187552602,672.6156616210938,15263007,ICICIBANK.NS
2022-03-28,675.2609204687872,686.226719584466,669.1528145441226,683.2928466796875,13806166,ICICIBANK.NS
2022-03-29,687.0924111352373,689.6414965270086,678.9642585933475,688.0543212890625,11489374,ICICIBANK.NS
2022-03-30,693.5853300756726,703.8777808406234,691.7095934649486,703.0601806640625,20154520,ICICIBANK.NS
2022-03-31,711.7173438627146,711.7173438627146,700.0781958150764,702.4829711914062,16046383,ICICIBANK.NS
2022-04-01,697.3848704935536,710.1782639619197,695.5572176936425,708.2063598632812,12658848,ICICIBANK.NS
2022-04-04,713.7373460775223,721.240233660798,697.3848731889537,718.162109375,17192197,ICICIBANK.NS
2022-04-05,718.3545339660488,726.6750807768791,709.8897358497459,713.5449829101562,12290391,ICICIBANK.NS
2022-04-06,704.4068467381728,716.5269508116409,704.21445295091,713.3526000976562,13518142,ICICIBANK.NS
2022-04-07,709.0240187743213,728.9355726066761,709.0240187743213,720.0379028320312,15087175,ICICIBANK.NS
2022-04-08,721.2883355505039,727.2041067282622,715.2763968374726,725.56884765625,15480705,ICICIBANK.NS
2022-04-11,723.6449987542765,736.2941407922153,723.0197923789597,730.6669311523438,13216391,ICICIBANK.NS
2022-04-12,728.1660046833707,739.6127592847214,721.6731109824291,734.7550659179688,14020000,ICICIBANK.NS
2022-04-13,740.2860194551491,743.1236661071316,731.7250544446566,733.2160034179688,16119956,ICICIBANK.NS
2022-04-18,722.3945086883281,733.8412627362319,720.6630821938585,728.9354858398438,17651530,ICICIBANK.NS
2022-04-19,732.7830989067962,748.2698866683684,728.165942191112,737.1116943359375,31088359,ICICIBANK.NS
2022-04-20,737.5926680458729,740.670792170988,725.0878364897393,726.7711791992188,15984202,ICICIBANK.NS
2022-04-21,730.1379637753353,735.0918250487017,722.5869917943361,733.312255859375,8953098,ICICIBANK.NS
2022-04-22,728.16595520894,729.9454654330449,717.4887764436427,719.172119140625,14411607,ICICIBANK.NS
2022-04-25,719.1721486751737,733.1679296456452,715.6611531360037,723.548828125,35417460,ICICIBANK.NS
2022-04-26,738.7470149253732,739.2760537799318,723.0198070370735,725.039794921875,18727514,ICICIBANK.NS
2022-04-27,720.4707043268018,721.432614479441,704.6472705738188,708.6392211914062,21441480,ICICIBANK.NS
2022-04-28,710.947738756268,723.2602351314856,706.6672857353999,718.691162109375,18649559,ICICIBANK.NS
2022-04-29,721.5287701571733,731.0036202312174,711.909668788805,714.98779296875,19560317,ICICIBANK.NS
2022-05-02,704.1182599395875,715.4687884533765,703.2525172833952,712.7754516601562,10903446,ICICIBANK.NS
2022-05-04,717.7774553562871,718.5469718303686,693.6816148301486,696.6635131835938,12212165,ICICIBANK.NS
2022-05-05,702.9639203826171,714.6992358629452,698.8277185120185,701.0401000976562,9121547,ICICIBANK.NS
2022-05-06,688.968151359041,695.4610449320581,683.2447741711288,691.8538818359375,12455025,ICICIBANK.NS
2022-05-09,678.4352121990091,692.5753030449099,677.6176120614932,683.2928466796875,13055889,ICICIBANK.NS
2022-05-10,678.146642950508,692.5752949281784,678.146642950508,684.2066650390625,12797419,ICICIBANK.NS
2022-05-11,690.6514011550531,692.3828274660223,680.2147008195018,686.9961547851562,13516852,ICICIBANK.NS
2022-05-12,680.5994400906422,683.6294802142668,666.8922219596041,669.2969970703125,16685166,ICICIBANK.NS
2022-05-13,675.6457004720367,675.6457004720367,649.289339360527,651.5498046875,15717043,ICICIBANK.NS
2022-05-16,650.9245970604578,664.6318164202733,650.0107706944032,656.984619140625,9025623,ICICIBANK.NS
2022-05-17,659.9666196510406,684.8801193882042,659.0528518532783,682.956298828125,12765052,ICICIBANK.NS
2022-05-18,685.2166551246631,689.6895606969994,679.2047168340687,680.4071044921875,11835013,ICICIBANK.NS
2022-05-19,666.6998673015738,672.0865990916174,659.4855415464262,664.0065307617188,16661023,ICICIBANK.NS
2022-05-20,668.3352008943386,684.7839006802468,667.2771231494877,682.5233764648438,11695528,ICICIBANK.NS
2022-05-23,682.5233822341426,698.2987332656113,680.5033942640471,683.9662475585938,17438451,ICICIBANK.NS
2022-05-24,683.966200988479,690.0262231964891,679.1566502344494,681.1766967773438,13779981,ICICIBANK.NS
2022-05-25,684.9280564778461,693.3928533873284,684.4951852024619,686.1785278320312,10457589,ICICIBANK.NS
2022-05-26,695.4611413415033,705.0802442646224,688.1987303766175,700.7516479492188,14028733,ICICIBANK.NS
2022-05-27,705.6092160303642,712.9678525503654,703.3968343106686,711.6211547851562,8110620,ICICIBANK.NS
2022-05-30,720.2302236308554,723.3083478478726,715.949711728311,719.98974609375,7628515,ICICIBANK.NS
2022-05-31,712.7753997788676,727.8774004231318,712.2944447182881,724.1740112304688,20272212,ICICIBANK.NS
2022-06-01,719.5087838235635,726.8192773943211,715.8535370381848,723.981689453125,10102092,ICICIBANK.NS
2022-06-02,722.4426101312393,723.11595898177,714.8916388990363,721.192138671875,10949759,ICICIBANK.NS
2022-06-03,727.3484394483684,728.1660396547295,712.9678698557874,715.9497680664062,8563791,ICICIBANK.NS
2022-06-06,712.0058968143595,722.346430811289,711.4287155046086,718.306396484375,9107831,ICICIBANK.NS
2022-06-07,712.7754292259489,714.6511657817688,704.4548828500401,707.2444458007812,9938912,ICICIBANK.NS
2022-06-08,708.5429783813079,712.7754064380837,698.7796257865284,701.7134399414062,9369224,ICICIBANK.NS
2022-06-09,697.3848570007303,706.1382158596396,694.6434365642413,704.8396606445312,7444368,ICICIBANK.NS
2022-06-10,697.1444520950317,700.559221732663,690.6515579223633,692.5753784179688,7990818,ICICIBANK.NS
2022-06-13,675.5013469208119,675.5494306822643,656.1188355186239,661.7941284179688,16622521,ICICIBANK.NS
2022-06-14,656.4075670911068,668.1909674562671,654.7242241817981,659.3894653320312,13348598,ICICIBANK.NS
2022-06-15,661.3132314449573,669.8261128310595,659.966533744062,661.07275390625,9199591,ICICIBANK.NS
2022-06-16,673.3371360739453,673.3852198415971,650.5398527248025,652.6560668945312,13237239,ICICIBANK.NS
2022-06-17,645.6822128521729,666.2671143326384,644.4317413514729,660.68798828125,16335613,ICICIBANK.NS
2022-06-20,659.8703493894483,661.6017758819308,651.7902808107496,659.822265625,10981042,ICICIBANK.NS
2022-06-21,664.2470427306498,681.0323866000778,662.3713061949807,669.5856323242188,13319648,ICICIBANK.NS
2022-06-22,667.8061461675592,672.2790520134938,659.0046444876252,660.447509765625,6838249,ICICIBANK.NS
2022-06-23,663.910423327564,679.1085925519565,660.8322989846943,672.51953125,14960412,ICICIBANK.NS
2022-06-24,683.8219212330318,688.0062067307631,679.6375770249666,686.2747802734375,10856736,ICICIBANK.NS
2022-06-27,701.0882122028712,701.0882122028712,688.8238573904828,690.0262451171875,8285225,ICICIBANK.NS
2022-06-28,683.9661835712957,689.9781218607387,680.0704593018035,683.2447509765625,8339931,ICICIBANK.NS
2022-06-29,678.0985136948439,679.7818563126428,674.2508734255891,675.9822998046875,9570557,ICICIBANK.NS
2022-06-30,675.9823664543122,684.7838679221638,674.4914174450397,680.2628784179688,11970404,ICICIBANK.NS
2022-07-01,676.6556907124173,679.8299823900704,667.6617957970091,677.0885620117188,9884899,ICICIBANK.NS
2022-07-04,678.0022588120788,693.6332967454169,678.0022588120788,692.67138671875,8303732,ICICIBANK.NS
2022-07-05,695.5091176817302,704.2625352158726,690.7476507282008,692.0462646484375,11460367,ICICIBANK.NS
2022-07-06,695.461059285108,704.0220833607196,694.4991491062905,698.2987060546875,12163533,ICICIBANK.NS
2022-07-07,707.9177602390555,715.6611249157681,705.0801136602931,713.7373046875,10374018,ICICIBANK.NS
2022-07-08,722.6830991108424,728.6469539079985,716.1902054621572,726.91552734375,9797700,ICICIBANK.NS
2022-07-11,726.2421828202414,742.1617844896639,726.2421828202414,740.1898803710938,12440573,ICICIBANK.NS
2022-07-12,736.1978684255724,738.2179148531969,728.8392914180108,730.9555053710938,10219829,ICICIBANK.NS
2022-07-13,735.6207307906395,735.6207307906395,721.3363896428781,724.5106811523438,8674121,ICICIBANK.NS
2022-07-14,721.4326639638358,730.5708110407111,720.2783599594255,723.7412719726562,7044542,ICICIBANK.NS
2022-07-15,724.5587569197754,730.0897397970256,715.8534825680827,722.5868530273438,6358018,ICICIBANK.NS
2022-07-18,730.3302505967531,743.7008246021837,728.9835529593954,742.5946044921875,8045363,ICICIBANK.NS
2022-07-19,738.5545207934672,752.2136551742472,737.9293144904283,750.9151000976562,12825591,ICICIBANK.NS
2022-07-20,759.4280377870839,759.4761215508933,750.5784529637742,753.2717895507812,8152179,ICICIBANK.NS
2022-07-21,755.0033846032206,758.8991094040649,750.3861683989015,756.0614624023438,8312338,ICICIBANK.NS
2022-07-22,759.0433046266951,773.2796223541096,759.0433046266951,769.5762329101562,12267898,ICICIBANK.NS
2022-07-25,772.4138476869208,786.6501061139277,766.738554338088,770.3938598632812,21034148,ICICIBANK.NS
2022-07-26,771.0671058836498,772.2214097355484,761.4961474412256,765.968994140625,7374145,ICICIBANK.NS
2022-07-27,764.718588281616,773.1833860702128,764.3819432048724,770.0090942382812,9536564,ICICIBANK.NS
2022-07-28,776.2134437176873,784.4377641441448,774.6262684115555,783.572021484375,11124518,ICICIBANK.NS
2022-07-29,789.3916406414426,792.0368937300707,777.2234529496176,787.419677734375,11095993,ICICIBANK.NS
2022-08-01,789.4396351728058,793.5758368835868,786.1691173306066,792.0368041992188,7974903,ICICIBANK.NS
2022-08-02,788.7663486892387,790.6901690518954,781.2634610169454,786.60205078125,11106772,ICICIBANK.NS
2022-08-03,786.6020290378756,796.4616081239511,780.638174336426,793.3834838867188,11073975,ICICIBANK.NS
2022-08-04,792.6139991618409,798.3373765531962,777.5600811547893,789.0068359375,11113742,ICICIBANK.NS
2022-08-05,791.7482532411908,808.8703015771094,791.7482532411908,806.2731323242188,16056522,ICICIBANK.NS
2022-08-08,809.5631921761261,815.0789944859878,804.2893695647675,809.9019165039062,12142951,ICICIBANK.NS
2022-08-10,814.9338754953446,825.4332074397091,814.9338754953446,821.320556640625,23658553,ICICIBANK.NS
2022-08-11,832.2553522738498,838.496916436078,830.368359518387,831.9166870117188,22787391,ICICIBANK.NS
2022-08-12,836.0293076257171,848.899473062235,830.7554261885765,846.1416015625,10792853,ICICIBANK.NS
2022-08-16,852.9637521815752,855.9151719966192,848.0769673648429,850.8348388671875,13804836,ICICIBANK.NS
2022-08-17,853.3024149715411,856.8828520268717,850.0123299157488,854.70556640625,9058040,ICICIBANK.NS
2022-08-18,852.0928448500796,858.9634262899489,846.7705909046541,856.4957885742188,13137856,ICICIBANK.NS
2022-08-19,856.3990149386066,858.237635318903,836.3679753190374,842.2708740234375,10787199,ICICIBANK.NS
2022-08-22,837.577562692972,839.3678107269875,822.1430152518094,824.7073974609375,13848023,ICICIBANK.NS
2022-08-23,818.0303989411165,839.9484317589669,815.5628203147241,835.98095703125,13254855,ICICIBANK.NS
2022-08-24,829.3522472990096,847.0608246490035,829.3522472990096,845.0770874023438,10494109,ICICIBANK.NS
2022-08-25,845.077086034451,852.9637217601099,838.6904053817257,844.1577758789062,9827829,ICICIBANK.NS
2022-08-26,845.8996983939115,849.1414112105084,839.2710376950179,842.706298828125,5976725,ICICIBANK.NS
2022-08-29,822.578553999964,833.1746899177208,819.6271339840993,828.1911010742188,7755134,ICICIBANK.NS
2022-08-30,832.6908740918243,861.9632726290441,831.3360948319804,858.624755859375,12544701,ICICIBANK.NS
2022-09-01,835.1100275385942,857.076432891248,835.1100275385942,846.0932006835938,15877583,ICICIBANK.NS
2022-09-02,845.8512507951225,852.8185766172918,838.9807286606786,844.2062377929688,8401284,ICICIBANK.NS
2022-09-05,843.3837546344351,857.2700353230359,843.3837546344351,853.9315185546875,8744999,ICICIBANK.NS
2022-09-06,853.9798538402657,861.1891006795504,849.7220269779261,855.0927124023438,9879326,ICICIBANK.NS
2022-09-07,850.1575143125283,854.1250483069637,844.303046547282,847.8834838867188,8814960,ICICIBANK.NS
2022-09-08,856.8828858383836,871.6884168302877,856.8828858383836,869.7530517578125,12163106,ICICIBANK.NS
2022-09-09,880.7362997186498,882.4781165024692,868.688640114694,872.1239013671875,9936230,ICICIBANK.NS
2022-09-12,875.8011116494374,879.5267250388895,873.6238258334168,877.8816528320312,6016978,ICICIBANK.NS
2022-09-13,884.4135446950547,884.4135446950547,876.0430663849053,880.5911865234375,10400475,ICICIBANK.NS
2022-09-14,869.2208463883155,892.445227477455,869.0272980667082,888.4293212890625,14712947,ICICIBANK.NS
2022-09-15,890.2678961854223,906.3798333664477,886.155245578044,887.9454345703125,16253099,ICICIBANK.NS
2022-09-16,885.3328210897173,887.9455168204137,875.9462881979343,879.72021484375,11966860,ICICIBANK.NS
2022-09-19,875.7043112274364,883.0103024654416,866.4145235666459,870.14013671875,11235656,ICICIBANK.NS
2022-09-20,879.8169943329414,892.6871605533197,878.0267461614467,887.1229858398438,12090663,ICICIBANK.NS
2022-09-21,882.5264794881863,887.3648922046785,876.3817189633032,885.6714477539062,8917640,ICICIBANK.NS
2022-09-22,876.7204188603357,882.2362213875515,866.3662034255022,874.2044677734375,11125669,ICICIBANK.NS
2022-09-23,872.559352125053,875.6559480442714,850.351026172373,853.7379150390625,15927517,ICICIBANK.NS
2022-09-26,841.8837928319115,849.528508368895,831.4328334230806,833.2230224609375,14208640,ICICIBANK.NS
2022-09-27,836.9970288789647,846.577050634224,821.175383834994,824.9977416992188,12493809,ICICIBANK.NS
2022-09-28,816.7241323020894,835.3520227604013,816.7241323020894,822.04638671875,11411458,ICICIBANK.NS
2022-09-29,830.2716195282985,833.7552530481105,813.9177609731337,816.6273193359375,13803629,ICICIBANK.NS
2022-09-30,816.6273637143701,839.0291803007915,810.4341714951942,834.1423950195312,13175031,ICICIBANK.NS
2022-10-03,831.9166422617177,833.1262453651974,818.3690875027453,820.9334106445312,8232026,ICICIBANK.NS
2022-10-04,837.0453589716858,844.4481536905425,832.3036911166118,839.6097412109375,8975095,ICICIBANK.NS
2022-10-06,844.8351861541638,862.8824882192667,844.8351861541638,856.83447265625,12116698,ICICIBANK.NS
2022-10-07,848.8511810381151,855.9152521432154,844.5933540106436,854.0282592773438,9705750,ICICIBANK.NS
2022-10-10,843.8191844830947,861.0439220785901,842.5612089793093,853.2540893554688,7357588,ICICIBANK.NS
2022-10-11,854.7056245622693,854.7056245622693,837.4808867374292,842.4644165039062,11130051,ICICIBANK.NS
2022-10-12,839.9001328039169,843.5289425898696,833.6585681595462,840.2871704101562,14557532,ICICIBANK.NS
2022-10-13,834.4810161849339,837.480867501707,823.0140016911945,826.0137939453125,11563124,ICICIBANK.NS
2022-10-14,855.2378190572801,855.2378190572801,840.4806602874627,842.125732421875,8199540,ICICIBANK.NS
2022-10-17,843.8191089543027,858.8181871524583,840.4805926396025,856.592529296875,8936947,ICICIBANK.NS
2022-10-18,867.0919241532964,871.5916715685945,862.3503151667695,867.9144897460938,8097552,ICICIBANK.NS
2022-10-19,870.9626189074545,871.5432638427761,856.93122271231,863.26953125,5529462,ICICIBANK.NS
2022-10-20,860.9471461376742,864.4307795695652,851.6573585482091,859.9310913085938,8107159,ICICIBANK.NS
2022-10-21,859.3021074302151,880.591123605288,857.0764493698978,877.833251953125,17022807,ICICIBANK.NS
2022-10-24,895.1063433668068,903.3316449004476,887.9454689948104,896.3643188476562,4390050,ICICIBANK.NS
2022-10-25,911.6052651866606,912.7664959710066,893.1225535103204,895.1546630859375,15838120,ICICIBANK.NS
2022-10-27,896.1223975772693,903.5251925773456,890.509850700247,894.5257568359375,16080842,ICICIBANK.NS
2022-10-28,888.3326220800642,897.5256067312196,871.8820179674705,878.5106201171875,9854094,ICICIBANK.NS
2022-10-31,883.1071176224569,887.4133170073659,875.3656568181832,879.3331909179688,9000840,ICICIBANK.NS
2022-11-01,891.2356770583177,891.2356770583177,870.478873418532,879.2363891601562,9823761,ICICIBANK.NS
2022-11-02,890.8485192322834,890.9936952377803,873.1883129460064,875.46240234375,7690974,ICICIBANK.NS
2022-11-03,871.9303670762977,884.3166921482643,868.059636799892,879.2847900390625,9022366,ICICIBANK.NS
2022-11-04,877.0107123672811,883.8812941379626,871.1078722413822,876.0430297851562,7099336,ICICIBANK.NS
2022-11-07,880.8329957218846,890.364644722872,874.2527665336913,887.8486938476562,11100219,ICICIBANK.NS
2022-11-09,890.2679352862438,892.1065557341796,876.4784591146905,881.074951171875,11590409,ICICIBANK.NS
2022-11-10,878.2202700516638,883.4457793492138,874.7366365617335,881.2684936523438,10009741,ICICIBANK.NS
2022-11-11,895.9773177319772,898.0094275096842,874.3012044773703,877.2526245117188,17921457,ICICIBANK.NS
2022-11-14,875.7527248604484,877.2526210297223,862.4470895379831,866.0275268554688,12641308,ICICIBANK.NS
2022-11-15,871.4465218331568,884.1231988683949,869.7530773449218,882.2362060546875,15176911,ICICIBANK.NS
2022-11-16,883.0587131853342,888.4293396104207,878.7525139570553,884.0747680664062,13008311,ICICIBANK.NS
2022-11-17,883.4942328810419,892.4936694428732,880.9298503105948,890.074462890625,12584194,ICICIBANK.NS
2022-11-18,890.0743538190685,892.2032671366974,881.1232906726319,890.6065673828125,10874061,ICICIBANK.NS
2022-11-21,884.5101788391943,894.9127657321499,884.5101788391943,891.6226806640625,9245704,ICICIBANK.NS
2022-11-22,893.8967609871374,896.5578880157866,890.6550480500273,893.848388671875,11256509,ICICIBANK.NS
2022-11-23,897.0417649067566,901.7350018639994,893.8484241581316,897.4772338867188,10959704,ICICIBANK.NS
2022-11-24,897.5739874507686,910.2506649996778,897.5739874507686,908.5087890625,10844395,ICICIBANK.NS
2022-11-25,909.911871692526,912.4278817096288,897.5255471136236,900.2350463867188,9815055,ICICIBANK.NS
2022-11-28,894.1386819766326,913.2987847778865,894.0903096613513,907.1056518554688,9381474,ICICIBANK.NS
2022-11-29,903.380081259393,919.2017272392474,903.380081259393,916.1535034179688,13096845,ICICIBANK.NS
2022-11-30,917.411440468021,927.233442090708,910.5892902230892,922.104736328125,20858573,ICICIBANK.NS
2022-12-01,925.1044966394636,926.0721791673292,905.9927667141188,909.8151245117188,15920653,ICICIBANK.NS
2022-12-02,898.2512384116168,904.29925375239,896.1706975093309,900.5252685546875,14228874,ICICIBANK.NS
2022-12-05,906.718550059355,906.718550059355,898.3965037479066,903.4284057617188,10984608,ICICIBANK.NS
2022-12-06,895.1063668137049,899.7028589676131,890.4615023443921,892.8323364257812,18220912,ICICIBANK.NS
2022-12-07,892.20333473078,903.0413913903666,890.8969868787426,892.3485107421875,15675663,ICICIBANK.NS
2022-12-08,895.1062924696674,903.379965846992,893.9450616831225,901.7833251953124,10136870,ICICIBANK.NS
2022-12-09,901.8801321809184,904.5896314951108,895.1547266788406,899.8480224609375,9575331,ICICIBANK.NS
2022-12-12,895.1547131011699,903.718738934402,895.1547131011699,900.2350463867188,8493863,ICICIBANK.NS
2022-12-13,899.4609218974406,905.654113785164,897.8158497651402,902.7994384765624,10415140,ICICIBANK.NS
2022-12-14,905.7508406860252,905.7992129995994,890.2679203324179,891.9613647460938,12319827,ICICIBANK.NS
2022-12-15,886.3971351085869,890.1711203350919,875.7526280275886,879.4298095703125,8929748,ICICIBANK.NS
2022-12-16,876.2365593751624,884.1715681914225,870.5756400158575,872.8496704101562,9157260,ICICIBANK.NS
2022-12-19,878.6557799709749,881.1717310462694,872.0271779431731,877.1558837890625,7015083,ICICIBANK.NS
2022-12-20,876.7203441907743,882.9619081225438,866.7532262625047,880.30078125,6384331,ICICIBANK.NS
2022-12-21,880.8330193559941,886.2520178769291,858.3344006248467,863.4147338867188,11341147,ICICIBANK.NS
2022-12-22,871.3981042199335,874.6398170181222,857.7053730160692,861.866455078125,9788367,ICICIBANK.NS
2022-12-23,854.5120629604986,860.8988032205845,847.0125232068142,850.4962158203125,11059215,ICICIBANK.NS
2022-12-26,852.6250513893447,868.0112272022727,846.9641322283046,864.3340454101562,6943159,ICICIBANK.NS
2022-12-27,868.6885987163848,873.5753835662855,859.4956148959698,871.5432739257812,4994381,ICICIBANK.NS
2022-12-28,867.0435181778438,874.7366058492067,866.84996986572,869.898193359375,8980300,ICICIBANK.NS
2022-12-29,868.8821594099194,893.5096323243187,860.6084266035422,878.7041015625,11994220,ICICIBANK.NS
2022-12-30,879.139556373027,879.139556373027,859.8342785729984,862.0599365234375,9688527,ICICIBANK.NS
2023-01-02,865.1081661717191,877.6880388341714,865.1081661717191,873.2850952148438,4315403,ICICIBANK.NS
2023-01-03,869.4627704497066,876.6720172537239,867.7693259886192,872.2206420898438,5846855,ICICIBANK.NS
2023-01-04,869.9465903334593,878.5589884345696,865.8823119142538,870.0433349609375,12454582,ICICIBANK.NS
2023-01-05,871.7852551795887,873.8173649614129,843.8192051454618,850.7381591796875,16547196,ICICIBANK.NS
2023-01-06,850.5446171070525,850.5446171070525,832.6908616598616,841.9805908203125,14804613,ICICIBANK.NS
2023-01-09,845.9964261568585,850.3509974095962,834.4326084620582,845.12548828125,16811853,ICICIBANK.NS
2023-01-10,847.1092921682771,850.0123396958412,828.9168137454193,833.5133056640625,13470142,ICICIBANK.NS
2023-01-11,835.0133204331208,842.7063496804153,827.2234284277454,838.3034057617188,15558460,ICICIBANK.NS
2023-01-12,837.5292352113945,841.2547893512822,827.3201962654273,832.8359985351562,16659001,ICICIBANK.NS
2023-01-13,836.755068178072,846.6254414742714,830.5618765632579,845.2222900390625,11223103,ICICIBANK.NS
2023-01-16,848.8995444918602,849.0930928206624,833.2230748614112,837.287353515625,8319812,ICICIBANK.NS
2023-01-17,838.9323684728654,839.9000509881896,830.3683427746539,837.1905517578125,12624859,ICICIBANK.NS
2023-01-18,836.5131783943544,843.8191697140958,830.9006315092457,841.3999633789062,11313898,ICICIBANK.NS
2023-01-19,839.9483920867604,842.4159705966048,834.1422972105845,838.158203125,6694679,ICICIBANK.NS
2023-01-20,845.2706967636465,848.1737443770304,837.5776087756478,842.2224731445312,8127162,ICICIBANK.NS
2023-01-23,853.4959878330195,854.7539633041429,836.6582882575105,843.5288696289062,16882379,ICICIBANK.NS
2023-01-24,850.5929389316187,853.2056935599804,839.9484311634187,842.6095581054688,11504090,ICICIBANK.NS
2023-01-25,845.077098119616,848.4639868002098,820.5947431838545,827.6588134765625,14918485,ICICIBANK.NS
2023-01-27,812.030804097546,815.7563581461058,786.8226273934423,790.7901611328125,39718683,ICICIBANK.NS
2023-01-30,774.145937689739,799.5476012701836,770.2752080012903,796.886474609375,36301441,ICICIBANK.NS
2023-01-31,799.3058466527511,811.2083311039344,787.7903998131983,805.0151977539062,27291226,ICICIBANK.NS
2023-02-01,816.1918154738912,846.915734812617,796.5478725596145,820.54638671875,39237711,ICICIBANK.NS
2023-02-02,801.6282311010465,832.7875613023073,799.402514032967,830.1748657226562,16798190,ICICIBANK.NS
2023-02-03,836.7067208592392,844.4481810776783,824.5622578914393,835.8841552734375,14914366,ICICIBANK.NS
2023-02-06,833.6585076979579,839.7548958836825,822.1914932310632,826.110595703125,8463833,ICICIBANK.NS
2023-02-07,827.3685698899242,828.3362524278072,819.8206579069681,825.1912841796875,9337066,ICICIBANK.NS
2023-02-08,824.9493177646199,832.8843259474374,824.3687318991716,831.3359985351562,8082983,ICICIBANK.NS
2023-02-09,830.7554211776821,836.9486127649296,824.0783883433888,832.9810791015625,6299265,ICICIBANK.NS
2023-02-10,827.9008094833026,834.0456292295034,824.4655481784239,826.2557373046875,8656405,ICICIBANK.NS
2023-02-13,825.8203066835285,831.5295982555967,821.9011451301623,823.1591796875,9394365,ICICIBANK.NS
2023-02-14,826.3041477973615,839.2710584470253,824.562271968352,837.335693359375,13402934,ICICIBANK.NS
2023-02-15,838.4001911703535,845.0287930620101,832.7875850885544,842.657958984375,12070288,ICICIBANK.NS
2023-02-16,847.641498757943,849.4316877601427,836.9001875567873,841.3515625,10715685,ICICIBANK.NS
2023-02-17,839.5130326696539,839.5130326696539,827.5138037978965,834.7714233398438,9990618,ICICIBANK.NS
2023-02-20,834.7713537474057,838.5452801570017,822.7720668133345,824.562255859375,9013430,ICICIBANK.NS
2023-02-21,826.7879697034813,831.6747546228045,819.4819194186063,826.5944213867188,11704445,ICICIBANK.NS
2023-02-22,823.7397538390513,826.4976254250806,807.7729920906293,812.1275634765625,13880984,ICICIBANK.NS
2023-02-23,809.514854112909,817.1595701542185,806.611806359904,812.6114501953125,11743574,ICICIBANK.NS
2023-02-24,816.6757001552671,818.2723409257021,808.5471431075151,812.5630493164062,8246139,ICICIBANK.NS
2023-02-27,806.6118061869664,830.5619501441226,806.6118061869664,828.723388671875,14422574,ICICIBANK.NS
2023-02-28,827.2717590098582,830.2715510119978,822.5300913289021,827.2233276367188,19600146,ICICIBANK.NS
2023-03-01,836.0777546418046,836.0777546418046,824.3203875920912,828.6265869140625,11015843,ICICIBANK.NS
2023-03-02,825.4331354145703,833.9971015297435,823.5945151221156,826.4008178710938,12327141,ICICIBANK.NS
2023-03-03,829.0620699895568,844.786912285828,822.3850364048458,840.480712890625,12823098,ICICIBANK.NS
2023-03-06,843.5772118992917,848.5123689804957,837.3840203291142,839.7064819335938,13904231,ICICIBANK.NS
2023-03-08,838.6420711240055,845.4158486956811,833.6584825712115,843.9158935546875,16144568,ICICIBANK.NS
2023-03-09,839.1743935191705,841.6903447470089,826.5461469354024,828.2879638671875,10624440,ICICIBANK.NS
2023-03-10,817.4014620248957,818.0304202449772,809.2245326625901,815.417724609375,17273189,ICICIBANK.NS
2023-03-13,814.2564801205943,827.6588595926465,797.3220357740603,801.6282348632812,16413159,ICICIBANK.NS
2023-03-14,800.2734239830573,807.4826703889056,791.806202145268,803.51513671875,15456802,ICICIBANK.NS
2023-03-15,809.4180845479008,816.6757037068646,795.6286081458696,799.2090454101562,12914488,ICICIBANK.NS
2023-03-16,802.8862901186128,804.4345587019249,784.1132234669873,797.2737426757812,14987868,ICICIBANK.NS
2023-03-17,804.9182883848257,811.305028296212,792.193298999629,809.2244873046875,11104490,ICICIBANK.NS
2023-03-20,809.9503044168963,810.7244386539869,798.3381136725679,809.4180908203125,14838651,ICICIBANK.NS
2023-03-21,815.7564211861012,826.8847709413091,811.9340631533026,824.8526611328125,18755854,ICICIBANK.NS
2023-03-22,829.9329340902065,834.6745429845437,823.4978217289552,832.4005126953125,17431520,ICICIBANK.NS
2023-03-23,829.3039121932823,839.4162062490099,825.2396338332466,827.8040161132812,17920621,ICICIBANK.NS
2023-03-24,824.9494057664903,832.2070251720605,821.7076927237321,824.8526611328125,17295696,ICICIBANK.NS
2023-03-27,827.3201714323708,828.7233228804927,816.7724084776924,821.2721557617188,17047675,ICICIBANK.NS
2023-03-28,827.9008432580525,831.14261543165,820.7883997160671,827.126708984375,24469018,ICICIBANK.NS
2023-03-29,829.352331482036,834.2391166284191,820.5948160711663,823.4978637695312,34881515,ICICIBANK.NS
2023-03-31,834.094004596433,852.5283457771534,830.755487911108,848.8995361328125,25739021,ICICIBANK.NS
2023-04-03,851.7542203344012,858.4311947113953,840.7709875930993,855.2378540039062,26416933,ICICIBANK.NS
2023-04-05,857.9473279969231,859.0601865581069,845.7545514523069,856.011962890625,21068934,ICICIBANK.NS
2023-04-06,853.4960068359375,861.3342118450829,844.4965709573414,846.7222290039062,26042745,ICICIBANK.NS
2023-04-10,851.6090667881962,854.2701939584161,836.4648694207223,840.3839721679688,30906205,ICICIBANK.NS
2023-04-11,845.4642830137524,856.9796702925302,837.0454327447134,853.3992919921875,39504022,ICICIBANK.NS
2023-04-12,854.8991446182802,863.1728184534817,851.8509210177381,861.3826293945312,22686032,ICICIBANK.NS
2023-04-13,862.3018181294501,872.5109153520875,857.8505024300003,869.946533203125,34439635,ICICIBANK.NS
2023-04-17,887.655223609611,887.655223609611,864.285724614147,872.1723022460938,29957514,ICICIBANK.NS
2023-04-18,878.6073390361097,878.6073390361097,865.2049009529467,867.8660278320312,26699379,ICICIBANK.NS
2023-04-19,866.9468411334407,867.9145237068399,858.5763632484744,863.0761108398438,24377956,ICICIBANK.NS
2023-04-20,863.4147591759163,870.236909372004,860.4633391974846,865.4953002929688,16999919,ICICIBANK.NS
2023-04-21,865.6403538022766,871.5916247008615,853.8830470653443,857.0280151367188,29578071,ICICIBANK.NS
2023-04-24,875.7526628125863,877.2041865631045,866.0758378091324,875.5107421875,30881665,ICICIBANK.NS
2023-04-25,877.0106726906066,886.3972051250955,873.9140767553679,883.9296264648438,41383839,ICICIBANK.NS
2023-04-26,881.9942756119498,887.316529658685,876.4784732418931,885.3811645507812,30371555,ICICIBANK.NS
2023-04-27,880.1072370809303,890.1711587440801,879.1879268899205,888.6712036132812,25835108,ICICIBANK.NS
2023-04-28,885.5263196505074,890.7034569748081,880.8330826866882,887.9939575195312,20381002,ICICIBANK.NS
2023-05-02,894.1386081230442,895.8804247678964,889.0099028110591,892.2999877929688,17515017,ICICIBANK.NS
2023-05-03,889.8324772678072,893.9935004213415,882.091016865825,893.0258178710938,18715142,ICICIBANK.NS
2023-05-04,890.2679527423538,894.0419383409981,882.3329439597278,891.9130249023438,20485002,ICICIBANK.NS
2023-05-05,895.1063543921246,911.9924266199448,893.606458259458,896.9933471679688,19002035,ICICIBANK.NS
2023-05-08,897.0416539062694,911.2665980946596,897.0416539062694,907.5894165039062,18623913,ICICIBANK.NS
2023-05-09,910.5893181947338,914.4600485590048,901.686626544379,904.20263671875,21507610,ICICIBANK.NS
2023-05-10,904.3961038358808,910.5892958920904,898.2513431581647,905.7992553710938,25910923,ICICIBANK.NS
2023-05-11,909.6699186059626,916.39532376609,903.670275317878,908.847412109375,20027372,ICICIBANK.NS
2023-05-12,909.3796019336228,917.3629823177168,904.8798548193456,913.3955078125,13873480,ICICIBANK.NS
2023-05-15,913.2504258746984,918.3307593696306,907.8797994211589,915.185791015625,10453762,ICICIBANK.NS
2023-05-16,919.2984223538758,921.4273357760684,912.5246445049526,915.766357421875,19612293,ICICIBANK.NS
2023-05-17,916.6857031275832,917.7501894111974,905.5573533737448,908.9926147460938,19273344,ICICIBANK.NS
2023-05-18,917.3146504805366,921.4756734760364,911.6536723389962,915.9114990234376,21550141,ICICIBANK.NS
2023-05-19,920.7016009331666,925.1045448518862,911.1698920993472,923.45947265625,15427412,ICICIBANK.NS
2023-05-22,920.3144134762877,923.4110092338516,915.572804748046,919.6370239257812,15509525,ICICIBANK.NS
2023-05-23,921.2337828236806,927.8623846317512,914.4600050088006,922.5885620117188,16579935,ICICIBANK.NS
2023-05-24,916.1050779412484,923.0239727062752,908.1700692529852,910.2506103515624,18049620,ICICIBANK.NS
2023-05-25,906.7185687283088,911.1698849283796,902.7994661295812,909.4764404296876,19328582,ICICIBANK.NS
2023-05-26,909.4280061165384,921.6692134262162,905.3153554715092,919.9757690429688,10957182,ICICIBANK.NS
2023-05-29,923.0239216669958,926.6527310131668,916.2017719087248,917.5081787109376,12108079,ICICIBANK.NS
2023-05-30,914.7986250754224,921.5240302432906,914.1212945775248,919.25,18483624,ICICIBANK.NS
2023-05-31,918.8145563715582,921.23376268112,910.1054136571358,918.4758911132812,27254425,ICICIBANK.NS
2023-06-01,923.4110568080118,923.4110568080118,902.6542546695372,905.8475952148438,21650700,ICICIBANK.NS
2023-06-02,912.5246577080344,914.1213575634451,904.8315695129168,907.8314208984376,12494376,ICICIBANK.NS
2023-06-05,912.52469366057,921.0402887454007,912.52469366057,916.1535034179688,10751684,ICICIBANK.NS
2023-06-06,915.9115132741264,917.1694887487128,907.782956409231,911.6536865234376,11894330,ICICIBANK.NS
2023-06-07,913.8309715647682,915.2824953565664,903.6219327083176,909.8151245117188,16486469,ICICIBANK.NS
2023-06-08,906.3313820368726,919.7821920581544,904.9766620100957,907.5894165039062,17608140,ICICIBANK.NS
2023-06-09,910.9763299208925,913.4922807980292,905.944369103966,907.7345581054688,12253128,ICICIBANK.NS
2023-06-12,907.6861909387296,913.0084447235516,903.1380713464422,905.7024536132812,10520125,ICICIBANK.NS
2023-06-13,905.6540274000477,915.669517119438,903.9121517421976,913.0567626953124,13528776,ICICIBANK.NS
2023-06-14,915.4761168686472,916.3470548384208,905.9928391498904,909.4281005859376,13489262,ICICIBANK.NS
2023-06-15,910.2990230245308,912.476308849158,894.47737726131,896.6546630859375,19366819,ICICIBANK.NS
2023-06-16,899.2673651712831,907.4442943791796,897.0417071602234,904.009033203125,11249387,ICICIBANK.NS
2023-06-19,903.3316527921857,903.7671217485372,889.0099629857297,893.316162109375,19351375,ICICIBANK.NS
2023-06-20,891.187294543562,898.541658614634,885.2360229801786,895.6386108398438,15212286,ICICIBANK.NS
2023-06-21,898.0093192966337,898.3964159041491,890.2678596475248,894.8159790039062,9210553,ICICIBANK.NS
2023-06-22,894.5258054552514,905.3154308434968,890.9453680771945,895.8321533203125,27291569,ICICIBANK.NS
2023-06-23,896.1223637087963,901.7833417486228,889.3002139237615,893.65478515625,8767733,ICICIBANK.NS
2023-06-26,897.1385095411223,901.6866295468166,893.3645828609866,897.4772338867188,11749040,ICICIBANK.NS
2023-06-27,899.9447553905696,909.5732084032468,892.3968434482118,905.8475952148438,13422726,ICICIBANK.NS
2023-06-28,913.4923004032572,913.4923004032572,904.1057681310745,907.1539916992188,25708001,ICICIBANK.NS
2023-06-30,910.1054076065768,911.7504796986728,900.5737584353333,904.3960571289062,13843218,ICICIBANK.NS
2023-07-03,906.7185460429008,915.185768324518,906.2347047696657,912.0891723632812,12350359,ICICIBANK.NS
2023-07-04,916.6373175188082,920.5564201279724,911.5569840092028,914.1697387695312,14041699,ICICIBANK.NS
2023-07-05,911.6053079205813,933.571712979693,910.5892530851424,927.0398559570312,13817767,ICICIBANK.NS
2023-07-06,923.846533565768,932.7492247541552,923.1691439746392,928.3946533203124,16334427,ICICIBANK.NS
2023-07-07,922.201500752814,924.1852382336124,913.2988091848516,915.8148193359376,8593807,ICICIBANK.NS
2023-07-10,915.427721286866,922.1047547183556,910.92797366182,917.7501831054688,12069184,ICICIBANK.NS
2023-07-11,917.750137644119,921.9111607222272,911.4602011815252,914.41162109375,16977595,ICICIBANK.NS
2023-07-12,917.7501246070916,920.4112515342324,910.8311709714632,913.87939453125,21511161,ICICIBANK.NS
2023-07-13,917.0727487171628,928.2494701654196,911.7504947834544,924.814208984375,23222286,ICICIBANK.NS
2023-07-14,928.7333276529092,933.8136610419978,920.6047706053052,929.0236206054688,12871569,ICICIBANK.NS
2023-07-17,931.7815569904748,942.329261415466,922.0563000505356,937.3941040039062,16290763,ICICIBANK.NS
2023-07-18,946.393481874633,956.0219345303666,939.7648803965844,943.9259033203124,29709508,ICICIBANK.NS
2023-07-19,948.3288481005554,948.3288481005554,936.2811891871556,941.9905395507812,15994261,ICICIBANK.NS
2023-07-20,944.5065612098798,965.8923814574688,940.684203243526,963.4247436523438,26487838,ICICIBANK.NS
2023-07-21,963.1344078710804,969.0856790406556,956.84447144192,964.7794799804688,16903003,ICICIBANK.NS
2023-07-24,972.4726020590396,976.1014116649148,958.1024805821794,959.9411010742188,21687719,ICICIBANK.NS
2023-07-25,966.714856111477,966.714856111477,956.3122688209884,962.5538330078124,29325327,ICICIBANK.NS
2023-07-26,961.0055423866522,965.5052899891136,958.0057500267828,964.247314453125,12780537,ICICIBANK.NS
2023-07-27,970.1501028645304,973.9724606478104,955.2961997425044,958.2476196289062,25932395,ICICIBANK.NS
2023-07-28,956.070301814004,966.4245162878802,945.4741667171988,964.0053100585938,12584130,ICICIBANK.NS
2023-07-31,963.8117566441534,967.1019007236218,956.6508826183228,966.0374145507812,14303116,ICICIBANK.NS
2023-08-01,969.2792116429864,971.262948979796,958.4411556974744,962.4086303710938,15508569,ICICIBANK.NS
2023-08-02,953.4092491126728,961.9732162053438,945.909709218612,955.0543212890624,15787996,ICICIBANK.NS
2023-08-03,944.9903812949868,951.2319455477858,929.023619238488,933.8136596679688,30994707,ICICIBANK.NS
2023-08-04,937.3457361804816,944.458179377576,930.1848616052202,939.1359252929688,20582882,ICICIBANK.NS
2023-08-07,939.5713262813622,949.7803647470604,936.910199431587,944.1194458007812,16686062,ICICIBANK.NS
2023-08-08,944.2162106511984,954.7155422765244,940.877694173798,948.2321166992188,23784778,ICICIBANK.NS
2023-08-09,951.207903020587,951.5493559556502,940.134263963834,949.0126953125,19317331,ICICIBANK.NS
2023-08-10,947.8906587198094,949.9395549383418,936.0853435299008,940.6220703125,24858441,ICICIBANK.NS
2023-08-11,939.9391281743052,940.0366691362146,926.8654236423496,929.64599609375,17162177,ICICIBANK.NS
2023-08-14,925.889849017894,939.451378529044,922.9629053434434,936.1829223632812,19026691,ICICIBANK.NS
2023-08-16,931.2070871701632,936.4267792630916,923.5482159431574,933.2071533203124,17930805,ICICIBANK.NS
2023-08-17,933.6462023482968,934.4754791838436,923.4019001385632,928.4752807617188,27077611,ICICIBANK.NS
2023-08-18,924.8165413968668,931.743616717334,922.9627868215686,927.4995727539062,13257508,ICICIBANK.NS
2023-08-21,927.5483666794156,935.938913861277,925.3043886702033,931.9387817382812,13358017,ICICIBANK.NS
2023-08-22,933.1096469094869,933.6462413283504,926.1825113015468,928.8167724609376,16872719,ICICIBANK.NS
2023-08-23,930.7680032725476,944.4758429833078,926.7190410740052,943.3050537109376,14707331,ICICIBANK.NS
2023-08-24,948.8174806335662,958.4764176235524,943.2075058123396,945.3539428710938,28389740,ICICIBANK.NS
2023-08-25,939.5000885244812,948.9150543418252,936.8170569956474,946.7686767578124,10275758,ICICIBANK.NS
2023-08-28,946.3296741533863,951.2566840430246,941.5489757166164,946.9150390625,10481574,ICICIBANK.NS
2023-08-29,949.5979999303318,953.451820682968,942.134329925956,944.1831665039062,13209913,ICICIBANK.NS
2023-08-30,946.8174880873404,952.134780892738,932.133999542189,935.5487670898438,13936165,ICICIBANK.NS
2023-08-31,936.6219035202088,942.6709318902068,930.8167871042524,935.40234375,36675400,ICICIBANK.NS
2023-09-01,933.597414127154,949.354090544868,929.597222372928,945.1100463867188,16268147,ICICIBANK.NS
2023-09-04,945.110068019078,945.4515209412026,937.1585143582264,943.7929077148438,9512956,ICICIBANK.NS
2023-09-05,940.6220495025764,946.3783955216684,938.8171248357994,944.8173828125,16623486,ICICIBANK.NS
2023-09-06,939.1098099408862,945.8905742914184,927.6459479007374,934.1828002929688,30802100,ICICIBANK.NS
2023-09-07,934.0852438880298,945.8905586551218,931.4509828721614,942.1343383789062,13462347,ICICIBANK.NS
2023-09-08,943.9393249350012,951.2566840430246,937.8415256783152,946.9150390625,13086915,ICICIBANK.NS
2023-09-11,951.2078643033276,958.086169598933,945.7442007229636,954.427490234375,7894110,ICICIBANK.NS
2023-09-12,965.9888674492852,970.9159365012332,958.720338944562,966.379150390625,20959591,ICICIBANK.NS
2023-09-13,965.6962890625,970.6232990964716,956.671545898231,965.6962890625,21997553,ICICIBANK.NS
2023-09-14,968.13535622331,968.720780666579,958.3301071739512,963.6473999023438,11464188,ICICIBANK.NS
2023-09-15,966.2328420296344,973.2087481037404,964.5254582610312,968.28173828125,13307980,ICICIBANK.NS
2023-09-18,965.988886304758,971.989144239288,963.257084308504,966.0864868164062,16713222,ICICIBANK.NS
2023-09-20,957.6470545446384,971.7451766986744,956.769007282934,963.1107177734376,25741856,ICICIBANK.NS
2023-09-21,956.0861166419704,958.574006734418,934.1340401518692,935.93896484375,19742813,ICICIBANK.NS
2023-09-22,933.2071706835997,937.500045053057,924.3287990475906,927.1581420898438,12701888,ICICIBANK.NS
2023-09-25,927.1580728250464,937.7926574396996,918.572384276358,933.0607299804688,8997098,ICICIBANK.NS
2023-09-26,935.5974971770788,935.5974971770788,924.0360346784908,925.5971069335938,10521409,ICICIBANK.NS
2023-09-27,923.2555689856038,923.450710469688,911.6453950428524,920.1334838867188,15152973,ICICIBANK.NS
2023-09-28,922.4749712145348,924.182354820696,911.9867576338304,919.6455688476562,25991282,ICICIBANK.NS
2023-09-29,923.6457967074638,932.7193094608656,920.718853267733,928.7191772460938,10447334,ICICIBANK.NS
2023-10-03,928.4264812897244,928.4264812897244,916.1333420529504,917.4016723632812,11131636,ICICIBANK.NS
2023-10-04,912.2307137467868,912.7185376578814,902.474235524896,907.4012451171876,17334739,ICICIBANK.NS
2023-10-05,912.425857939374,920.9627764089626,911.7916630335347,917.938232421875,10478856,ICICIBANK.NS
2023-10-06,922.9628794283824,923.4994738438676,915.1576965156688,922.182373046875,6355755,ICICIBANK.NS
2023-10-09,917.3529458957726,919.1091002211714,913.4991247477328,915.7431030273438,6725306,ICICIBANK.NS
2023-10-10,917.4992699211416,934.1828244813858,917.4504398891626,928.0362548828124,11452715,ICICIBANK.NS
2023-10-11,931.6461062538116,938.6219522811512,927.597144072046,929.889892578125,12233117,ICICIBANK.NS
2023-10-12,929.6459711325132,936.719417596702,925.3043861142356,931.0119018554688,7836818,ICICIBANK.NS
2023-10-13,926.8166882827292,934.0852766849174,921.548166066008,928.1337890625,6650442,ICICIBANK.NS
2023-10-16,925.401981705107,931.5973217061672,923.109233087094,928.2313842773438,5763024,ICICIBANK.NS
2023-10-17,932.133942908628,937.548776352585,928.3288926243248,930.6704711914062,7747527,ICICIBANK.NS
2023-10-18,926.0848703534714,927.49957152234,916.2307921986863,920.767578125,12000153,ICICIBANK.NS
2023-10-19,913.2063753381312,921.9872058702284,911.2550796643318,912.9624633789062,8612676,ICICIBANK.NS
2023-10-20,909.303786581178,917.108969298613,907.3524909018192,910.0355224609376,6586576,ICICIBANK.NS
2023-10-23,919.060255373007,921.7920573857958,902.8645252231158,907.3037109375,11856890,ICICIBANK.NS
2023-10-25,903.4986624227306,911.0599331166206,889.2054574209906,893.7909545898438,12593434,ICICIBANK.NS
2023-10-26,892.034835673972,894.2788138653154,877.1074351720209,886.5224609375,21693345,ICICIBANK.NS
2023-10-27,893.6934385485141,895.7911052641983,889.1078817029663,890.5225830078125,8645505,ICICIBANK.NS
2023-10-30,886.9613655158662,903.742519100438,886.0833182505427,902.3766479492188,7687791,ICICIBANK.NS
2023-10-31,906.6695030375992,908.3281162337184,891.8396443321832,893.0592041015625,17211107,ICICIBANK.NS
2023-11-01,891.5470426138852,895.2544927386905,887.1566270466315,891.7909545898438,12927203,ICICIBANK.NS
2023-11-02,897.6447821752898,902.279109409575,890.5713353440126,897.5472412109375,9747311,ICICIBANK.NS
2023-11-03,905.937785389068,911.7429019177836,904.2304016776112,911.0599365234376,7146961,ICICIBANK.NS
2023-11-06,918.0846246991576,924.6702476712292,914.5723162669136,922.42626953125,10338367,ICICIBANK.NS
2023-11-07,920.6212426036692,927.3044657799692,907.791509730304,925.0116577148438,15704942,ICICIBANK.NS
2023-11-08,925.3532028172964,925.3532028172964,911.3526206284944,912.9624633789062,17606074,ICICIBANK.NS
2023-11-09,911.2550412038592,919.4016764786072,910.2793934081378,914.5234375,9406117,ICICIBANK.NS
2023-11-10,912.1332534052324,918.523735295646,909.6941336341724,915.7431030273438,9560455,ICICIBANK.NS
2023-11-13,917.9870319695434,917.9870319695434,909.3037427950004,911.694091796875,11470096,ICICIBANK.NS
2023-11-15,921.4018143138666,921.4018143138666,915.889380375436,918.18212890625,19492138,ICICIBANK.NS
2023-11-16,916.1333033243816,923.1579795407856,911.2550642225476,913.2063598632812,19706373,ICICIBANK.NS
2023-11-17,903.9864967116964,915.5479593765704,897.7423862479302,899.4009399414062,10956653,ICICIBANK.NS
2023-11-20,899.5473366065142,904.1816639914176,895.1569211892373,899.0107421875,10562301,ICICIBANK.NS
2023-11-21,901.8888706577264,905.4499494794524,899.5472920649286,903.5474243164062,8989572,ICICIBANK.NS
2023-11-22,900.7668766589128,902.6694018743736,892.4738699417713,900.279052734375,12197979,ICICIBANK.NS
2023-11-23,900.52294921875,902.8156978051428,896.1325339733714,900.52294921875,5534614,ICICIBANK.NS
2023-11-24,899.0594483982376,907.7427376445077,897.7911181670157,906.76708984375,7452002,ICICIBANK.NS
2023-11-28,906.2793237215552,908.3769308976238,899.2546471984909,902.9620971679688,14231987,ICICIBANK.NS
2023-11-29,908.2306003744136,918.182160728548,903.4499021267856,916.7186889648438,11680078,ICICIBANK.NS
2023-11-30,916.0845371003844,917.9382322384056,905.5963229827008,912.1819458007812,23950292,ICICIBANK.NS
2023-12-01,913.157659153128,928.8167959567096,910.2794859533716,923.6458740234376,16986046,ICICIBANK.NS
2023-12-04,940.2318186642837,970.6232126126972,937.987840581793,967.0621337890624,33131257,ICICIBANK.NS
2023-12-05,978.0869688482516,991.0143028504854,970.8183804617602,988.7703247070312,31378461,ICICIBANK.NS
2023-12-06,989.3069401885278,991.5021478960468,975.8917819759122,978.8187255859376,18786590,ICICIBANK.NS
2023-12-07,972.0866896120442,977.7942651351568,964.0864250614673,974.6721801757812,11841945,ICICIBANK.NS
2023-12-08,970.2817634001108,988.18487719586,969.062203617054,986.2335815429688,16116363,ICICIBANK.NS
2023-12-11,982.5748818013128,995.1607623207786,980.1845923151836,992.3313598632812,11714606,ICICIBANK.NS
2023-12-12,992.3313863725926,996.1364367379356,984.0383797983786,990.9655151367188,12380856,ICICIBANK.NS
2023-12-13,990.0873978964833,995.8437438660465,984.6237939125858,989.2093505859376,15887040,ICICIBANK.NS
2023-12-14,997.3560449426352,1014.6737948059092,996.3803970630142,1008.4784545898438,16317672,ICICIBANK.NS
2023-12-15,1018.2348839122908,1018.28359484532,1000.7219338654228,1012.1370849609376,14306067,ICICIBANK.NS
2023-12-18,1004.868447599522,1004.868447599522,993.209503522376,996.5755004882812,8592711,ICICIBANK.NS
2023-12-19,1000.5268676099422,1000.5268676099422,987.9409865576812,990.7216186523438,10094256,ICICIBANK.NS
2023-12-20,997.1120339024774,997.1120339024774,977.5990782488084,982.1358642578124,16490281,ICICIBANK.NS
2023-12-21,972.2818634293964,986.2824459562564,965.1108754745596,979.9407348632812,18064916,ICICIBANK.NS
2023-12-22,978.5259862915714,984.965238040039,967.4523478809576,970.0866088867188,20881976,ICICIBANK.NS
2023-12-26,970.6720445389728,973.2087050634708,965.7938054158476,970.8671264648438,14339699,ICICIBANK.NS
2023-12-27,973.6478046781592,980.4285692907044,967.8426879365178,977.8430786132812,12996468,ICICIBANK.NS
2023-12-28,983.4530114256304,987.0629203019364,974.7697219298256,981.4041748046876,24915990,ICICIBANK.NS
2023-12-29,979.5992158632048,983.9896312060448,969.501284394201,972.3306274414062,12280140,ICICIBANK.NS
2024-01-01,967.4035679755071,980.3796718566512,966.8669735931652,975.0624389648438,7683792,ICICIBANK.NS
2024-01-02,972.7208835740646,973.3550784811777,956.3787824708896,958.330078125,16263825,ICICIBANK.NS
2024-01-03,960.7204375897454,963.940063544046,951.3541826195408,960.0862426757812,16826752,ICICIBANK.NS
2024-01-04,962.3789819476102,965.062013308977,957.9885669926464,963.1107177734376,22789140,ICICIBANK.NS
2024-01-05,963.940077076155,973.9892380346952,959.8423441909664,969.5012817382812,14875499,ICICIBANK.NS
2024-01-08,969.7939557543596,973.8916886039306,956.427568398082,958.086181640625,8393164,ICICIBANK.NS
2024-01-09,962.2326408633472,970.7695590966088,951.6468860736288,955.8909301757812,14660414,ICICIBANK.NS
2024-01-10,950.5736686217576,970.7208201257516,950.5736686217576,968.8670654296876,9409181,ICICIBANK.NS
2024-01-11,971.0622694484136,974.1843544018284,962.8180334077584,967.0133666992188,6451345,ICICIBANK.NS
2024-01-12,970.5744738257088,984.1360028238888,967.598759779006,979.0626220703124,12255743,ICICIBANK.NS
2024-01-15,979.0626553379064,987.0142094424414,974.9161518150504,985.2579956054688,12388044,ICICIBANK.NS
2024-01-16,981.5992440247356,991.0630397513056,980.135772300487,984.4774169921876,11505126,ICICIBANK.NS
2024-01-17,963.8424818885138,983.2578373076938,952.9639851390664,957.8422241210938,41914771,ICICIBANK.NS
2024-01-18,950.2322029973618,970.086612247944,946.524753203616,962.3302001953124,17902484,ICICIBANK.NS
2024-01-19,967.1596680050708,986.2824009262612,963.500988695396,974.8673095703124,23271148,ICICIBANK.NS
2024-01-23,1033.3085624484331,1033.601304427851,996.331546511633,1003.9904174804688,50797448,ICICIBANK.NS
2024-01-24,1004.3805964528724,1010.7223072563088,972.379419549497,974.8673095703124,34578943,ICICIBANK.NS
2024-01-25,974.086809350288,990.380080339403,964.086419174316,985.3555297851562,28315035,ICICIBANK.NS
2024-01-29,995.1608069755424,1006.8685811752548,985.404328475782,991.6484985351562,14078922,ICICIBANK.NS
2024-01-30,990.2337663460512,998.9169962106156,983.4530020905246,992.1362915039062,16085742,ICICIBANK.NS
2024-01-31,992.0387268414896,1013.6981211276084,978.8187103188384,1003.1123657226562,25627447,ICICIBANK.NS
2024-02-01,1008.7709929318956,1008.7709929318956,992.624093336314,1000.1853637695312,13058880,ICICIBANK.NS
2024-02-02,1011.8443169459496,1024.4301974773407,996.770605964979,999.0633544921876,14774650,ICICIBANK.NS
2024-02-05,997.5999136860916,1001.4536750045532,987.453152358168,998.5755615234376,12948430,ICICIBANK.NS
2024-02-06,998.6242753186784,1009.6979133732498,991.9411118317564,1001.4049072265624,12886927,ICICIBANK.NS
2024-02-07,1002.9659386635358,1006.4295359934986,988.3312216596904,997.2584228515624,16410895,ICICIBANK.NS
2024-02-08,999.160906165504,1003.2098684279932,961.2570122719966,965.2083740234376,20565502,ICICIBANK.NS
2024-02-09,964.769339316338,989.0629942650384,961.5009428835466,986.0872802734376,12799837,ICICIBANK.NS
2024-02-12,985.794584956461,987.5507391294832,961.2570183691254,971.8427734375,8050066,ICICIBANK.NS
2024-02-13,981.5017091699308,1002.0391434670632,975.9405046734194,994.9656372070312,18706292,ICICIBANK.NS
2024-02-14,984.965311459288,1010.4784679503912,983.0140156871736,997.7951049804688,17878720,ICICIBANK.NS
2024-02-15,997.9413639559356,1001.6488733670452,982.0870866412254,991.8923950195312,10069878,ICICIBANK.NS
2024-02-16,998.2828945562028,1001.2097785647912,992.136324995411,998.3316650390624,7159395,ICICIBANK.NS
2024-02-19,998.4292780844752,1020.5277273577844,998.4292780844752,1018.33251953125,9388255,ICICIBANK.NS
2024-02-20,1015.698252475077,1027.0157438335884,1008.08815152665,1023.210693359375,11293528,ICICIBANK.NS
2024-02-21,1031.064628645261,1038.0892450705965,1022.4788804830688,1026.3326416015625,15946325,ICICIBANK.NS
2024-02-22,1030.284129893754,1040.0406083965356,1014.9665062834416,1036.8209228515625,13432573,ICICIBANK.NS
2024-02-23,1043.9431665127322,1043.9431665127322,1031.8939397655,1035.455078125,13142759,ICICIBANK.NS
2024-02-26,1027.4547652461576,1036.4307972587308,1024.9181045612984,1028.5279541015625,7875941,ICICIBANK.NS
2024-02-27,1025.1620110998556,1040.2357232242944,1021.015507605043,1034.3818359375,10580973,ICICIBANK.NS
2024-02-28,1037.1135865360943,1038.9185111032964,1016.771354213308,1020.72265625,7730332,ICICIBANK.NS
2024-02-29,1017.6495772588014,1034.869667204587,1013.210331729164,1026.57666015625,20944844,ICICIBANK.NS
2024-03-01,1029.3084513108604,1063.40729502092,1028.332803489713,1060.431640625,14909562,ICICIBANK.NS
2024-03-04,1054.675322128291,1068.3343919800916,1053.7972152468624,1065.7489013671875,11424581,ICICIBANK.NS
2024-03-05,1059.7486671027018,1072.724831392527,1050.284930417513,1061.5537109375,9222544,ICICIBANK.NS
2024-03-06,1053.9923671118995,1086.4326564967669,1053.9923671118995,1070.3831787109375,21796484,ICICIBANK.NS
2024-03-07,1068.285466935671,1068.3342969627106,1056.3337818783252,1061.4559326171875,9963926,ICICIBANK.NS
2024-03-11,1061.456016908724,1061.456016908724,1050.528808770459,1052.4312744140625,13310362,ICICIBANK.NS
2024-03-12,1050.821543798178,1068.1392927948118,1029.9426563996108,1050.6263427734375,21785435,ICICIBANK.NS
2024-03-13,1050.9191327033914,1063.1147311446932,1047.016541202175,1057.553466796875,24855870,ICICIBANK.NS
2024-03-14,1053.6997275272504,1070.3832827269032,1048.870318081808,1057.2120361328125,14231421,ICICIBANK.NS
2024-03-15,1045.894380788199,1059.797361129833,1043.9430853016538,1054.041015625,66192734,ICICIBANK.NS
2024-03-18,1048.870343968933,1058.3829111883333,1034.2356251698557,1054.8704833984375,8769440,ICICIBANK.NS
2024-03-19,1052.1874034827022,1062.2366242373914,1049.0653779207853,1057.553466796875,16708715,ICICIBANK.NS
2024-03-20,1053.6996725881745,1063.4561510380647,1041.5040745258111,1058.090087890625,18725251,ICICIBANK.NS
2024-03-21,1065.4074934332764,1073.212676535352,1052.8704418950963,1055.4559326171875,19992607,ICICIBANK.NS
2024-03-22,1054.821699696048,1067.0660087880365,1052.431290998509,1063.7489013671875,17214415,ICICIBANK.NS
2024-03-26,1054.675246883473,1062.626800085145,1050.7238257477718,1057.3094482421875,13367635,ICICIBANK.NS
2024-03-27,1057.309446339376,1065.8951944001406,1053.2606033504214,1057.3582763671875,26907245,ICICIBANK.NS
2024-03-28,1058.5778569174774,1078.1396428341293,1058.5778569174774,1066.67578125,22070566,ICICIBANK.NS
2024-04-01,1069.358907269357,1076.0907823680045,1067.7977753821392,1072.8712158203125,10848191,ICICIBANK.NS
2024-04-02,1067.7978183376224,1067.7978183376224,1052.968017593616,1054.8704833984375,14380396,ICICIBANK.NS
2024-04-03,1048.821395894258,1057.2607732714453,1046.1383644163889,1050.9677734375,15477184,ICICIBANK.NS
2024-04-04,1058.3338599926974,1059.3583377336058,1037.5525160016373,1052.5775146484375,21419689,ICICIBANK.NS
2024-04-05,1043.943141420944,1059.553506152472,1041.455191902804,1057.016845703125,15340637,ICICIBANK.NS
2024-04-08,1052.0899098516538,1065.163615788486,1050.089903075878,1060.6756591796875,8023461,ICICIBANK.NS
2024-04-09,1065.3585653553455,1088.091206687122,1061.7975461708568,1080.0909423828125,12298463,ICICIBANK.NS
2024-04-10,1083.8958495870784,1089.3595724131958,1078.2371639423554,1082.3836669921875,10598000,ICICIBANK.NS
2024-04-12,1076.6273862927333,1084.7740218982576,1069.1149455997045,1077.5054931640625,12216657,ICICIBANK.NS
2024-04-15,1073.4076010818974,1079.2127766214485,1050.3823381264592,1052.0897216796875,10526597,ICICIBANK.NS
2024-04-16,1044.4797084070326,1048.4310101922226,1036.8207785700372,1041.06494140625,11278092,ICICIBANK.NS
2024-04-18,1047.8457510924395,1051.7971723738806,1024.8691974587614,1029.7474365234375,16564216,ICICIBANK.NS
2024-04-19,1027.308320425271,1045.8944589628718,1022.5764523362436,1041.2601318359375,11284433,ICICIBANK.NS
2024-04-22,1052.52893245238,1062.187750744583,1044.284636784795,1060.187744140625,10346714,ICICIBANK.NS
2024-04-23,1073.2125166604562,1073.2125166604562,1056.3337630775648,1063.699951171875,9848215,ICICIBANK.NS
2024-04-24,1065.651454420331,1071.6517130255645,1062.480598639268,1070.0418701171875,5461309,ICICIBANK.NS
2024-04-25,1063.4560513994109,1098.2379176339718,1063.4072213726813,1086.627685546875,19905338,ICICIBANK.NS
2024-04-26,1085.066791491599,1092.7256033742926,1075.8956777866083,1080.9202880859375,14190059,ICICIBANK.NS
2024-04-29,1081.0178867752763,1135.1175158705944,1080.9203458035802,1131.89794921875,28578063,ICICIBANK.NS
2024-04-30,1131.702618945696,1141.0689331118688,1118.8241156136564,1122.38525390625,29568491,ICICIBANK.NS
2024-05-02,1115.1653793816274,1127.3609762690032,1105.6528138094743,1111.7017822265625,25118334,ICICIBANK.NS
2024-05-03,1113.5069115913466,1129.2148177723732,1107.7992765304286,1114.2386474609375,19933604,ICICIBANK.NS
2024-05-06,1113.7508047401204,1130.2391574450266,1110.3847483382629,1118.3851318359375,14970524,ICICIBANK.NS
2024-05-07,1119.9948918245757,1124.6780491020515,1098.8722113377237,1104.3358154296875,15097728,ICICIBANK.NS
2024-05-08,1099.1160631064367,1104.4332959114815,1088.8717613334063,1095.6524658203125,19913090,ICICIBANK.NS
2024-05-09,1093.262260852585,1101.3600666593377,1082.9691282557828,1088.5302734375,12229853,ICICIBANK.NS
2024-05-10,1090.7742298713763,1101.408814608253,1084.969173156462,1089.847412109375,8573656,ICICIBANK.NS
2024-05-13,1085.3106792591882,1103.1162523100456,1079.7494151217084,1100.53076171875,9707983,ICICIBANK.NS
2024-05-14,1098.482021676504,1100.4333175249044,1091.311033253162,1093.2623291015625,8944262,ICICIBANK.NS
2024-05-15,1094.7743968933958,1100.335660935582,1086.3838494464303,1096.9696044921875,10743423,ICICIBANK.NS
2024-05-16,1105.4089352594046,1108.8725325190835,1085.700897733196,1103.5064697265625,14265565,ICICIBANK.NS
2024-05-17,1103.5065025670874,1116.1410940609796,1093.3109114992967,1102.9698486328125,8641784,ICICIBANK.NS
2024-05-21,1094.8720256952615,1106.189636612905,1089.0669683295614,1093.6524658203125,10452900,ICICIBANK.NS
2024-05-22,1097.603764437141,1098.481871268217,1071.3588150501846,1084.042236328125,17527411,ICICIBANK.NS
2024-05-23,1088.3840782598234,1109.3116783791045,1084.335115596606,1106.87255859375,13787687,ICICIBANK.NS
2024-05-24,1102.4820558412257,1107.360295026364,1096.7745398141412,1104.384521484375,6312670,ICICIBANK.NS
2024-05-27,1104.3358239678098,1119.8486485845435,1094.23789255142,1102.2869873046875,11599857,ICICIBANK.NS
2024-05-28,1104.9211184411913,1107.5553198262376,1097.6037600409186,1099.5062255859375,9311718,ICICIBANK.NS
2024-05-29,1087.896192626463,1096.1891994265106,1071.7491729237856,1075.1639404296875,19268547,ICICIBANK.NS
2024-05-30,1070.2857077875317,1093.7012565449618,1070.1881668205704,1086.5789794921875,15255387,ICICIBANK.NS
2024-05-31,1090.774348346767,1103.0674880238118,1084.188725045031,1093.7501220703125,26197718,ICICIBANK.NS
2024-06-03,1141.5079429889547,1144.434886432516,1108.6286592786682,1131.75146484375,25699977,ICICIBANK.NS
2024-06-04,1129.702743807571,1131.1662156790471,1027.8939077680864,1045.35791015625,43476837,ICICIBANK.NS
2024-06-05,1058.5780022838428,1095.8965355440796,1025.4548027546657,1081.652099609375,42172104,ICICIBANK.NS
2024-06-06,1090.7742746935958,1090.7742746935958,1069.8953872976438,1083.359375,18574162,ICICIBANK.NS
2024-06-07,1083.359405930638,1100.8235264178431,1076.724952853582,1094.3841552734375,17197635,ICICIBANK.NS
2024-06-10,1088.8228833488845,1105.6039769227384,1087.9447765589168,1096.4329833984375,10851455,ICICIBANK.NS
2024-06-11,1092.4816621333332,1101.555234628686,1083.9447435857408,1090.9693603515625,12250002,ICICIBANK.NS
2024-06-12,1093.701262866966,1105.7993202810974,1084.9204320321733,1092.28662109375,16096514,ICICIBANK.NS
2024-06-13,1094.872014336748,1095.8476622265855,1078.0909182705975,1080.3836669921875,12494254,ICICIBANK.NS
2024-06-14,1086.8716106071388,1086.8716106071388,1072.6758879821507,1078.7249755859375,11377979,ICICIBANK.NS
2024-06-18,1086.8229354176456,1107.4092014776602,1074.383424637114,1095.5062255859375,18306176,ICICIBANK.NS
2024-06-19,1100.4818894098034,1137.166342002539,1098.7257948267247,1116.580078125,34309514,ICICIBANK.NS
2024-06-20,1125.9463631481642,1131.7514197743346,1107.84804927048,1128.62939453125,15475933,ICICIBANK.NS
2024-06-21,1135.2151467086508,1141.410486972395,1122.629265145151,1130.4344482421875,69259425,ICICIBANK.NS
2024-06-24,1126.5317578554238,1147.0203616875408,1124.5804622523651,1141.60546875,12210295,ICICIBANK.NS
2024-06-25,1141.7519447999034,1176.631356914064,1139.2152841020384,1168.77734375,27309845,ICICIBANK.NS
2024-06-26,1172.728745333667,1193.0709797006668,1164.7771913357117,1188.339111328125,25403461,ICICIBANK.NS
2024-06-27,1198.4370480300415,1204.9251302431871,1179.6558263643078,1190.19287109375,20516632,ICICIBANK.NS
2024-06-28,1197.119858680918,1197.119858680918,1167.2162295895332,1170.3870849609375,12507092,ICICIBANK.NS
2024-07-01,1170.3870597440186,1185.7535123666644,1163.0209904215824,1182.3387451171875,8636894,ICICIBANK.NS
2024-07-02,1187.36345067538,1187.36345067538,1156.679372986794,1161.6063232421875,16153925,ICICIBANK.NS
2024-07-03,1167.7039302437993,1186.2412366123526,1150.727636381495,1172.3382568359375,22330897,ICICIBANK.NS
2024-07-04,1199.0711636260962,1204.8762204814082,1184.729188396717,1202.9737548828125,15275791,ICICIBANK.NS
2024-07-05,1195.1685483777585,1212.339925743088,1191.1195862106667,1203.364013671875,9535575,ICICIBANK.NS
2024-07-08,1198.9737405567168,1209.3155845843798,1187.2659656353676,1204.9739990234375,6617190,ICICIBANK.NS
2024-07-09,1204.8762530735444,1219.754882642245,1199.3639380524305,1217.8524169921875,13366874,ICICIBANK.NS
2024-07-10,1222.2429000724055,1222.2429000724055,1206.2422507799674,1212.9254150390625,18226503,ICICIBANK.NS
2024-07-11,1215.998657353838,1227.1698965417374,1195.2174298923792,1208.291015625,11307116,ICICIBANK.NS
2024-07-12,1205.803164162165,1222.389177096727,1200.144359168967,1202.876220703125,12208290,ICICIBANK.NS
2024-07-15,1203.0712390939052,1208.2909308340154,1194.2416982506682,1199.9979248046875,15612671,ICICIBANK.NS
2024-07-16,1200.0467517768816,1214.6814682619654,1199.0711040112092,1209.7056884765625,12320605,ICICIBANK.NS
2024-07-18,1204.8275385430438,1225.8526779859858,1201.7053940039573,1219.8525390625,10999632,ICICIBANK.NS
2024-07-19,1213.706011208785,1220.0477226821429,1210.0473315126171,1218.2427978515625,7958817,ICICIBANK.NS
2024-07-22,1209.8032741772045,1214.974255165563,1202.8761986042646,1210.92529296875,9958965,ICICIBANK.NS
2024-07-23,1210.9253291470568,1218.2426878788428,1182.972994972106,1196.8759765625,19369832,ICICIBANK.NS
2024-07-24,1195.1685807983697,1203.6079582700647,1172.777510944099,1193.21728515625,20122521,ICICIBANK.NS
2024-07-25,1176.1435378806725,1188.5830485467682,1161.6063604199803,1168.7286376953125,14154461,ICICIBANK.NS
2024-07-26,1161.020907069825,1190.2903417018374,1157.0694857554497,1177.802001953125,19309265,ICICIBANK.NS
2024-07-29,1185.558499492736,1212.4863561230136,1174.8263732265093,1183.1680908203125,28458261,ICICIBANK.NS
2024-07-30,1183.4607897362628,1200.876079269409,1175.0702424166864,1179.9971923828125,23972277,ICICIBANK.NS
2024-07-31,1189.3147074879269,1194.8271415595514,1181.5095248300895,1185.3145751953125,22297629,ICICIBANK.NS
2024-08-01,1182.97292613369,1192.875774860644,1177.5093224180823,1180.63134765625,8725046,ICICIBANK.NS
2024-08-02,1167.8504929230744,1172.3872793090957,1161.118498843589,1167.4114990234375,10735395,ICICIBANK.NS
2024-08-05,1153.215791605589,1159.9477857822058,1138.5810734380054,1144.044677734375,14306771,ICICIBANK.NS
2024-08-06,1146.386123413575,1158.7768023850367,1133.2148785913764,1138.4345703125,13575619,ICICIBANK.NS
2024-08-07,1150.240026683853,1151.069422664435,1133.312559694185,1143.8983154296875,15753644,ICICIBANK.NS
2024-08-08,1138.5322506611303,1145.8008988559393,1130.6783566530576,1136.239501953125,10806438,ICICIBANK.NS
2024-08-09,1147.8984979263976,1152.1912530849595,1140.5323091971482,1143.0689697265625,8687307,ICICIBANK.NS
2024-08-12,1152.3189994398172,1159.4533399572713,1137.5582949209468,1154.09033203125,10860455,ICICIBANK.NS
2024-08-13,1164.3243778306348,1170.2779103089574,1145.0370803987933,1149.7113037109375,13117927,ICICIBANK.NS
2024-08-14,1148.3827912230431,1151.3841824712083,1134.6061339161688,1143.1181640625,13431801,ICICIBANK.NS
2024-08-16,1151.335003504027,1173.968084769491,1147.0544230284052,1168.309814453125,10961370,ICICIBANK.NS
2024-08-19,1171.9999545311712,1176.67417769156,1154.58237101426,1157.140869140625,6686394,ICICIBANK.NS
2024-08-20,1155.4679086606573,1170.8191375512558,1151.3349594196018,1160.6341552734375,10427061,ICICIBANK.NS
2024-08-21,1158.223268928432,1159.846970432822,1146.513086110094,1156.1075439453125,17234142,ICICIBANK.NS
2024-08-22,1163.143584759648,1173.5744592109102,1157.829706794536,1172.098388671875,8564142,ICICIBANK.NS
2024-08-23,1173.968043848346,1185.7766075752363,1169.589082848793,1184.300537109375,7518309,ICICIBANK.NS
2024-08-26,1186.3179712864371,1195.5679174745428,1181.889759553562,1193.9443359375,10920226,ICICIBANK.NS
2024-08-27,1193.9442695051366,1212.8379237983015,1189.6144386937667,1206.7860107421875,16295325,ICICIBANK.NS
2024-08-28,1203.1449974027116,1206.8351733730776,1197.8803703762394,1204.3258056640625,12291305,ICICIBANK.NS
2024-08-29,1199.504093644897,1215.2980967161698,1197.5852499624118,1202.4071044921875,10806748,ICICIBANK.NS
2024-08-30,1210.3778618547738,1215.8393709879244,1199.454963711402,1209.590576171875,21211148,ICICIBANK.NS
2024-09-02,1219.2341641068904,1219.4309254466025,1202.997389524353,1210.3284912109375,12516759,ICICIBANK.NS
2024-09-03,1207.6224463883482,1230.9935629487222,1200.930998773239,1227.79541015625,19114907,ICICIBANK.NS
2024-09-04,1220.070629288316,1223.859186152754,1213.1331701237295,1216.62646484375,13505843,ICICIBANK.NS
2024-09-05,1218.2502546691317,1224.9909529744998,1211.65718744667,1216.23291015625,9142811,ICICIBANK.NS
2024-09-06,1206.3923063523205,1214.21555165295,1185.7765708665058,1188.8763427734375,10170479,ICICIBANK.NS
2024-09-09,1183.7102097098402,1218.545498987779,1181.2992223854972,1215.298095703125,13863250,ICICIBANK.NS
2024-09-10,1217.216888818786,1221.5467196441462,1207.4256692162026,1217.5614013671875,15545130,ICICIBANK.NS
2024-09-11,1211.8538609951502,1219.5294755207808,1206.83524540051,1216.62646484375,11993242,ICICIBANK.NS
2024-09-12,1218.2501498155564,1236.9470422602217,1206.78597858148,1232.1744384765625,15376442,ICICIBANK.NS
2024-09-13,1232.0267776590283,1235.9137150505585,1222.2355585854264,1230.403076171875,9877288,ICICIBANK.NS
2024-09-16,1231.042802375231,1245.4098646133789,1224.8432581989914,1242.7037353515625,8973335,ICICIBANK.NS
2024-09-17,1239.849987924078,1251.9538142521255,1238.3247871252927,1247.8699951171875,11513121,ICICIBANK.NS
2024-09-18,1241.8672616672682,1274.6852037097235,1241.8672616672682,1267.796875,12466597,ICICIBANK.NS
2024-09-19,1267.7968764476732,1279.2610475522447,1264.8447355687065,1271.388671875,13172268,ICICIBANK.NS
2024-09-20,1274.340862241716,1340.616403523679,1270.9459481482345,1317.09765625,73257767,ICICIBANK.NS
2024-09-23,1309.7665713516617,1310.5538570094582,1287.6255136090529,1300.811767578125,11380409,ICICIBANK.NS
2024-09-24,1299.9260678444705,1310.1601805182468,1294.4645590257803,1297.5643310546875,13886037,ICICIBANK.NS
2024-09-25,1289.8395992053097,1306.568398126912,1289.1999446337225,1302.7305908203125,8728019,ICICIBANK.NS
2024-09-26,1298.9421044790677,1312.0791085565995,1295.891582652226,1307.8477783203125,11100869,ICICIBANK.NS
2024-09-27,1311.7346011418329,1311.7346011418329,1283.0496081575457,1285.7557373046875,17117379,ICICIBANK.NS
2024-09-30,1271.4870452580378,1276.1121380156592,1250.62529788209,1252.6917724609375,12622212,ICICIBANK.NS
2024-10-01,1249.542866059136,1259.826108644875,1247.3778906938255,1254.0694580078125,10972413,ICICIBANK.NS
2024-10-03,1233.6012439093363,1245.5574384870451,1228.2382360313827,1236.307373046875,17648551,ICICIBANK.NS
2024-10-04,1227.2048887996382,1244.2289485494368,1216.4787533567371,1219.97216796875,13488887,ICICIBANK.NS
2024-10-07,1221.7435594913184,1242.8020684792546,1205.4575341441214,1214.215576171875,20667247,ICICIBANK.NS
2024-10-08,1221.202267135771,1227.8938344569156,1210.1317389284563,1216.8724365234375,12219259,ICICIBANK.NS
2024-10-09,1223.2196963259646,1244.9178610443755,1212.9855832928288,1224.3021240234375,14765997,ICICIBANK.NS
2024-10-10,1226.8605060278292,1234.683631046977,1218.2500954180489,1223.662353515625,9118195,ICICIBANK.NS
2024-10-11,1217.2660367252977,1221.005463060281,1202.505332965492,1203.4893798828125,8472512,ICICIBANK.NS
2024-10-14,1201.5213486036762,1218.1517663968125,1197.9788035414683,1212.099853515625,11833929,ICICIBANK.NS
2024-10-15,1219.185042634826,1238.2264491207852,1215.6917476865672,1235.4710693359375,11657338,ICICIBANK.NS
2024-10-16,1228.5826203359522,1234.9296751311315,1221.7926723383464,1223.3179931640625,7869727,ICICIBANK.NS
2024-10-17,1229.517394244417,1236.897746253062,1204.8670906092916,1211.6077880859375,8459497,ICICIBANK.NS
2024-10-18,1208.3604278039818,1248.6572232672752,1205.7035490362575,1244.327392578125,11018126,ICICIBANK.NS
2024-10-21,1244.3274858742436,1252.0522311372122,1230.6000776735575,1238.9644775390625,7742775,ICICIBANK.NS
2024-10-22,1246.3938747133964,1264.4019824079978,1239.653176958133,1247.279541015625,20090801,ICICIBANK.NS
2024-10-23,1240.8832443668052,1247.7223228428932,1223.2196490881518,1231.6331787109375,14055447,ICICIBANK.NS
2024-10-24,1230.3047750515273,1240.3420065108755,1221.251590602818,1232.764892578125,12223031,ICICIBANK.NS
2024-10-25,1227.3526156126327,1248.657257098042,1214.5107542672154,1235.4217529296875,13546055,ICICIBANK.NS
2024-10-28,1264.9924978474703,1286.9367953731105,1260.1706432204314,1272.2252197265625,24096412,ICICIBANK.NS
2024-10-29,1280.5895925975442,1314.047191986757,1278.5231178363258,1310.60302734375,20656117,ICICIBANK.NS
2024-10-30,1302.878217992093,1309.6681662645217,1284.771729306591,1291.21728515625,15055031,ICICIBANK.NS
2024-10-31,1286.3954709717789,1297.9087730930953,1267.9938396886323,1271.634765625,23497314,ICICIBANK.NS
2024-11-01,1269.371433475953,1275.5217274869858,1265.7305074705932,1271.1920166015625,1007022,ICICIBANK.NS
2024-11-04,1269.5190599185414,1271.1920119571882,1249.7889888769903,1256.8248291015625,14309121,ICICIBANK.NS
2024-11-05,1252.6918064806564,1280.540384084737,1242.9497173467564,1276.013671875,16431920,ICICIBANK.NS
2024-11-06,1279.507133687592,1294.0218271864514,1272.077530661039,1281.5736083984375,12037405,ICICIBANK.NS
2024-11-07,1276.4566433011378,1282.0165331075627,1254.905989077919,1258.3009033203125,9909035,ICICIBANK.NS
2024-11-08,1249.739603368689,1254.6598380276207,1232.715543399618,1238.7674560546875,11195808,ICICIBANK.NS
2024-11-11,1241.8673121816607,1255.545589486218,1226.7622147783625,1249.0509033203125,8387780,ICICIBANK.NS
2024-11-12,1255.7917095575829,1274.340973055855,1244.3275370109104,1250.3302001953125,13486168,ICICIBANK.NS
2024-11-13,1250.330125776151,1255.8900154912558,1230.0587810883994,1233.69970703125,12260404,ICICIBANK.NS
2024-11-14,1233.7489248013048,1247.476332386016,1223.2196699628385,1236.8978271484375,9506892,ICICIBANK.NS
2024-11-18,1239.8991689148563,1242.4576669848584,1229.468295169204,1233.45361328125,6195554,ICICIBANK.NS
2024-11-19,1236.996341503432,1240.8832791422965,1221.054707873685,1229.173095703125,11537317,ICICIBANK.NS
2024-11-21,1228.6320035382903,1236.8487724561849,1212.8872505946151,1230.60009765625,9593870,ICICIBANK.NS
2024-11-22,1237.931065448711,1260.9577881469831,1235.962971544977,1257.6612548828125,11604338,ICICIBANK.NS
2024-11-25,1275.3249381508515,1290.2824048083885,1269.420656029783,1280.1959228515625,22717581,ICICIBANK.NS
2024-11-26,1289.691969633128,1293.2837651950626,1281.6719625867895,1284.132080078125,7646955,ICICIBANK.NS
2024-11-27,1277.7849738450243,1289.9379297411074,1277.1453192983,1279.9498291015625,21938082,ICICIBANK.NS
2024-11-28,1280.2944206584275,1289.5936169281972,1261.8435390732282,1265.828857421875,22803745,ICICIBANK.NS
2024-11-29,1262.6306978559342,1282.4592691846208,1262.6306978559342,1279.3594970703125,11397228,ICICIBANK.NS
2024-12-02,1279.1628125421837,1289.6429378804962,1268.5843065212864,1283.8370361328125,9626400,ICICIBANK.NS
2024-12-03,1283.1480184509742,1291.8569303693412,1275.4232736408442,1287.527099609375,11509276,ICICIBANK.NS
2024-12-04,1281.819549984778,1298.9419911656362,1280.93388369349,1295.0550537109375,11570281,ICICIBANK.NS
2024-12-05,1295.2517607717805,1321.4766352613722,1287.723777795703,1315.1787109375,19210697,ICICIBANK.NS
2024-12-06,1321.0831368877882,1325.6097291981623,1305.5351457750585,1307.552490234375,8942672,ICICIBANK.NS
2024-12-09,1301.0085628548916,1307.8477618319184,1299.1880998620604,1301.2054443359375,8000764,ICICIBANK.NS
2024-12-10,1297.9580511909023,1310.750662764429,1294.267874775462,1309.225341796875,8218214,ICICIBANK.NS
2024-12-11,1303.567008056277,1310.01256393174,1295.005847236935,1306.3223876953125,8138066,ICICIBANK.NS
2024-12-12,1300.467319981326,1317.392879799611,1300.467319981326,1308.04443359375,9076896,ICICIBANK.NS
2024-12-13,1304.206657466483,1325.658929951843,1292.5457246301107,1323.44482421875,13536684,ICICIBANK.NS
2024-12-16,1323.4448020295467,1328.9061906725217,1318.672198220594,1324.6256103515625,9071006,ICICIBANK.NS
2024-12-17,1320.5911666398197,1326.593829736323,1304.8956639379458,1312.4727783203125,9879257,ICICIBANK.NS
2024-12-18,1304.108322781897,1313.6535308964567,1286.5922376487658,1293.1854248046875,8510595,ICICIBANK.NS
2024-12-19,1265.4844508567164,1282.213249973796,1263.9591299468714,1266.3701171875,11517304,ICICIBANK.NS
2024-12-20,1263.4669884903512,1277.0468839667883,1252.1013186956227,1267.8460693359375,58491181,ICICIBANK.NS
2024-12-23,1273.9964575675249,1286.149413849784,1266.5177244802055,1276.1121826171875,6827512,ICICIBANK.NS
2024-12-24,1276.11215855336,1283.6892721720526,1269.6666028516604,1276.554931640625,7138516,ICICIBANK.NS
2024-12-26,1286.149520633962,1291.8077912870956,1268.633434736828,1276.6534423828125,7338444,ICICIBANK.NS
2024-12-27,1277.834251028224,1294.9565723430285,1277.834251028224,1286.690673828125,4756066,ICICIBANK.NS
2024-12-30,1284.1320718868317,1305.3383325760412,1268.8793435378464,1273.9964599609375,14207425,ICICIBANK.NS
