Date,Open,High,Low,Close,Volume,Ticker
2018-01-01,1078.194406797036,1083.2189863890362,1059.1813779936433,1063.4422607421875,1351760,TCS.NS
2018-01-02,1069.230828971194,1073.0897464054783,1053.2325435570622,1057.6541748046875,1920290,TCS.NS
2018-01-03,1057.9755223720406,1072.848278575599,1057.6539296376716,1060.6485595703125,1257120,TCS.NS
2018-01-04,1065.2110625073851,1070.0346597715693,1061.1913981205646,1068.0650634765625,913082,TCS.NS
2018-01-05,1065.2111949899422,1085.108536179377,1065.2111949899422,1080.96826171875,1153706,TCS.NS
2018-01-08,1085.309014549321,1096.1018490040833,1078.0133654282613,1091.0972900390625,1242220,TCS.NS
2018-01-09,1091.3386780663843,1093.7504762499568,1075.8830910005904,1088.9268798828125,2149396,TCS.NS
2018-01-10,1089.7310264309665,1131.9375029249727,1083.1588358366498,1128.1590576171875,3365850,TCS.NS
2018-01-11,1129.5256007757905,1134.308961752302,1118.3509150625578,1121.687255859375,2520744,TCS.NS
2018-01-12,1127.5158104209224,1127.5158104209224,1101.6090942258616,1115.99951171875,3360314,TCS.NS
2018-01-15,1116.3209439806606,1128.721646624928,1099.398217491051,1103.8399658203125,1457214,TCS.NS
2018-01-16,1107.8194894923236,1150.2872038897715,1105.6287920594552,1145.946044921875,4267752,TCS.NS
2018-01-17,1153.64349899042,1175.7516496679368,1150.4880236846457,1161.2607421875,4280806,TCS.NS
2018-01-18,1164.4966426271278,1178.9674328013,1152.8597351559963,1173.018310546875,2209478,TCS.NS
2018-01-19,1177.9830132484967,1198.6641712233177,1167.1700549012537,1189.53955078125,1820000,TCS.NS
2018-01-22,1193.0445565272053,1263.031649136002,1177.3306971200586,1255.658203125,4367110,TCS.NS
2018-01-23,1255.0738660764937,1266.1139175438598,1245.041211558966,1249.8560791015625,3239610,TCS.NS
2018-01-24,1245.0213663415095,1313.1349335816687,1242.0598684040574,1279.1083984375,5621538,TCS.NS
2018-01-25,1279.2695949434835,1281.20362849311,1241.3951565420073,1257.5321044921875,3833844,TCS.NS
2018-01-29,1261.7019109839762,1299.4152103913077,1257.914507547802,1288.87890625,3141060,TCS.NS
2018-01-30,1281.284074258828,1290.8735785135636,1266.6580760015029,1270.3448486328125,1574758,TCS.NS
2018-01-31,1263.9582921052454,1269.196244861818,1248.4862248488175,1254.0263671875,3043214,TCS.NS
2018-02-01,1258.7207285231943,1285.3134199708677,1244.537979424909,1264.6033935546875,2400630,TCS.NS
2018-02-02,1257.1087908897723,1285.3131547879402,1250.4404537514738,1270.6669921875,2456490,TCS.NS
2018-02-05,1253.079593841633,1284.5073135585612,1239.722852309544,1250.3397216796875,2757742,TCS.NS
2018-02-06,1212.7878590856724,1239.843867823642,1202.7148702228346,1207.650634765625,2657306,TCS.NS
2018-02-07,1219.6372534107852,1221.248931314202,1187.5849894327778,1190.647216796875,2180324,TCS.NS
2018-02-08,1200.5991374859293,1219.878871012135,1192.2385595505882,1198.3629150390625,2755004,TCS.NS
2018-02-09,1188.6125016564542,1206.3409593082797,1167.1167074060097,1197.3558349609375,2102458,TCS.NS
2018-02-12,1200.0149996257692,1218.1665402500576,1190.8485822756345,1195.5828857421875,1974562,TCS.NS
2018-02-14,1196.6710900629705,1198.4640624264634,1165.4448242448289,1173.22119140625,2847532,TCS.NS
2018-02-15,1181.3395854022488,1185.7918647107938,1170.5212578903547,1178.8818359375,2465236,TCS.NS
2018-02-16,1177.7337203308236,1208.5973939505293,1177.7337203308236,1181.7830810546875,2515756,TCS.NS
2018-02-19,1186.5979016316069,1189.9421530825043,1166.5324912952383,1177.9754638671875,1568224,TCS.NS
2018-02-20,1179.7482907876304,1202.7348678348749,1179.7079594902011,1186.4971923828125,1889068,TCS.NS
2018-02-21,1198.2825807115348,1233.9812873930496,1192.6618734179792,1225.802001953125,3089228,TCS.NS
2018-02-22,1229.7102600935727,1240.5890861166808,1217.824135364621,1228.9849853515625,3463010,TCS.NS
2018-02-23,1228.904340977088,1244.6181997633523,1205.5753438189292,1239.2996826171875,3362500,TCS.NS
2018-02-26,1238.9776871877025,1245.0013151312794,1217.3005944827737,1221.53125,1363882,TCS.NS
2018-02-27,1225.2779188660468,1240.407562299603,1221.6516441965978,1225.8218994140625,1717800,TCS.NS
2018-02-28,1222.8608157943106,1234.5253169169612,1217.4012363004017,1222.8809814453125,2706864,TCS.NS
2018-03-01,1228.501618656308,1233.417217135211,1216.8169525556084,1223.9486083984375,1718124,TCS.NS
2018-03-05,1228.5013397332812,1254.5500414856335,1222.0344632202814,1251.4073486328125,2858168,TCS.NS
2018-03-06,1257.9146212294022,1259.9292186368805,1220.9064275064218,1226.00341796875,1906764,TCS.NS
2018-03-07,1236.9623525303748,1244.6178198587388,1216.212006877178,1219.818115234375,1917772,TCS.NS
2018-03-08,1230.8789520950495,1230.8789520950495,1203.7222124897569,1210.3502197265625,1951826,TCS.NS
2018-03-09,1210.772929632689,1234.222821607681,1199.5717494118703,1222.4979248046875,1872436,TCS.NS
2018-03-12,1226.0839560533263,1242.5633231475815,1223.0620600065304,1229.7706298828125,2091340,TCS.NS
2018-03-13,1178.499369413964,1184.462598513621,1157.1849642597176,1163.148193359375,88067154,TCS.NS
2018-03-14,1165.6259150019807,1177.753830957804,1158.4136955028405,1163.188232421875,3668668,TCS.NS
2018-03-15,1166.4521858443015,1169.494248351658,1150.5771937161774,1156.25830078125,2348906,TCS.NS
2018-03-16,1155.8956576029807,1157.18498052586,1130.189369907743,1138.52978515625,7197482,TCS.NS
2018-03-19,1139.8594440768777,1147.5149157762276,1136.2331680087646,1140.665283203125,3489940,TCS.NS
2018-03-20,1136.232976372257,1157.6682738413629,1135.8300568770896,1154.303955078125,4024984,TCS.NS
2018-03-21,1157.386142593508,1162.1406118696084,1148.3204547925145,1151.0401611328125,3907678,TCS.NS
2018-03-22,1152.3295908877024,1158.776302812381,1137.2604411113734,1140.80615234375,2326094,TCS.NS
2018-03-23,1128.9805596257934,1141.9143163053066,1127.3890471045522,1135.4876708984375,3654122,TCS.NS
2018-03-26,1135.830008878156,1139.214493146931,1120.7406940955957,1135.024169921875,2964210,TCS.NS
2018-03-27,1138.2475461839192,1153.5584866281629,1137.461872861241,1147.393798828125,2494574,TCS.NS
2018-03-28,1142.6392225904517,1158.3934123459592,1138.247439957334,1147.9779052734375,6865654,TCS.NS
2018-04-02,1144.2913120957455,1174.107353326409,1144.2913120957455,1172.3546142578125,1662988,TCS.NS
2018-04-03,1165.2836418694824,1180.5139217978642,1165.2836418694824,1172.99951171875,1937290,TCS.NS
2018-04-04,1180.332452403802,1182.1657557137664,1165.243137533815,1172.8582763671875,2841820,TCS.NS
2018-04-05,1179.1641620910016,1194.152748830181,1176.6660806959758,1191.8157958984375,1809424,TCS.NS
2018-04-06,1190.2239364391978,1192.6414528977743,1179.1638183150094,1188.733154296875,1129018,TCS.NS
2018-04-09,1184.4624613950473,1194.0519653867882,1174.5103691926734,1178.0963134765625,1235866,TCS.NS
2018-04-10,1178.8214104802578,1191.533538750757,1178.8214104802578,1183.6162109375,1184532,TCS.NS
2018-04-11,1188.854142925469,1218.8313100125563,1186.8395457188367,1214.4595947265625,3124416,TCS.NS
2018-04-12,1212.7876469237776,1269.196374687674,1211.9616423077175,1264.864990234375,6114360,TCS.NS
2018-04-13,1269.1965909195608,1305.781705976064,1261.9843702743287,1270.5262451171875,8179118,TCS.NS
2018-04-16,1255.4969508940069,1289.3220175576748,1253.3816238746892,1284.3660888671875,6270274,TCS.NS
2018-04-17,1284.3663870886262,1287.3077193008166,1268.0683119435691,1275.885009765625,3301724,TCS.NS
2018-04-18,1275.642897649508,1286.7030161754803,1267.5241105954535,1272.86279296875,2433066,TCS.NS
2018-04-19,1281.243645002039,1296.2725616305397,1275.5423735746062,1285.7764892578125,4820952,TCS.NS
2018-04-20,1309.4881599921357,1378.9313637627042,1305.4589656536984,1370.9132080078125,18465662,TCS.NS
2018-04-23,1379.596597867185,1433.547488558828,1365.716038453222,1373.4117431640625,15185910,TCS.NS
2018-04-24,1373.955538664091,1387.312281165959,1346.7584715497726,1364.1444091796875,8314336,TCS.NS
2018-04-25,1363.882556698455,1403.3686691228118,1355.8443320573008,1398.2314453125,8196574,TCS.NS
2018-04-26,1396.921783531336,1434.3932937327822,1396.921783531336,1426.03271484375,12135034,TCS.NS
2018-04-27,1420.291073843213,1427.9465434610916,1377.9845312180962,1390.8577880859375,4501330,TCS.NS
2018-04-30,1390.8580405228486,1429.9614002630176,1385.0762043360994,1423.152099609375,3458558,TCS.NS
2018-05-02,1422.5069592024429,1423.1919025170716,1398.6541501027582,1410.1171875,3158046,TCS.NS
2018-05-03,1414.166730521867,1420.6940060545555,1398.2916448871472,1402.9051513671875,3761550,TCS.NS
2018-05-04,1406.9947579993536,1409.0093553046215,1398.130529856173,1402.4619140625,2347244,TCS.NS
2018-05-07,1406.189042542965,1406.189042542965,1374.3180710276931,1378.367431640625,3484426,TCS.NS
2018-05-08,1383.9072689690004,1404.7785139468135,1368.5963314872913,1386.5262451171875,2992820,TCS.NS
2018-05-09,1386.1235963081754,1408.1028739471597,1386.1235963081754,1405.906982421875,2615050,TCS.NS
2018-05-10,1411.4069701598287,1414.710890684038,1386.123769254289,1390.5760498046875,3858678,TCS.NS
2018-05-11,1391.7644079854076,1404.1743472851444,1387.0502698792282,1392.8724365234375,2627876,TCS.NS
2018-05-14,1392.892656092537,1398.5335288681504,1374.2777956068155,1383.4442138671875,2433894,TCS.NS
2018-05-15,1390.072641372527,1408.526379010064,1383.5050321177405,1403.127197265625,1952890,TCS.NS
2018-05-16,1402.1395471451533,1413.8443770651052,1400.2458453677705,1407.76025390625,1648450,TCS.NS
2018-05-17,1415.4361373875945,1423.5750921861388,1400.5482804894532,1406.9144287109375,2968048,TCS.NS
2018-05-18,1402.4825144625397,1417.3502078366269,1393.2959282289803,1411.0445556640625,1874996,TCS.NS
2018-05-21,1421.7821934178012,1447.28702055291,1417.4911395669478,1433.0841064453125,3446178,TCS.NS
2018-05-22,1433.5875860865517,1440.4170519619795,1407.6798424708238,1413.80419921875,1857416,TCS.NS
2018-05-23,1420.2913956690204,1428.3497865664333,1402.562935694712,1408.244140625,1507298,TCS.NS
2018-05-24,1414.247320343709,1456.5538641146743,1411.1650257879994,1452.0008544921875,2962316,TCS.NS
2018-05-25,1460.5832436932326,1480.648655239016,1439.450134778979,1444.788818359375,3769772,TCS.NS
2018-05-28,1457.1586826026914,1457.1586826026914,1404.5776766356926,1411.0445556640625,3716798,TCS.NS
2018-05-29,1422.2655351578603,1427.9467395811162,1405.3832470820917,1419.6868896484375,3525312,TCS.NS
2018-05-30,1413.8648947612924,1423.5147985021836,1403.1673608219232,1415.899658203125,3779106,TCS.NS
2018-05-31,1408.952063994696,1429.306341964451,1402.5329430582474,1414.6805419921875,5049371,TCS.NS
2018-06-01,1425.2028763626297,1428.0467817601605,1394.5699921842447,1407.6925048828125,1603856,TCS.NS
2018-06-04,1417.8899258557135,1421.1401033361851,1391.5634684263848,1417.280517578125,1681483,TCS.NS
2018-06-05,1417.077850810875,1423.4969732982793,1390.385779249803,1398.8768310546875,2449568,TCS.NS
2018-06-06,1400.0139161217269,1409.6832137316374,1393.676030511858,1402.2484130859375,2236512,TCS.NS
2018-06-07,1401.6395282869305,1421.1405999848355,1400.6645143770672,1410.2119140625,2414762,TCS.NS
2018-06-08,1409.7646672153344,1427.884448722578,1409.7646672153344,1419.596435546875,2582138,TCS.NS
2018-06-11,1419.596388642682,1432.515865234148,1416.2649762354622,1421.708984375,2179378,TCS.NS
2018-06-12,1427.640415198076,1450.3916568745394,1424.3902378157245,1447.1414794921875,4608875,TCS.NS
2018-06-13,1475.5803985363875,1488.2967362357306,1460.9546016345953,1482.1619873046875,5370983,TCS.NS
2018-06-14,1486.9562143487842,1488.8251060964817,1449.579172895208,1452.4637451171875,3819998,TCS.NS
2018-06-15,1462.580230852565,1500.8510603890263,1453.317202886318,1495.1226806640625,9183574,TCS.NS
2018-06-18,1517.7924901457711,1517.7924901457711,1480.5780107971016,1486.1439208984375,4674987,TCS.NS
2018-06-19,1480.5779670377028,1494.2693219005848,1479.643521033695,1482.4874267578125,3245034,TCS.NS
2018-06-20,1488.5811266411288,1492.0751067334772,1477.6930134100678,1480.8212890625,3107695,TCS.NS
2018-06-21,1488.5815644873917,1488.5815644873917,1476.8809035316372,1478.3028564453125,2910659,TCS.NS
2018-06-22,1484.5186934578328,1484.5186934578328,1462.214388231148,1470.54296875,2949458,TCS.NS
2018-06-25,1472.249375476694,1480.7404256887664,1467.4553431670415,1478.2215576171875,2083217,TCS.NS
2018-06-26,1481.2687273787628,1512.145420544091,1479.6436382647985,1504.83251953125,4679712,TCS.NS
2018-06-27,1511.3328527608653,1531.76836789243,1504.2230879965332,1509.707763671875,4081208,TCS.NS
2018-06-28,1515.3955394220145,1520.27080657297,1483.9501059733768,1497.2757568359375,4888125,TCS.NS
2018-06-29,1499.0634183252218,1517.3456701903492,1496.9508223916532,1501.379150390625,3506276,TCS.NS
2018-07-02,1504.8324950800325,1509.5452931089817,1495.9757397153203,1504.3043212890625,2650290,TCS.NS
2018-07-03,1511.291824608046,1527.5021439084408,1508.9355253422998,1522.748779296875,3242233,TCS.NS
2018-07-04,1527.50219711946,1527.50219711946,1509.0168125068933,1516.3297119140625,2700614,TCS.NS
2018-07-05,1521.8957783266026,1533.6776730333488,1513.039023847468,1527.827392578125,2472571,TCS.NS
2018-07-06,1529.899244272381,1560.897833791912,1528.9242306415454,1554.3568115234375,3713781,TCS.NS
2018-07-09,1563.335438846339,1563.6604764466028,1524.7395795193113,1530.0211181640625,6151747,TCS.NS
2018-07-10,1542.2095853092208,1542.94089525568,1520.0677458994862,1523.602294921875,5303302,TCS.NS
2018-07-11,1543.834277853829,1623.4636248168158,1539.0809132042614,1608.756591796875,22903802,TCS.NS
2018-07-12,1612.088278011324,1617.6948548640974,1592.9934823796375,1601.8095703125,6921701,TCS.NS
2018-07-13,1604.7753101498529,1623.382598140494,1603.9627656890175,1609.7318115234375,4148185,TCS.NS
2018-07-16,1616.9634297168438,1621.8386963391056,1606.765957356925,1616.3133544921875,2582159,TCS.NS
2018-07-17,1619.4071399562956,1635.6907713284052,1612.8936874074518,1630.1136474609375,3315492,TCS.NS
2018-07-18,1632.4343798455857,1637.8893577190297,1622.7049478603265,1628.5670166015625,2013869,TCS.NS
2018-07-19,1630.0730022079797,1636.871398860349,1603.9377920725024,1613.219482421875,1746318,TCS.NS
2018-07-20,1616.06944975605,1628.3635748688246,1615.336666269874,1625.5953369140625,1934995,TCS.NS
2018-07-23,1629.1772927249892,1636.4641778925136,1616.964569391219,1632.9632568359375,2086201,TCS.NS
2018-07-24,1640.5759782967657,1640.5759782967657,1615.4584949829537,1627.549072265625,2038423,TCS.NS
2018-07-25,1629.910351812629,1629.991750104482,1602.6352650851063,1613.301025390625,1535492,TCS.NS
2018-07-26,1607.9682881613,1616.150854914705,1591.806799489638,1599.6229248046875,3503036,TCS.NS
2018-07-27,1596.488160971844,1599.5820911759656,1579.756786727936,1582.565673828125,2033977,TCS.NS
2018-07-30,1581.9552635462674,1591.4811510087388,1572.6329215371602,1583.2579345703125,1579251,TCS.NS
2018-07-31,1581.1408597822162,1585.211768278051,1569.742315993879,1579.67529296875,2204803,TCS.NS
2018-08-01,1587.6137798797652,1613.342004573152,1587.4917321182672,1609.2303466796875,2425180,TCS.NS
2018-08-02,1612.0796830181614,1616.1505913086114,1583.5833249850125,1586.3515625,1509287,TCS.NS
2018-08-03,1592.946527380271,1613.7489099793806,1592.946527380271,1611.6319580078125,1505131,TCS.NS
2018-08-06,1625.9208224000113,1627.5084369283113,1605.769825727803,1608.4566650390625,1532249,TCS.NS
2018-08-07,1610.6143700829784,1611.3879024125044,1596.2033922188343,1601.780517578125,1353521,TCS.NS
2018-08-08,1605.5665826150107,1610.6959679432464,1597.4247642447522,1607.1949462890625,1315062,TCS.NS
2018-08-09,1612.0798831448865,1612.7312683071864,1600.6813385165892,1607.479736328125,2060297,TCS.NS
2018-08-10,1612.8533987803814,1625.5139655396808,1605.607260262122,1622.7457275390625,2784105,TCS.NS
2018-08-13,1626.5721666016502,1631.8235985746676,1620.2215098733134,1628.4854736328125,3559575,TCS.NS
2018-08-14,1621.849581693432,1648.3918792673624,1614.0334590085326,1631.25341796875,3311765,TCS.NS
2018-08-16,1628.6074422542986,1644.6875283410666,1624.292240157067,1635.28369140625,2152065,TCS.NS
2018-08-17,1639.639598438931,1646.193800086509,1631.619929540973,1638.7440185546875,1213731,TCS.NS
2018-08-20,1647.90377024459,1647.90377024459,1631.375841884898,1636.4644775390625,1587032,TCS.NS
2018-08-21,1636.6272801415007,1647.9036762303183,1631.6200430659871,1642.733642578125,1376866,TCS.NS
2018-08-23,1646.9267868057332,1659.3023089230094,1644.8913325504302,1656.941162109375,3046791,TCS.NS
2018-08-24,1656.9411138085702,1665.8157139804746,1653.6029888046646,1663.3731689453125,1570533,TCS.NS
2018-08-27,1663.3730982350307,1676.400004535452,1656.8596450848202,1669.8050537109375,1532702,TCS.NS
2018-08-28,1673.1430079820016,1686.9840936928017,1670.7004634448017,1684.704345703125,1987983,TCS.NS
2018-08-29,1687.3915879238525,1690.729812432814,1665.4900801259105,1686.9844970703125,1525867,TCS.NS
2018-08-30,1683.727888471905,1697.568978464179,1681.6924340612768,1695.4520263671875,2408020,TCS.NS
2018-08-31,1695.370618370859,1703.2681412209804,1688.6128704074154,1692.1951904296875,2504554,TCS.NS
2018-09-03,1697.405862263565,1701.639566885544,1667.7695323601,1671.433349609375,1439711,TCS.NS
2018-09-04,1677.0515993401025,1713.649029049816,1674.7311018552086,1708.885986328125,4420803,TCS.NS
2018-09-05,1709.7815996697277,1715.684417097159,1689.4678056571895,1692.8873291015625,1681106,TCS.NS
2018-09-06,1689.4269703917298,1694.7191512628362,1677.4585395612685,1689.6712646484375,2238097,TCS.NS
2018-09-07,1692.9277707350925,1696.754384342133,1681.6105276974913,1693.3756103515625,1312182,TCS.NS
2018-09-10,1697.0798372587562,1704.407470750849,1688.815974552586,1694.108154296875,1530539,TCS.NS
2018-09-11,1700.8255544393328,1700.8255544393328,1662.7218115020978,1666.019287109375,3679745,TCS.NS
2018-09-12,1670.9854841118367,1684.4600289418245,1660.9302630584093,1664.146240234375,2307661,TCS.NS
2018-09-14,1664.1873097933565,1686.6180542375605,1643.1407338008978,1681.6107177734375,3642038,TCS.NS
2018-09-17,1685.3559669706551,1691.706623412753,1672.7769005953292,1688.7347412109375,1033857,TCS.NS
2018-09-18,1687.7988279481506,1692.5211220215474,1675.260508060887,1685.9669189453125,1456507,TCS.NS
2018-09-19,1686.902508834364,1700.8250914866485,1682.791051429095,1691.78759765625,1301268,TCS.NS
2018-09-21,1691.0552985535323,1726.8792913972277,1669.1944415923954,1712.3460693359375,4508530,TCS.NS
2018-09-24,1721.9944374981883,1799.748796259927,1708.275395211965,1789.9378662109375,3032226,TCS.NS
2018-09-25,1795.189187874715,1800.8884598923537,1753.584621410849,1777.521484375,2868778,TCS.NS
2018-09-26,1780.61537179377,1790.3855521602654,1738.3594212186092,1744.0992431640625,1970951,TCS.NS
2018-09-27,1743.8954751365973,1799.0970269159443,1738.9290866824708,1782.1214599609375,3311802,TCS.NS
2018-09-28,1773.2877928007752,1783.0579734773632,1757.69629231432,1777.9285888671875,2904371,TCS.NS
2018-10-01,1783.7906450136566,1853.0368398285216,1783.3430040889857,1836.4276123046875,3772208,TCS.NS
2018-10-03,1832.153027191292,1835.9796412340213,1755.0500638310173,1760.952880859375,3902322,TCS.NS
2018-10-04,1755.8643573435654,1755.9049074092477,1674.2426408208808,1681.1224365234375,4762419,TCS.NS
2018-10-05,1669.072499545426,1726.065219042099,1645.3798317464348,1711.9390869140625,3417624,TCS.NS
2018-10-08,1711.939261637663,1727.856555390891,1667.5663540721891,1691.50341796875,2010154,TCS.NS
2018-10-09,1693.7828844204707,1716.0098845680918,1671.6777332362772,1703.105224609375,1867130,TCS.NS
2018-10-10,1709.7815618752118,1714.625903212226,1651.974661449907,1663.8616943359375,2749573,TCS.NS
2018-10-11,1616.150597573945,1638.9476840888424,1580.3266044791071,1612.0389404296875,4700256,TCS.NS
2018-10-12,1610.4514580411708,1610.4514580411708,1549.387828439003,1561.8448486328125,9373289,TCS.NS
2018-10-15,1579.512587863074,1592.1731537733365,1563.2289529366506,1587.247314453125,2638151,TCS.NS
2018-10-16,1594.1676803008268,1605.4848251814656,1575.441502238049,1597.668701171875,2815425,TCS.NS
2018-10-17,1603.938208785532,1619.4076635910776,1563.2291171919906,1570.8824462890625,2779207,TCS.NS
2018-10-19,1570.5566164573909,1570.5566164573909,1522.5606414170445,1557.6925048828125,3428776,TCS.NS
2018-10-22,1558.343816327222,1559.97217977166,1536.32016098623,1549.3878173828125,1778496,TCS.NS
2018-10-23,1540.4130274277982,1548.5719947340897,1498.8022941657125,1504.22802734375,2752811,TCS.NS
2018-10-24,1511.0816540388053,1528.990548317259,1477.6706215200195,1508.1851806640625,2735913,TCS.NS
2018-10-25,1504.5133756914463,1531.3563945588717,1489.052174494708,1511.8564453125,2507233,TCS.NS
2018-10-26,1512.590814795832,1512.590814795832,1461.352465491546,1467.879638671875,2285970,TCS.NS
2018-10-29,1475.7123203969843,1532.2131668316176,1455.8452556855311,1526.542724609375,2609483,TCS.NS
2018-10-30,1523.2792124467908,1557.8732541164093,1505.329484180144,1545.961181640625,2404883,TCS.NS
2018-10-31,1550.2034820097217,1586.0213613291903,1530.1731813903173,1581.3299560546875,2769190,TCS.NS
2018-11-01,1585.8174291607115,1586.3885169357627,1551.2642284480698,1579.371826171875,2769759,TCS.NS
2018-11-02,1578.1070998568994,1594.7514097409842,1554.282959942155,1561.17724609375,1818635,TCS.NS
2018-11-05,1558.3625999308065,1572.5183868747004,1537.761209539051,1542.7381591796875,1713366,TCS.NS
2018-11-06,1545.3083818163925,1580.7998890017216,1542.8606916656802,1576.883544921875,1398710,TCS.NS
2018-11-07,1582.8396741615527,1590.1827448148797,1580.3919839437772,1584.5938720703125,144530,TCS.NS
2018-11-09,1599.9734504096696,1600.7485124464802,1554.2832345897095,1557.7099609375,2570479,TCS.NS
2018-11-12,1557.138899933452,1587.8165968794365,1557.138899933452,1562.31982421875,2552008,TCS.NS
2018-11-13,1562.44201857157,1582.02353734218,1552.6512591862652,1578.7191162109375,1418432,TCS.NS
2018-11-14,1570.6010112106844,1574.5989246131176,1525.7266966046648,1534.416015625,2422318,TCS.NS
2018-11-15,1520.8314581036184,1549.3878427783109,1515.6096992723214,1528.0521240234375,1829123,TCS.NS
2018-11-16,1541.2288018002168,1550.0405256301558,1525.9307393154345,1539.2706298828125,1829729,TCS.NS
2018-11-19,1549.3878329431045,1556.2005504671822,1521.076257298332,1552.20263671875,1740628,TCS.NS
2018-11-20,1551.8355548299614,1551.8355548299614,1529.153586271868,1532.4580078125,1190182,TCS.NS
2018-11-21,1526.542941398705,1526.5837760781808,1467.43125697,1478.405029296875,3840461,TCS.NS
2018-11-22,1484.93202841247,1507.450757934976,1476.732226548738,1478.8536376953125,3194219,TCS.NS
2018-11-26,1484.1161473151506,1517.567913142485,1455.96771021654,1506.2269287109375,4333177,TCS.NS
2018-11-27,1512.6727625727417,1548.490654270385,1497.4562663739991,1542.2490234375,3344839,TCS.NS
2018-11-28,1541.228738313286,1622.8184015379172,1535.9254102036848,1618.6573486328125,5313249,TCS.NS
2018-11-29,1629.3452209120503,1629.3452209120503,1584.9196987684404,1599.6058349609375,4035441,TCS.NS
2018-11-30,1604.052782378263,1624.4501982274269,1599.034998160017,1605.8885498046875,5268901,TCS.NS
2018-12-03,1618.739130683768,1623.6345111193036,1605.9295917161578,1617.4337158203125,1610576,TCS.NS
2018-12-04,1617.9229298842224,1647.62158553115,1608.132170853153,1640.6456298828125,3270615,TCS.NS
2018-12-05,1636.6888586956522,1646.4796195652175,1619.555027173913,1637.30078125,2501539,TCS.NS
2018-12-06,1630.1614501367849,1645.663485948896,1615.148932378336,1625.837158203125,2321216,TCS.NS
2018-12-07,1619.5955603714392,1634.9751911218666,1609.7639666563025,1627.8768310546875,1680420,TCS.NS
2018-12-10,1611.3958268487213,1640.7681052115336,1599.157377530883,1612.048583984375,2010786,TCS.NS
2018-12-11,1607.316555175781,1639.9524243164062,1599.973484619141,1631.79345703125,2942014,TCS.NS
2018-12-12,1632.6907293386212,1649.7429888559395,1619.5139788208407,1645.5003662109375,2219993,TCS.NS
2018-12-13,1651.3745717056577,1656.0251420738389,1610.9876935932912,1617.596435546875,3748429,TCS.NS
2018-12-14,1617.9229956726465,1630.936506908568,1611.599796874632,1623.4302978515625,2473761,TCS.NS
2018-12-17,1630.9774969018758,1635.791307332345,1619.5549431466852,1627.142822265625,1227921,TCS.NS
2018-12-18,1625.1847928443758,1633.425330285603,1612.5383929345724,1621.88037109375,1768742,TCS.NS
2018-12-19,1619.3918711086271,1619.3918711086271,1599.1984270216003,1606.0518798828125,2498833,TCS.NS
2018-12-20,1594.099004341643,1611.314404706358,1587.7349702747035,1594.302978515625,1940277,TCS.NS
2018-12-21,1589.366744720063,1590.9985380924657,1539.2299331917009,1546.7769775390625,3729956,TCS.NS
2018-12-24,1554.9361243575602,1581.9422878769574,1554.2833670943487,1565.2979736328125,1864116,TCS.NS
2018-12-26,1567.9905275681635,1567.9905275681635,1525.9310072203184,1541.3922119140625,2446614,TCS.NS
2018-12-27,1557.5466940459205,1584.2264744771498,1527.4400879504062,1557.505859375,4968201,TCS.NS
2018-12-28,1562.4420361588989,1566.5215192820292,1544.4923104171255,1546.9808349609375,2239130,TCS.NS
2018-12-31,1556.7308182827992,1557.5467149380836,1538.9034962841852,1544.533203125,1879740,TCS.NS
2019-01-01,1546.9400222148977,1558.3625751215477,1537.9651592168152,1552.4881591796875,1094883,TCS.NS
2019-01-02,1554.2831623705847,1578.311279556454,1550.2036790047823,1569.214111328125,2100463,TCS.NS
2019-01-03,1565.7054666453355,1586.8779421059842,1544.5737262538062,1550.16259765625,2611668,TCS.NS
2019-01-04,1550.2038255874493,1551.1828618491118,1502.0659173192075,1531.3157958984375,4280862,TCS.NS
2019-01-07,1543.5132848501344,1557.383527563526,1534.701561405277,1548.490234375,1856423,TCS.NS
2019-01-08,1554.6097632903095,1555.425660080155,1536.5784641540872,1544.94140625,1691756,TCS.NS
2019-01-09,1556.2411752927796,1565.705555815042,1523.0341243301052,1539.5560302734375,2414376,TCS.NS
2019-01-10,1542.0447046674803,1554.283154704524,1527.4401343705897,1540.8616943359375,3053461,TCS.NS
2019-01-11,1525.7267680170555,1529.8062513539994,1497.1703846584476,1503.3304443359375,9209862,TCS.NS
2019-01-14,1509.409010711085,1510.2249074736314,1476.7731402092236,1479.4248046875,3615370,TCS.NS
2019-01-15,1476.773016017627,1525.1964648831615,1475.1412226297623,1523.931884765625,7711653,TCS.NS
2019-01-16,1525.726838738928,1529.806322264968,1506.9612145191445,1525.8492431640625,2359280,TCS.NS
2019-01-17,1535.5381837190698,1551.891093023852,1530.0599990260628,1548.8658447265625,2625816,TCS.NS
2019-01-18,1537.991349716203,1556.9606874175229,1533.9031217796903,1554.05810546875,1683728,TCS.NS
2019-01-21,1555.1615861274604,1579.6909486846755,1549.8059687117088,1560.6397705078125,2409803,TCS.NS
2019-01-22,1559.3316726202504,1568.448439670701,1545.3499548951518,1555.0799560546875,2457093,TCS.NS
2019-01-23,1554.344144045053,1558.514116263241,1528.997132753419,1533.575927734375,2578169,TCS.NS
2019-01-24,1541.0982612687565,1557.8190716346105,1533.0852955333391,1554.7938232421875,1962927,TCS.NS
2019-01-25,1555.1617934929814,1582.144095903743,1554.3441479653827,1570.5335693359375,2327080,TCS.NS
2019-01-28,1580.5086265934704,1604.2203442195494,1574.376285828105,1598.496826171875,2769033,TCS.NS
2019-01-29,1604.2207426504776,1626.338097094813,1583.493445677672,1621.1868896484375,2557626,TCS.NS
2019-01-30,1618.6105960149484,1626.7053043474564,1598.2103859548836,1620.0823974609375,2429575,TCS.NS
2019-01-31,1624.6615301293548,1651.4394189626391,1623.0262392082382,1646.8197021484375,4094319,TCS.NS
2019-02-01,1643.058366953609,1663.7039124950763,1633.7371897966043,1659.7791748046875,3064163,TCS.NS
2019-02-04,1659.779562842641,1680.6295246005916,1654.0969661307502,1676.3778076171875,1590764,TCS.NS
2019-02-05,1676.173168784152,1680.261396025089,1658.1849689240296,1671.717041015625,1111404,TCS.NS
2019-02-06,1676.091314353837,1706.3034731798118,1668.8552719529946,1696.4508056640625,1789812,TCS.NS
2019-02-07,1696.410121091013,1715.379458108382,1690.0733680178932,1703.0738525390625,1339945,TCS.NS
2019-02-08,1696.614074990756,1708.469932382258,1676.9905868944777,1685.4940185546875,1684474,TCS.NS
2019-02-11,1684.3495558812497,1713.7847908383978,1675.2736119212773,1689.173583984375,1778730,TCS.NS
2019-02-12,1692.5261645528678,1692.5261645528678,1650.0085990665157,1677.4815673828125,2422903,TCS.NS
2019-02-14,1684.390863154215,1696.6146249860367,1662.3144318893364,1671.7581787109375,1724085,TCS.NS
2019-02-15,1675.3556717139077,1677.8086082757145,1644.2442197308962,1659.5750732421875,1930065,TCS.NS
2019-02-18,1666.0340611910765,1669.5907983221891,1604.7515852227282,1611.006591796875,2942184,TCS.NS
2019-02-19,1610.761744236555,1611.579389792005,1546.985390911453,1557.4512939453125,4408554,TCS.NS
2019-02-20,1565.791325462691,1581.1631026811522,1538.2367086410522,1565.5869140625,4645778,TCS.NS
2019-02-21,1565.586829941294,1586.232380251265,1551.1145435094925,1565.1370849609375,4683919,TCS.NS
2019-02-22,1567.590102380854,1578.0560059715024,1557.6966105956224,1574.499267578125,2271955,TCS.NS
2019-02-25,1580.1001094614314,1627.1147310883562,1578.464818274408,1623.149169921875,2934880,TCS.NS
2019-02-26,1622.2089066362971,1672.2079561552082,1612.6015706216922,1666.93408203125,6453309,TCS.NS
2019-02-27,1667.99680141514,1696.5734713976417,1653.2791825791242,1682.7962646484375,4732082,TCS.NS
2019-02-28,1684.3497134675602,1693.6300696496637,1616.9757049668094,1621.7589111328125,8454295,TCS.NS
2019-03-01,1631.2436292047876,1639.3791616790495,1619.2241809512225,1631.52978515625,4148548,TCS.NS
2019-03-05,1639.3793874871326,1641.0146786467208,1616.1582330589306,1625.5611572265625,2449622,TCS.NS
2019-03-06,1626.5419358220909,1647.5553814077682,1623.066943082149,1634.963623046875,2635047,TCS.NS
2019-03-07,1639.3792737189467,1654.9554608571823,1635.4545352842,1646.165771484375,2539884,TCS.NS
2019-03-08,1655.7323093395892,1662.2734740184617,1643.508547770047,1653.8516845703125,2031071,TCS.NS
2019-03-11,1658.9211165566956,1662.273443430881,1638.2755659189042,1647.392333984375,3111689,TCS.NS
2019-03-12,1646.7787714834344,1655.5684596065014,1637.7437498142365,1645.470458984375,2658550,TCS.NS
2019-03-13,1645.9201522251271,1648.2913437924649,1617.7931311520315,1635.6995849609375,1833163,TCS.NS
2019-03-14,1639.3381426053572,1641.668511897274,1619.7555747479191,1624.988525390625,1905495,TCS.NS
2019-03-15,1634.3918832555055,1691.6679002234737,1627.9324627631531,1667.9561767578125,5184318,TCS.NS
2019-03-18,1670.4496254189153,1688.110846681223,1644.2849714720696,1653.9332275390625,2349915,TCS.NS
2019-03-19,1659.8202347530091,1659.8202347530091,1631.2843890801842,1653.9332275390625,2373993,TCS.NS
2019-03-20,1658.185149470325,1671.9216344196216,1635.2910744283283,1647.5966796875,3091165,TCS.NS
2019-03-22,1647.5554870168107,1648.3731324197968,1621.636167666246,1639.9105224609375,3148149,TCS.NS
2019-03-25,1641.6686774170096,1641.6686774170096,1616.6486452292986,1622.4130859375,2429205,TCS.NS
2019-03-26,1622.2089041599831,1631.1620837422072,1600.9910403225172,1621.1051025390625,2316539,TCS.NS
2019-03-27,1630.3850826717908,1633.6556645828678,1603.4027819054072,1609.0445556640625,2266166,TCS.NS
2019-03-28,1618.9382537702777,1647.2287709700718,1613.0512454988502,1635.5364990234375,4054489,TCS.NS
2019-04-01,1643.4673892647463,1667.9558310861632,1642.0365096969786,1661.16943359375,2095740,TCS.NS
2019-04-02,1665.6254310487957,1705.6083112309734,1665.543686470514,1700.130126953125,3719663,TCS.NS
2019-04-03,1704.7906658276986,1708.551914530946,1682.7960843277938,1700.130126953125,2939886,TCS.NS
2019-04-04,1699.1899065231974,1700.457296965243,1641.341587530284,1647.1468505859375,4397518,TCS.NS
2019-04-05,1658.7166919844026,1679.7709654295577,1650.6629031477837,1674.783447265625,3152103,TCS.NS
2019-04-08,1683.5320697560137,1696.6143976414417,1662.027953370245,1693.139404296875,2194294,TCS.NS
2019-04-09,1692.5264539178297,1715.4205315553654,1682.4284505402104,1710.1058349609375,2690970,TCS.NS
2019-04-10,1703.155640381368,1705.199754208038,1664.7263004399738,1668.2012939453125,3313062,TCS.NS
2019-04-11,1672.0853151499443,1680.261771458746,1646.4521445839027,1651.2353515625,3422442,TCS.NS
2019-04-12,1666.3615197290349,1667.1791652244856,1641.0145093700553,1647.1468505859375,3198471,TCS.NS
2019-04-15,1692.525968172418,1733.244748780078,1668.8142517100991,1727.9300537109375,9189201,TCS.NS
2019-04-16,1733.4081414334391,1762.8024518322422,1729.7696595512175,1743.056396484375,5771952,TCS.NS
2019-04-18,1757.8559931674574,1762.0260650954594,1728.6660885328963,1757.978759765625,3413728,TCS.NS
2019-04-22,1756.302270148111,1779.196340708701,1754.3400010910989,1767.299560546875,2007135,TCS.NS
2019-04-23,1768.5673810776716,1770.611495017891,1744.8965815740337,1762.067138671875,2163524,TCS.NS
2019-04-24,1764.4791678477036,1794.7320544141378,1762.9257210884396,1785.2882080078125,3003071,TCS.NS
2019-04-25,1778.379023037087,1802.908388872081,1772.6964265427448,1794.73193359375,4211526,TCS.NS
2019-04-26,1801.2729952478437,1834.755537781941,1793.219107409098,1830.34033203125,2716958,TCS.NS
2019-04-30,1830.3402067959069,1853.5612570270844,1823.431142875964,1848.1649169921875,3488395,TCS.NS
2019-05-02,1843.7907087483984,1847.3882693075143,1807.8961490781687,1811.411865234375,2457699,TCS.NS
2019-05-03,1786.555301458706,1787.4138691020364,1737.4965746451946,1743.2200927734375,3780886,TCS.NS
2019-05-06,1725.2321471362848,1770.202653341259,1724.0056787852402,1764.3565673828125,2891422,TCS.NS
2019-05-07,1766.154867494628,1786.0236893033791,1748.779903912362,1759.5318603515625,2201698,TCS.NS
2019-05-08,1758.7550985623393,1772.655069122804,1741.9115249761878,1760.267822265625,1824895,TCS.NS
2019-05-09,1753.8501620730517,1785.8201912625557,1746.573194628753,1776.3763427734375,2264162,TCS.NS
2019-05-10,1778.3789336640057,1792.278906938621,1738.191737838825,1746.3272705078125,2039633,TCS.NS
2019-05-13,1744.0381042301271,1771.838055258643,1734.7577466121088,1740.5631103515625,1701744,TCS.NS
2019-05-14,1745.6732848198644,1765.9509347971411,1694.4478699167928,1710.80078125,2456110,TCS.NS
2019-05-15,1714.60262417978,1736.6790528172878,1704.382055366119,1713.2943115234375,2346876,TCS.NS
2019-05-16,1713.784738070539,1736.6788089989625,1698.2903978484298,1724.209716796875,1946529,TCS.NS
2019-05-17,1727.3578219589242,1745.672999813701,1708.8789553211404,1713.3350830078125,1947908,TCS.NS
2019-05-20,1737.496746044209,1759.0825081233388,1676.1733314779428,1752.9910888671875,2625116,TCS.NS
2019-05-21,1756.343698933334,1756.875088733581,1719.140823541737,1725.02783203125,1863157,TCS.NS
2019-05-22,1725.2319069133166,1735.0027301587077,1696.614316040347,1702.1334228515625,2595795,TCS.NS
2019-05-23,1715.4200955168003,1729.606323438016,1676.1731152571217,1679.484619140625,2541294,TCS.NS
2019-05-24,1692.5259178876877,1692.5259178876877,1661.6598051339388,1674.5377197265625,2274208,TCS.NS
2019-05-27,1680.09797705659,1691.6675807836489,1668.0785285799034,1680.384033203125,2329820,TCS.NS
2019-05-28,1684.349538737568,1715.0112415058488,1672.084857630255,1695.5921630859375,5872979,TCS.NS
2019-05-29,1700.7024665436822,1736.4335313253391,1698.3313746837057,1723.2286376953125,3281320,TCS.NS
2019-05-30,1735.8611758630318,1763.2932188253735,1728.8293456086203,1754.912353515625,4971725,TCS.NS
2019-05-31,1766.1144045910953,1802.8675324847595,1759.777651519067,1795.9993896484375,4265370,TCS.NS
2019-06-03,1799.6375761734955,1837.7806553114497,1787.0866390812105,1833.4063720703125,3682419,TCS.NS
2019-06-04,1833.159267446196,1833.159267446196,1792.770416679621,1799.447021484375,2408658,TCS.NS
2019-06-06,1812.5527183002105,1812.5527183002105,1773.81239189725,1785.4345703125,3735467,TCS.NS
2019-06-07,1791.946074212036,1804.9694575928625,1765.6521897720036,1798.3341064453125,2659446,TCS.NS
2019-06-10,1810.657060689291,1842.9270523743808,1801.4253626333448,1839.3414306640625,2080593,TCS.NS
2019-06-11,1843.875172108408,1866.0890057496035,1838.929597216745,1856.8985595703125,3048937,TCS.NS
2019-06-12,1850.4684098171983,1868.5196692671725,1829.0375952714317,1863.5740966796875,2404448,TCS.NS
2019-06-13,1866.1295976060983,1883.4391035909607,1848.861344977901,1857.969482421875,3320916,TCS.NS
2019-06-14,1860.5659154645352,1865.387929996093,1841.4018186500264,1858.2991943359373,2131408,TCS.NS
2019-06-17,1859.5358102050827,1864.4813841683945,1847.5427530968689,1853.9307861328125,1489497,TCS.NS
2019-06-18,1849.6449813557851,1862.833180866344,1839.094381500148,1855.291259765625,1877447,TCS.NS
2019-06-19,1858.7110740502671,1876.020578509272,1848.9434874683384,1862.7498779296875,1652817,TCS.NS
2019-06-20,1838.104599729725,1882.614755956364,1823.2678809875115,1877.6279296875,2199377,TCS.NS
2019-06-21,1883.4394150717071,1889.6213825172376,1847.996135050664,1854.4666748046875,3871804,TCS.NS
2019-06-24,1858.010926827916,1879.318189426088,1855.249768650799,1875.6090087890625,1382424,TCS.NS
2019-06-25,1871.075177397044,1874.743103907319,1855.0020646396688,1869.2618408203125,1386077,TCS.NS
2019-06-26,1866.953461599404,1868.437173471685,1854.589531390136,1858.0513916015625,1762224,TCS.NS
2019-06-27,1858.711418915953,1866.1297793462163,1847.4190660637332,1856.6920166015625,2813464,TCS.NS
2019-06-28,1862.8323459150015,1864.439616762756,1831.9225171664125,1835.7965087890625,2372928,TCS.NS
2019-07-01,1842.2258853701717,1858.711128192276,1818.8169210571327,1845.976318359375,2769940,TCS.NS
2019-07-02,1850.3861958891648,1860.3598493463455,1826.9359757402856,1856.321044921875,1771746,TCS.NS
2019-07-03,1856.4033338830025,1861.8435450359425,1839.7532772660352,1844.4102783203125,1656881,TCS.NS
2019-07-04,1841.4019499898432,1856.2386711625456,1838.187407563455,1848.53173828125,984140,TCS.NS
2019-07-05,1852.1169353518903,1854.58972164742,1763.9208908113242,1782.96142578125,4088470,TCS.NS
2019-07-08,1771.3396537858184,1804.1453330375027,1757.409701637567,1793.10009765625,2788062,TCS.NS
2019-07-09,1791.9461211814512,1792.275745585193,1734.7011484957648,1758.43994140625,3977224,TCS.NS
2019-07-10,1714.465078752782,1753.906098679009,1707.2940391032466,1737.709228515625,6343581,TCS.NS
2019-07-11,1754.0296754139115,1754.8539374794257,1719.451922012768,1733.05224609375,2400346,TCS.NS
2019-07-12,1732.6816458045178,1747.2297930955792,1725.2632860272515,1737.215087890625,1560725,TCS.NS
2019-07-15,1751.5571972560035,1775.1311769698996,1729.3021175732213,1768.619384765625,2900415,TCS.NS
2019-07-16,1756.4745550056016,1761.844773541602,1734.9936808616008,1739.9508056640625,2735399,TCS.NS
2019-07-17,1741.6031274907014,1755.6483140027233,1728.466827847119,1749.245361328125,1802969,TCS.NS
2019-07-18,1748.3777332007312,1748.3777332007312,1701.9460417240057,1706.86181640625,3072096,TCS.NS
2019-07-19,1715.9917891777857,1732.5155425641872,1704.012067972645,1715.950439453125,1953177,TCS.NS
2019-07-22,1715.9913646488433,1749.4106072638672,1709.2166677776445,1743.1728515625,1920167,TCS.NS
2019-07-23,1758.0438501384017,1759.7789241262303,1736.976074286186,1745.279296875,3538588,TCS.NS
2019-07-24,1743.255855829422,1752.1787223521103,1715.5785709145946,1732.3502197265625,2413196,TCS.NS
2019-07-25,1742.346869905961,1763.9104459699872,1728.838824282406,1758.04443359375,2544464,TCS.NS
2019-07-26,1759.613969651357,1759.613969651357,1730.8626077119054,1742.4705810546875,1720592,TCS.NS
2019-07-29,1743.91653792041,1769.6935464348592,1737.720131945498,1759.779296875,1647090,TCS.NS
2019-07-30,1759.7795575252767,1805.219874738371,1751.8894257407214,1800.3865966796875,2851672,TCS.NS
2019-07-31,1794.2726311153178,1827.278780074493,1773.9483387486212,1822.3216552734373,3000677,TCS.NS
2019-08-01,1817.612527486188,1832.070808954828,1789.7286989395243,1801.130126953125,2375236,TCS.NS
2019-08-02,1795.304835020479,1825.873762261969,1789.1084308499069,1821.99072265625,2500816,TCS.NS
2019-08-05,1817.529647492694,1860.780640157407,1813.977202906632,1857.76513671875,3039682,TCS.NS
2019-08-06,1844.711607706655,1860.5330186558824,1827.07242277703,1829.9227294921875,2885467,TCS.NS
2019-08-07,1842.398298267726,1849.4208926781637,1823.6025308750843,1828.724853515625,2165362,TCS.NS
2019-08-08,1841.489057601059,1884.533502815061,1833.227183410725,1865.6138916015625,2073298,TCS.NS
2019-08-09,1867.1830720471617,1873.709870244983,1851.7747614491168,1855.822998046875,1744550,TCS.NS
2019-08-13,1854.7912117254104,1855.823946253097,1812.903539623628,1817.1583251953125,1647281,TCS.NS
2019-08-14,1801.9975521145705,1832.35994131045,1790.6786225325925,1821.24755859375,1945002,TCS.NS
2019-08-16,1851.816254039824,1851.816254039824,1770.7260459504412,1788.7783203125,3755507,TCS.NS
2019-08-19,1801.0888897617604,1806.0460151464256,1782.6648667408977,1787.043701171875,974884,TCS.NS
2019-08-20,1794.47901914585,1821.7432031383976,1789.9349884804255,1806.665283203125,1843611,TCS.NS
2019-08-21,1805.1780812014767,1819.264616415448,1802.9474156097235,1806.2108154296875,1214408,TCS.NS
2019-08-22,1806.8719844336115,1847.0659238896485,1792.8267975404376,1830.8314208984373,2131601,TCS.NS
2019-08-23,1829.963484609297,1867.1005626890887,1829.0959476198,1857.0211181640625,2826425,TCS.NS
2019-08-26,1856.4433008266544,1885.3598631448267,1838.2671759409463,1880.650634765625,2345475,TCS.NS
2019-08-27,1875.445343501984,1879.4524329579065,1841.5716610863092,1847.76806640625,3432106,TCS.NS
2019-08-28,1850.6599238026129,1860.69802083194,1830.8314246190128,1850.040283203125,1294621,TCS.NS
2019-08-29,1835.953560892984,1857.434432836143,1835.953560892984,1845.2481689453125,1670652,TCS.NS
2019-08-30,1851.4861039950852,1872.1407905635267,1832.4837923521195,1866.853271484375,2583625,TCS.NS
2019-09-03,1875.445543067571,1897.0916142807343,1848.1400070442792,1860.2437744140625,2545060,TCS.NS
2019-09-04,1871.314570490145,1875.4455077318448,1844.876572143264,1855.1212158203125,2228092,TCS.NS
2019-09-05,1852.4770422572185,1861.936846085052,1823.643187437524,1830.252685546875,2055943,TCS.NS
2019-09-06,1830.8314655325653,1845.2897465103724,1811.4987590788985,1815.5469970703125,1890550,TCS.NS
2019-09-09,1817.61227045794,1819.966985217941,1800.9233254067346,1803.4432373046875,1703945,TCS.NS
2019-09-11,1806.0455390271368,1813.4812251439,1773.4524885565042,1779.6075439453125,2627440,TCS.NS
2019-09-12,1780.4337466498748,1788.695620184213,1751.806435535752,1762.75341796875,2118859,TCS.NS
2019-09-13,1763.9101373955696,1782.8710982971168,1747.8408324569657,1769.652099609375,2291174,TCS.NS
2019-09-16,1784.523503121526,1795.6356837389635,1756.80487444118,1776.302978515625,2597948,TCS.NS
2019-09-17,1780.3924354023293,1781.7144158787405,1739.620209653118,1753.70654296875,2796530,TCS.NS
2019-09-18,1756.804841515829,1770.4782835981605,1745.8578582487453,1766.8431396484375,1454663,TCS.NS
2019-09-19,1763.9101489421037,1764.5711392220005,1727.557902312852,1736.6046142578125,1652691,TCS.NS
2019-09-20,1739.0421563677758,1759.2837520767066,1699.4678519702466,1706.4490966796875,6941979,TCS.NS
2019-09-23,1734.1675939117206,1734.1675939117206,1631.7203420560495,1665.4288330078125,6323401,TCS.NS
2019-09-24,1664.7675729732368,1702.772192505132,1663.115198210981,1689.3052978515625,4620978,TCS.NS
2019-09-25,1706.0769954517564,1728.3840554407138,1701.987408128296,1725.4510498046875,4002232,TCS.NS
2019-09-26,1733.2584702443908,1740.7768562861295,1704.4246105924467,1724.7489013671875,4234281,TCS.NS
2019-09-27,1722.60072381943,1722.7659209577514,1694.8407465805524,1698.76513671875,2046795,TCS.NS
2019-09-30,1703.474365021686,1738.2980790309457,1701.9458378344812,1734.4150390625,2620039,TCS.NS
2019-10-01,1731.6477815515268,1731.6477815515268,1685.1747311536333,1701.905029296875,3342877,TCS.NS
2019-10-03,1710.2081603226247,1719.4200704555144,1690.5036082112404,1702.15283203125,2317618,TCS.NS
2019-10-04,1702.4420894229931,1725.0381971381744,1697.7740088976425,1717.93310546875,2163251,TCS.NS
2019-10-07,1718.4699534860652,1730.4496719118092,1686.2486418582014,1691.7840576171875,2177916,TCS.NS
2019-10-09,1701.946099680947,1701.946099680947,1665.1807591781303,1668.981201171875,2066920,TCS.NS
2019-10-10,1675.5083933732892,1684.6378063706798,1649.9791772681604,1656.0516357421875,2881452,TCS.NS
2019-10-11,1595.3679496076345,1648.243945865992,1590.4108249584133,1641.510498046875,12593069,TCS.NS
2019-10-14,1648.2438590961892,1679.4324333723202,1625.9367993490227,1669.7247314453125,3510704,TCS.NS
2019-10-15,1678.8128167773366,1691.205627924807,1671.1292335247226,1683.191650390625,2261310,TCS.NS
2019-10-16,1683.7700879897643,1698.641462662883,1665.593963389286,1690.7100830078125,3034082,TCS.NS
2019-10-17,1701.3537844712878,1721.6281096089797,1688.9358015726718,1715.6724853515625,3818774,TCS.NS
2019-10-18,1721.20572633657,1743.507401472172,1710.6461820032168,1737.974365234375,3087901,TCS.NS
2019-10-22,1757.1084437147176,1783.7184994728973,1723.3601761521732,1732.9481201171875,5552505,TCS.NS
2019-10-23,1740.2131657375228,1760.3608618275866,1733.8774381923618,1748.745361328125,2348134,TCS.NS
2019-10-24,1760.4876231725805,1773.1590791934962,1741.3115276424903,1758.798095703125,2798671,TCS.NS
2019-10-25,1768.934930797428,1799.3464195790457,1752.9267022564368,1795.080322265625,3954245,TCS.NS
2019-10-27,1798.5020005407396,1798.5020005407396,1781.437814259179,1787.2666015625,224405,TCS.NS
2019-10-29,1792.1661404770978,1859.916146113747,1792.1661404770978,1854.129638671875,5064173,TCS.NS
2019-10-30,1879.5995088143889,1909.1662426609075,1838.9242131762885,1903.083984375,5195136,TCS.NS
2019-10-31,1900.7179836553296,1930.2424284198887,1889.7360575275432,1917.3175048828125,4879261,TCS.NS
2019-11-01,1912.5449031745936,1921.8373033225269,1854.2562113375589,1859.240234375,4172620,TCS.NS
2019-11-04,1864.3931017460905,1883.1468107737044,1842.3446912226595,1853.368896484375,2646411,TCS.NS
2019-11-05,1855.9457824552285,1867.772473831821,1832.292399702044,1860.04296875,2693475,TCS.NS
2019-11-06,1858.4806543794264,1867.604146112801,1840.740611769441,1848.765869140625,2540719,TCS.NS
2019-11-07,1862.281388773386,1862.281388773386,1837.5297736122295,1846.104248046875,1915598,TCS.NS
2019-11-08,1849.69484846842,1849.69484846842,1794.2782622051689,1799.3045654296875,2788759,TCS.NS
2019-11-11,1803.57027187641,1806.949326249949,1766.4006737674815,1774.8060302734375,2983768,TCS.NS
2019-11-13,1789.2096979160526,1844.7951962572383,1789.2096979160526,1840.4024658203125,3823365,TCS.NS
2019-11-14,1847.920633710943,1858.4801801892916,1813.4542327573856,1855.7769775390625,2995915,TCS.NS
2019-11-15,1855.100937770833,1868.1947740802357,1832.0811287752704,1836.896240234375,2724180,TCS.NS
2019-11-18,1840.233339203539,1848.131963057372,1815.1861755774323,1818.4385986328125,1611089,TCS.NS
2019-11-19,1818.776383319759,1820.1701610334592,1778.2277226605167,1781.4378662109375,2975313,TCS.NS
2019-11-20,1792.5460680287738,1803.5702741847765,1769.357348608906,1781.226318359375,2894129,TCS.NS
2019-11-21,1784.14104805839,1796.474681360557,1780.2550522943784,1789.294189453125,2052574,TCS.NS
2019-11-22,1771.4694867814412,1779.9171238190256,1740.6356115942583,1750.096923828125,3742049,TCS.NS
2019-11-25,1752.504665651689,1761.2901260892618,1733.6241134844977,1758.375732421875,2737010,TCS.NS
2019-11-26,1765.429523116033,1772.229705993536,1719.1364305263437,1728.9356689453125,6561580,TCS.NS
2019-11-27,1733.4548297070753,1750.096630634892,1728.8509095411132,1735.3978271484375,2907521,TCS.NS
2019-11-28,1746.1688875585185,1769.2730515410706,1740.2132620880952,1754.8699951171875,2924429,TCS.NS
2019-11-29,1761.332356513207,1761.332356513207,1728.217659931547,1734.5111083984375,2064271,TCS.NS
2019-12-02,1740.2133211954597,1746.7179608080091,1703.043716276722,1707.309814453125,3809860,TCS.NS
2019-12-03,1712.927074704648,1741.9025068278431,1697.9748005450847,1732.610107421875,4664774,TCS.NS
2019-12-04,1734.2997141845644,1758.7978591974004,1727.9639870260723,1755.8411865234375,3334301,TCS.NS
2019-12-05,1759.64342216946,1796.644126831539,1747.2677119944217,1791.9979248046875,3902721,TCS.NS
2019-12-06,1794.278252700021,1797.6573077898515,1774.8486859334953,1793.9404296875,1829461,TCS.NS
2019-12-09,1797.6149354840888,1797.6149354840888,1734.7223171220255,1740.5933837890625,2244747,TCS.NS
2019-12-10,1740.213446722647,1740.931578456838,1692.2731005568653,1700.3828125,4520045,TCS.NS
2019-12-11,1710.9844940385951,1730.0761338762002,1695.2296297148753,1724.923095703125,4943024,TCS.NS
2019-12-12,1732.6949090323626,1760.1918024977156,1676.0111822179515,1707.1829833984375,7137306,TCS.NS
2019-12-13,1708.9568295135225,1754.9118886510507,1695.440611385882,1749.7166748046875,5711133,TCS.NS
2019-12-16,1770.6248328582344,1804.4153831036208,1757.362083135151,1796.601318359375,5574177,TCS.NS
2019-12-17,1796.3897315913432,1832.2921833160703,1790.0540048163914,1828.870849609375,6059673,TCS.NS
2019-12-18,1836.5163455682016,1861.394596121713,1818.7763072715445,1831.236572265625,8251081,TCS.NS
2019-12-19,1841.416016262547,1889.314078410644,1831.0676605905007,1883.0206298828125,6251505,TCS.NS
2019-12-20,1875.3754630149288,1897.930613146204,1865.4494892805028,1877.8251953125,5548338,TCS.NS
2019-12-23,1866.927340238964,1893.9174928914856,1866.927340238964,1885.2586669921875,2247329,TCS.NS
2019-12-24,1891.4254643310735,1895.269179479562,1867.898718511003,1871.6580810546875,1805896,TCS.NS
2019-12-26,1872.3339902309517,1882.978094256168,1854.4250428752127,1860.127197265625,1880367,TCS.NS
2019-12-27,1865.237777532977,1880.781343182651,1838.205345974528,1857.2125244140625,2720261,TCS.NS
2019-12-30,1864.393750236933,1879.5994989928304,1839.135394522216,1844.288330078125,2288830,TCS.NS
2019-12-31,1849.1878237331075,1855.94593364168,1822.535486532946,1826.125732421875,1909289,TCS.NS
2020-01-01,1831.447564169132,1844.8792234947723,1819.620873256601,1831.1097412109373,1354908,TCS.NS
2020-01-02,1841.542124452855,1841.542124452855,1815.5656471963543,1822.703857421875,2380752,TCS.NS
2020-01-03,1828.0684272734595,1877.9094795882163,1828.0684272734595,1859.0289306640625,4655761,TCS.NS
2020-01-06,1862.704190194144,1880.4019506622683,1848.2586466308671,1858.8604736328125,3023209,TCS.NS
2020-01-07,1858.9021854561104,1870.8555071515373,1844.7946754672853,1863.4217529296875,2429317,TCS.NS
2020-01-08,1862.7038253515236,1909.16582553036,1860.2118138628832,1905.1531982421875,5197454,TCS.NS
2020-01-09,1899.662203218685,1902.3654055725956,1866.927612724088,1870.6024169921875,3734173,TCS.NS
2020-01-10,1882.133920816403,1887.2025040861056,1865.238643250726,1869.9271240234373,1915807,TCS.NS
2020-01-13,1873.5593723513969,1874.4884887351373,1845.5553301908124,1850.328369140625,2843893,TCS.NS
2020-01-14,1854.255990013565,1883.653802766328,1854.255990013565,1864.30859375,2948452,TCS.NS
2020-01-15,1869.4620905582071,1884.6678373408763,1853.5804915591907,1881.2042236328125,2620681,TCS.NS
2020-01-16,1881.2458188354824,1899.8728931175965,1871.1509374190648,1891.25634765625,3117214,TCS.NS
2020-01-17,1892.9040397069828,1903.7170550523824,1869.461849769744,1874.614990234375,3281059,TCS.NS
2020-01-20,1854.1715203904296,1894.1288794283232,1821.4792107198305,1833.4327392578125,5817599,TCS.NS
2020-01-21,1833.0950914241275,1847.1182524257904,1823.042485112644,1834.0244140625,1902980,TCS.NS
2020-01-22,1842.4293003278292,1866.9274432482816,1836.262485172047,1864.30859375,1773686,TCS.NS
2020-01-23,1870.99738731332,1877.728465937259,1848.8989107794985,1855.037353515625,2069866,TCS.NS
2020-01-24,1855.0375086709391,1855.0375086709391,1837.2995657262056,1848.64501953125,1319430,TCS.NS
2020-01-27,1853.9795224418065,1857.1545799219127,1833.0665185147336,1836.6649169921875,1549101,TCS.NS
2020-01-28,1840.6863801114407,1852.3706312258855,1822.0593790247567,1848.9415283203125,1743024,TCS.NS
2020-01-29,1849.99978697468,1851.650775190964,1820.365923110097,1824.2607421875,2306761,TCS.NS
2020-01-30,1828.833147531346,1833.066557595076,1799.1992770852362,1810.0792236328125,2098567,TCS.NS
2020-01-31,1811.391699111166,1815.582941098332,1753.986815022991,1760.2945556640625,3287223,TCS.NS
2020-02-03,1822.0598102147744,1858.213093174071,1772.2748632777889,1780.1490478515625,4728073,TCS.NS
2020-02-04,1802.5861100287443,1809.105520564358,1766.6868732831272,1784.5941162109375,3509339,TCS.NS
2020-02-05,1790.7322131522592,1826.038806934932,1781.6727581912037,1817.445068359375,2439322,TCS.NS
2020-02-06,1816.133062628058,1840.8561380361543,1791.1559412539193,1802.035888671875,2640065,TCS.NS
2020-02-07,1811.0527230269208,1821.2129066063144,1794.1190837279314,1808.9783935546875,2083442,TCS.NS
2020-02-10,1812.6609496732929,1834.759426931548,1794.118701277319,1830.483642578125,2383032,TCS.NS
2020-02-11,1831.3732252640093,1841.3641145292136,1818.334404725857,1823.2449951171875,1335820,TCS.NS
2020-02-12,1821.297476112163,1849.9999091818245,1820.36604335969,1837.9346923828125,1620407,TCS.NS
2020-02-13,1839.7972008558224,1860.1599397631624,1838.1462126653737,1855.8841552734373,1645948,TCS.NS
2020-02-14,1852.540553645494,1872.8609253491009,1838.1469570221057,1849.3231201171875,1500115,TCS.NS
2020-02-17,1860.118010404282,1877.0940261368148,1854.4029068064367,1865.4521484375,1774724,TCS.NS
2020-02-18,1862.65802756774,1880.480725038432,1850.8892304325136,1876.03564453125,2486223,TCS.NS
2020-02-19,1876.0359019591497,1888.1011221342224,1854.657178491038,1859.6103515625,1760463,TCS.NS
2020-02-20,1866.510095052745,1874.8921624896448,1821.4242875854927,1826.1234130859373,2317278,TCS.NS
2020-02-24,1825.446472803773,1844.8777842220095,1783.7050070141838,1791.0289306640625,3092877,TCS.NS
2020-02-25,1791.15606218699,1842.9305922201504,1787.3459925675895,1825.5736083984373,2674567,TCS.NS
2020-02-26,1823.7530890639584,1832.1351584608224,1788.996750458332,1798.0140380859375,2686842,TCS.NS
2020-02-27,1794.9232326807137,1794.9232326807137,1766.347718872245,1782.688720703125,2349001,TCS.NS
2020-02-28,1750.9381917091305,1752.208214575457,1684.8970026601398,1693.4908447265625,4298076,TCS.NS
2020-03-02,1722.9978636323435,1739.0424461311534,1681.2563998447122,1694.4647216796875,2667076,TCS.NS
2020-03-03,1710.2971029132732,1744.1643722778924,1703.5236490403493,1724.0133056640625,2757585,TCS.NS
2020-03-04,1740.778032312303,1773.3329108840348,1714.5308927200456,1763.8077392578125,3237002,TCS.NS
2020-03-05,1765.9241992291952,1818.460846567837,1764.527256934808,1799.2412109375,3937056,TCS.NS
2020-03-06,1776.338599389847,1798.0559071132902,1753.9862802509888,1791.9598388671875,2595027,TCS.NS
2020-03-09,1756.8649194977118,1761.0135780696148,1638.3294550496732,1669.9530029296875,4940975,TCS.NS
2020-03-11,1636.636321432878,1682.6111958082988,1625.6294553290877,1654.16259765625,6796449,TCS.NS
2020-03-12,1612.0827960692234,1615.808218159662,1488.763521591822,1498.5003662109375,8728786,TCS.NS
2020-03-13,1429.1144136544872,1540.9610730671525,1275.1453293049588,1529.361572265625,8029720,TCS.NS
2020-03-16,1485.9268208491542,1559.799820917011,1418.911923898886,1436.311279296875,7844271,TCS.NS
2020-03-17,1464.760189999717,1465.6068721904687,1374.292218588895,1403.799072265625,5713248,TCS.NS
2020-03-18,1419.716430041094,1450.8319937843526,1378.1866362745238,1400.750732421875,7258778,TCS.NS
2020-03-19,1330.2188027943591,1437.467004171623,1319.174198650367,1395.5911865234375,5135111,TCS.NS
2020-03-20,1390.1750649078997,1594.010549885193,1387.6164604939588,1532.98779296875,8547498,TCS.NS
2020-03-23,1381.6463108913158,1492.5191629998783,1379.7273576817445,1424.0338134765625,7003490,TCS.NS
2020-03-24,1409.8335869151078,1509.5764647953497,1392.605589653216,1452.562255859375,6350865,TCS.NS
2020-03-25,1449.875837415711,1543.691332777904,1432.818474622585,1492.775146484375,2765520,TCS.NS
2020-03-26,1562.1135756280532,1562.497428833458,1469.1083488971844,1527.4444580078125,4556067,TCS.NS
2020-03-27,1552.2203201540665,1577.8063693873748,1492.86070675477,1556.0582275390625,4331250,TCS.NS
2020-03-30,1506.1651976132011,1624.7138739825302,1504.0757122276236,1516.8260498046875,8513547,TCS.NS
2020-03-31,1567.0599369510269,1582.0703953517957,1518.105285027599,1557.4224853515625,3927593,TCS.NS
2020-04-01,1557.2520289759525,1564.7998915386968,1451.581640767877,1457.3385009765625,4941878,TCS.NS
2020-04-03,1483.990710494697,1483.990710494697,1407.2325702966957,1410.8145751953125,5735369,TCS.NS
2020-04-07,1458.4043961542077,1523.0944182844537,1454.1400558145754,1514.0113525390625,5427577,TCS.NS
2020-04-08,1501.0479244002204,1540.2798587879531,1450.7287042072585,1454.52392578125,6285615,TCS.NS
2020-04-09,1492.90299851605,1517.0818936457872,1476.4852867715956,1506.2930908203125,5307397,TCS.NS
2020-04-13,1501.9007222982093,1524.0752928716072,1489.107700813557,1500.408203125,2990438,TCS.NS
2020-04-15,1522.3695805555358,1545.3970195891488,1473.585566172721,1479.8541259765625,4761399,TCS.NS
2020-04-16,1458.3618740414963,1505.2270420759608,1428.5968584332818,1463.564453125,6245533,TCS.NS
2020-04-17,1535.162576817724,1579.4690328769298,1495.0777762008163,1540.4503173828125,9895823,TCS.NS
2020-04-20,1560.7486357074638,1560.7486357074638,1537.2947627665046,1551.068603515625,3244282,TCS.NS
2020-04-21,1505.3126226525096,1530.5575047373356,1473.5005918726051,1481.9866943359375,5122541,TCS.NS
2020-04-22,1481.986437410874,1526.63406652325,1466.2083758294884,1509.1502685546875,3829836,TCS.NS
2020-04-23,1518.105012509567,1620.4491706562792,1501.7725697833482,1601.8992919921875,5934366,TCS.NS
2020-04-24,1569.8743444602976,1579.4691110402252,1541.8150659277917,1550.9833984375,2987102,TCS.NS
2020-04-27,1562.7101712534295,1599.1275953816398,1556.4841928381295,1566.37744140625,3374741,TCS.NS
2020-04-28,1590.5989373930763,1593.1575415819125,1562.965991331673,1585.5244140625,2678505,TCS.NS
2020-04-29,1598.2750111219048,1631.1531219647657,1577.8488593206253,1625.268310546875,4241510,TCS.NS
2020-04-30,1688.6791548900785,1733.028304412444,1656.4406930164007,1718.0604248046875,5915544,TCS.NS
2020-05-04,1676.7386921893085,1676.7386921893085,1632.091067774198,1646.419189453125,3729348,TCS.NS
2020-05-05,1667.4424410401705,1686.1202736951882,1643.476867683676,1648.380859375,2905528,TCS.NS
2020-05-06,1654.393789009578,1666.2485737948612,1614.9912153938913,1623.5198974609375,3517431,TCS.NS
2020-05-07,1628.9782353923947,1649.830820897835,1606.2492774116702,1613.328125,3166754,TCS.NS
2020-05-08,1653.7968390169467,1654.1380071464064,1608.7227718380557,1614.82080078125,2686530,TCS.NS
2020-05-11,1628.1255527792457,1664.2871888122468,1628.1255527792457,1650.5560302734375,2449841,TCS.NS
2020-05-12,1648.9352260754258,1668.636458610932,1629.1913084904334,1662.6663818359375,3256595,TCS.NS
2020-05-13,1700.618990925918,1700.618990925918,1642.3254771291436,1662.7943115234375,2656665,TCS.NS
2020-05-14,1628.9779525233844,1640.1505029988225,1612.858725783771,1622.4534912109375,2263146,TCS.NS
2020-05-15,1634.0955223237638,1635.2895586630975,1590.7697747643338,1614.394287109375,3173682,TCS.NS
2020-05-18,1626.4197603203093,1665.6090149462614,1596.654637434786,1659.3404541015625,3727694,TCS.NS
2020-05-19,1623.008195965995,1677.1226419910054,1623.008195965995,1661.941650390625,3198693,TCS.NS
2020-05-20,1663.0929034695375,1674.0949234990817,1647.4853745776395,1666.1632080078125,2778505,TCS.NS
2020-05-21,1659.6811210949545,1704.0302569104415,1655.5447321341364,1698.230712890625,3400908,TCS.NS
2020-05-22,1686.2057346904603,1733.028220727973,1672.6877942434726,1723.09228515625,3663418,TCS.NS
2020-05-26,1718.5290558756594,1726.204868035898,1641.7709342732726,1657.12255859375,4575317,TCS.NS
2020-05-27,1670.7688729293916,1714.2651529290847,1655.6304617530277,1710.2567138671875,3482160,TCS.NS
2020-05-28,1695.9283280161928,1717.6764659917587,1681.2590373785874,1709.4036865234375,3475681,TCS.NS
2020-05-29,1690.3844944738016,1707.9962407301268,1673.6683013241882,1682.154296875,7237735,TCS.NS
2020-06-01,1697.2077659697393,1756.908541657117,1689.6172179532232,1744.3287353515625,3747773,TCS.NS
2020-06-02,1757.0790866911973,1774.818787528131,1739.893875135914,1745.94921875,2443886,TCS.NS
2020-06-03,1755.1015309323038,1765.2804113706543,1727.857749712282,1750.225830078125,3699799,TCS.NS
2020-06-04,1750.7388491306572,1796.2875696466986,1750.7388491306572,1789.0596923828125,4048593,TCS.NS
2020-06-05,1789.1029391287886,1794.5772571431023,1745.2221474618275,1752.0223388671875,3573289,TCS.NS
2020-06-08,1777.6835962983484,1792.01113159872,1763.8693696758032,1772.1236572265625,2957841,TCS.NS
2020-06-09,1764.724561102675,1792.438632517968,1762.2866583847024,1772.380126953125,2909439,TCS.NS
2020-06-10,1776.6569885092654,1823.659811008817,1773.620364975039,1803.7723388671875,5168397,TCS.NS
2020-06-11,1796.2878024497072,1800.5646781698256,1763.6125137143674,1768.6163330078125,2269513,TCS.NS
2020-06-12,1720.330319056604,1752.834572095224,1720.1592858069723,1744.5374755859375,2842642,TCS.NS
2020-06-15,1744.1953368488598,1761.2173221373507,1711.5627560630369,1736.325927734375,2399022,TCS.NS
2020-06-16,1766.349428260094,1774.004992974572,1737.2666773831725,1749.92626953125,2146528,TCS.NS
2020-06-17,1750.0976120167068,1761.089266573102,1733.460606591614,1751.6373291015625,2703527,TCS.NS
2020-06-18,1749.2420748778984,1761.388359499441,1732.305606176288,1743.3399658203125,1944389,TCS.NS
2020-06-19,1746.6759479748573,1787.7339526285268,1738.1221970053427,1748.89990234375,5681758,TCS.NS
2020-06-22,1753.5188990334416,1755.4434929470149,1727.1305989238506,1734.6578369140625,3196138,TCS.NS
2020-06-23,1733.8454129140828,1748.3867903287544,1719.3040354994112,1740.945068359375,4205944,TCS.NS
2020-06-24,1739.8333763506366,1765.7084794158318,1737.7804547283936,1746.847412109375,2560937,TCS.NS
2020-06-25,1740.6882156705926,1762.072591784482,1718.6623082732867,1724.5216064453125,3043931,TCS.NS
2020-06-26,1732.1341174654128,1823.6592288574125,1727.8144325913083,1812.4111328125,6300722,TCS.NS
2020-06-29,1803.1309348426264,1819.89637241849,1788.846210664083,1797.69921875,3076341,TCS.NS
2020-06-30,1796.287693970536,1806.4665740369785,1774.9461271823432,1781.0191650390625,3071725,TCS.NS
2020-07-01,1778.923461288884,1808.220056941931,1778.7524280441314,1789.4874267578125,2503466,TCS.NS
2020-07-02,1797.9985087745308,1851.88714153038,1794.577008282096,1845.17236328125,3758699,TCS.NS
2020-07-03,1850.7323732813536,1886.102219524902,1847.8241812828437,1881.52587890625,4185208,TCS.NS
2020-07-06,1886.1017417673463,1941.6154918131865,1886.1017417673463,1935.884521484375,5190366,TCS.NS
2020-07-07,1945.9783412440536,1969.672189610641,1909.325434888337,1941.6158447265625,5630055,TCS.NS
2020-07-08,1941.7020741556412,1945.4656422203732,1888.326735033188,1897.9923095703125,2793358,TCS.NS
2020-07-09,1906.6313016542883,1919.8896171211527,1874.1698549066216,1885.54638671875,3443998,TCS.NS
2020-07-10,1886.315873858284,1924.465685527988,1861.2961530509583,1900.94287109375,9610320,TCS.NS
2020-07-13,1898.933349609375,1920.2749236415368,1890.3795957823056,1898.933349609375,2963503,TCS.NS
2020-07-14,1890.3790977537085,1915.1849773169924,1851.8872156727507,1857.83203125,2976738,TCS.NS
2020-07-15,1868.994508666288,1933.1476382543756,1865.658629460428,1910.822265625,5569321,TCS.NS
2020-07-16,1923.767860638774,2000.067031582112,1903.278616431416,1915.837890625,8582118,TCS.NS
2020-07-17,1917.7666035593336,1923.681848209608,1877.516693681746,1886.689697265625,4509135,TCS.NS
2020-07-20,1886.90372600032,1909.1075525498277,1878.1593707657755,1892.8189697265625,2952646,TCS.NS
2020-07-21,1911.765658251411,1919.1811677796663,1887.032642136425,1907.5220947265625,2665286,TCS.NS
2020-07-22,1912.622749545332,1912.622749545332,1872.5013519350653,1878.2880859375,2861534,TCS.NS
2020-07-23,1878.287753216772,1878.287753216772,1854.326434081636,1861.356201171875,2265766,TCS.NS
2020-07-24,1847.0396882719929,1854.3266863459364,1821.835331595164,1849.5257568359373,3665100,TCS.NS
2020-07-27,1856.0408147844687,1898.9054987286831,1854.754874266143,1891.875732421875,4248480,TCS.NS
2020-07-28,1898.90581002366,1988.9216610631563,1898.90581002366,1980.1343994140625,8092319,TCS.NS
2020-07-29,1964.9179386960925,2007.7826406746285,1925.5253194378784,1951.244140625,6090431,TCS.NS
2020-07-30,1959.687768347929,2021.498733617569,1947.985791968839,1954.201171875,7098496,TCS.NS
2020-07-31,1974.4762190998972,2001.6096946504172,1935.2979325667156,1955.830078125,4723290,TCS.NS
2020-08-03,1963.58892914102,1975.0767939040647,1912.3656145009645,1932.4691162109373,4012337,TCS.NS
2020-08-04,1937.4415604977205,1945.7572705537968,1907.5220831999904,1928.654296875,2927928,TCS.NS
2020-08-05,1937.4841889366423,1971.7759444930432,1931.4831317142723,1937.0555419921875,3800641,TCS.NS
2020-08-06,1950.343822198444,1988.4934046546327,1942.0710189364877,1978.7203369140625,4748047,TCS.NS
2020-08-07,1978.6343571635675,1995.7802354752105,1960.6311849363424,1967.7896728515625,3165491,TCS.NS
2020-08-10,1987.207468298777,1993.2085262272028,1951.244027287768,1957.03076171875,2929353,TCS.NS
2020-08-11,1957.2018841416204,1982.0634061039975,1950.857993292014,1954.544189453125,2774423,TCS.NS
2020-08-12,1961.7885123299432,1968.689560547439,1925.9535866820563,1935.21240234375,3415751,TCS.NS
2020-08-13,1948.629409261869,1971.7763490111304,1929.3402928041517,1932.7265625,2695682,TCS.NS
2020-08-14,1952.058296001479,1955.744701793377,1914.4231758592864,1922.1815185546875,2270405,TCS.NS
2020-08-17,1940.0561552172792,1946.0572127013804,1918.83813054135,1931.8260498046875,2625630,TCS.NS
2020-08-18,1939.8846228642929,1962.3456805368155,1927.4538616726009,1945.8427734375,3493374,TCS.NS
2020-08-19,1951.5010121787695,1958.5736867058783,1931.0544693712045,1934.5694580078125,2843005,TCS.NS
2020-08-20,1934.9126670491396,1951.6728075537771,1920.3815747902445,1931.35498046875,2895164,TCS.NS
2020-08-21,1937.4843712440008,1946.914604909348,1921.238692380574,1927.7113037109373,1975294,TCS.NS
2020-08-24,1929.4258276262613,1937.4414003956556,1911.7654887188808,1927.2825927734373,2167966,TCS.NS
2020-08-25,1924.624465239856,1928.910933982038,1914.8084936803043,1922.6097412109373,1663419,TCS.NS
2020-08-26,1922.053106517466,1937.3985850661563,1900.1492034301464,1931.9119873046875,2618149,TCS.NS
2020-08-27,1942.6283764517432,1960.931688696689,1921.8389951062204,1927.5399169921875,3579393,TCS.NS
2020-08-28,1944.6854347183944,1954.587221305113,1916.1377147648536,1919.0953369140625,2941136,TCS.NS
2020-08-31,1920.3381465278549,1951.3721407858,1910.050620742884,1935.12646484375,6018154,TCS.NS
2020-09-01,1945.19972628124,1952.9153708544131,1921.4527287327448,1925.7821044921875,3610908,TCS.NS
2020-09-02,1926.33936954883,1944.9855116439287,1921.752763520274,1941.899169921875,2084137,TCS.NS
2020-09-03,1944.3428938356165,1992.351360350076,1944.3428938356165,1971.34765625,4654146,TCS.NS
2020-09-04,1950.34361874895,1992.565343242746,1940.0131854137649,1962.17431640625,5231303,TCS.NS
2020-09-07,1962.346105642108,2009.0686319669203,1957.502477917549,1994.9661865234373,4620401,TCS.NS
2020-09-08,2002.5956836957048,2049.3182021754624,1994.9658515539825,2013.0975341796875,7453998,TCS.NS
2020-09-09,1993.2083573787183,2022.356350561891,1988.9218877929577,1995.4801025390625,3866535,TCS.NS
2020-09-10,2001.7810115108407,2013.354477744416,1992.608009763538,1998.4803466796875,2308813,TCS.NS
2020-09-11,1998.3091566345652,2042.9313455941467,1997.6232796605905,2035.301513671875,4145424,TCS.NS
2020-09-14,2043.8748208970544,2148.164557980412,2041.945909291565,2135.8623046875,7512131,TCS.NS
2020-09-15,2135.8623046875,2175.812290992432,2112.886991671244,2135.8623046875,7318770,TCS.NS
2020-09-16,2133.7613766496534,2149.750031712196,2123.7739875295424,2145.806396484375,3074003,TCS.NS
2020-09-17,2126.0888144315936,2139.591192990988,2100.884458174163,2109.75732421875,4828176,TCS.NS
2020-09-18,2130.374783129492,2143.5770220090826,2088.710226789651,2100.28369140625,4183256,TCS.NS
2020-09-21,2113.230074583063,2147.436027364296,2102.2137610623663,2113.4873046875,4598809,TCS.NS
2020-09-22,2130.375164880444,2190.385732905245,2107.228231499449,2162.909423828125,7499613,TCS.NS
2020-09-23,2151.807732018691,2160.252160822618,2065.2210463876595,2115.329833984375,7502280,TCS.NS
2020-09-24,2100.3699349391013,2100.3699349391013,1974.00490502246,1999.423583984375,8424708,TCS.NS
2020-09-25,2030.07242378127,2091.797598828673,2016.441531345095,2076.62353515625,8228267,TCS.NS
2020-09-28,2091.797376265644,2095.226552292309,2028.3576197723412,2080.052490234375,4347166,TCS.NS
2020-09-29,2087.3823574313583,2152.70811767689,2080.052451949216,2133.290283203125,6995811,TCS.NS
2020-09-30,2133.804920937642,2147.521625933625,2108.943393132422,2136.634033203125,3917166,TCS.NS
2020-10-01,2151.8080599641003,2177.526881397934,2136.6339971781995,2163.338623046875,2610337,TCS.NS
2020-10-05,2246.1099163337003,2338.7834664490997,2231.578827246479,2319.665771484375,17412105,TCS.NS
2020-10-06,2345.5556244942222,2345.5556244942222,2271.9141774599066,2326.952392578125,9846367,TCS.NS
2020-10-07,2350.700098184519,2374.704329675827,2317.265632893054,2345.513427734375,9656101,TCS.NS
2020-10-08,2400.423394818779,2473.2933907329207,2400.423394818779,2422.455810546875,19839329,TCS.NS
2020-10-09,2408.9959271272837,2426.0132952436484,2383.277109399946,2411.52490234375,7739245,TCS.NS
2020-10-12,2413.7110835961653,2446.716900224989,2401.0659980046034,2426.141845703125,4623203,TCS.NS
2020-10-13,2439.001358145839,2447.488484775687,2410.882073914188,2423.184326171875,4209878,TCS.NS
2020-10-14,2446.8172734004734,2446.8172734004734,2399.938638262136,2418.922607421875,4395936,TCS.NS
2020-10-15,2420.1278198971663,2434.5487167250844,2347.808098491488,2359.51708984375,6629355,TCS.NS
2020-10-16,2367.696304451943,2386.2495901900656,2351.510418646621,2379.060791015625,5273773,TCS.NS
2020-10-19,2388.272321933021,2388.272321933021,2330.2444483682893,2334.506103515625,3331194,TCS.NS
2020-10-20,2346.0858749272656,2376.132909028188,2340.016142827005,2358.13916015625,3406273,TCS.NS
2020-10-21,2358.13975148648,2366.749243094682,2292.7507047607205,2303.38330078125,4570143,TCS.NS
2020-10-22,2290.9848421035317,2313.0680955687576,2271.269197926462,2299.723388671875,5262294,TCS.NS
2020-10-23,2314.0594355778976,2326.284872886134,2298.8206758954566,2313.198486328125,3499091,TCS.NS
2020-10-26,2315.9094926329994,2333.128470938704,2299.1640782692225,2314.40283203125,2672752,TCS.NS
2020-10-27,2324.3469358941825,2340.1883125525574,2259.21623167587,2264.4248046875,3537502,TCS.NS
2020-10-28,2281.51523886482,2286.6378442493988,2243.633476408196,2257.580810546875,3569445,TCS.NS
2020-10-29,2245.355324800289,2285.8199337978403,2238.6829690613317,2266.57763671875,3105968,TCS.NS
2020-10-30,2269.548006346375,2302.479309417882,2257.064244397699,2294.30029296875,3427003,TCS.NS
2020-11-02,2290.124471783228,2294.3001587505646,2238.5106183016787,2242.427978515625,2571196,TCS.NS
2020-11-03,2241.91181458514,2294.4297180758053,2239.372056372899,2267.39599609375,2879269,TCS.NS
2020-11-04,2247.0767003622427,2343.373921962473,2247.0767003622427,2284.2265625,4893928,TCS.NS
2020-11-05,2311.6488423796204,2333.172574617792,2296.151755168137,2312.25146484375,2816502,TCS.NS
2020-11-06,2323.702071514011,2335.9705985681326,2308.4633115274296,2330.97705078125,3884421,TCS.NS
2020-11-09,2351.33813808312,2362.4442972401707,2320.343970918161,2347.4638671875,3646592,TCS.NS
2020-11-10,2322.1521994277373,2335.884297479438,2271.4854638310926,2281.171142578125,4760020,TCS.NS
2020-11-11,2296.969157957218,2318.3638276224265,2275.832815066012,2314.05908203125,3242441,TCS.NS
2020-11-12,2312.5095763759664,2335.7552050290383,2291.6315580486703,2299.638427734375,2437505,TCS.NS
2020-11-13,2286.4654696117364,2294.343069445796,2269.4617256505835,2287.41259765625,2548093,TCS.NS
2020-11-14,2305.578242278348,2315.091770394544,2290.167339858533,2299.03515625,298819,TCS.NS
2020-11-17,2320.2574380678784,2320.2574380678784,2281.5578245067168,2295.3330078125,2827273,TCS.NS
2020-11-18,2290.985550841463,2293.740545917812,2244.5373890213323,2261.411865234375,2893762,TCS.NS
2020-11-19,2270.322262951934,2304.028328512575,2265.0275112621366,2270.236083984375,4167501,TCS.NS
2020-11-20,2285.8198609740625,2303.8997920778124,2262.1868502126918,2290.33984375,2711471,TCS.NS
2020-11-23,2315.9529249736165,2350.390886683261,2294.4291989050885,2345.4404296875,3706418,TCS.NS
2020-11-24,2354.1789812941174,2361.583227147866,2328.867163483405,2343.54638671875,3120516,TCS.NS
2020-11-25,2349.529639907723,2352.930346157085,2314.4028813766267,2325.681396484375,3302249,TCS.NS
2020-11-26,2312.5086920915346,2351.208302215902,2307.3429988106154,2342.297607421875,2341099,TCS.NS
2020-11-27,2328.8673807012237,2339.8013925388123,2297.916301728217,2307.042236328125,6086808,TCS.NS
2020-12-01,2306.48233852835,2355.4702518616264,2259.517529201016,2347.6357421875,3605017,TCS.NS
2020-12-02,2340.920860453286,2371.6567046663813,2326.6721092420767,2367.222900390625,2509032,TCS.NS
2020-12-03,2388.1858636877114,2388.1858636877114,2325.250630640494,2332.69775390625,2852548,TCS.NS
2020-12-04,2333.861083629398,2358.010750212946,2323.7018412475063,2348.281982421875,2686527,TCS.NS
2020-12-07,2337.4767615165097,2362.444284936023,2329.8572780510817,2357.020263671875,1996400,TCS.NS
2020-12-08,2359.000581353689,2415.43583803008,2352.5003734796765,2408.3330078125,4277818,TCS.NS
2020-12-09,2423.571265774617,2445.094989271727,2404.759447361097,2419.955322265625,3659996,TCS.NS
2020-12-10,2426.154320582248,2434.1611884481035,2393.653495315399,2397.140380859375,2127801,TCS.NS
2020-12-11,2404.3723519779046,2417.2865876316614,2380.1367204780763,2396.537841796875,1795408,TCS.NS
2020-12-14,2412.3793692485438,2414.101267442154,2372.9909480696992,2408.67724609375,2483658,TCS.NS
2020-12-15,2398.6041178788414,2406.0943327769764,2371.9146966102685,2377.553955078125,2365509,TCS.NS
2020-12-16,2392.5772064159487,2427.7039667062795,2376.606560858527,2422.882568359375,2565149,TCS.NS
2020-12-17,2420.12788119189,2456.890365132334,2414.9621866749385,2443.545654296875,2863460,TCS.NS
2020-12-18,2469.202181205763,2495.030655904568,2450.433447552765,2463.175537109375,6076692,TCS.NS
2020-12-21,2463.1754714217423,2485.1296743302546,2397.743337263038,2428.005615234375,2705195,TCS.NS
2020-12-22,2439.9301148417103,2482.6761599819592,2426.7144601002688,2473.07666015625,2881737,TCS.NS
2020-12-23,2476.132892958945,2513.110617630667,2467.006747714737,2504.285888671875,2790988,TCS.NS
2020-12-24,2504.500829843972,2515.1336348727555,2482.288301930581,2504.80224609375,1807144,TCS.NS
2020-12-28,2505.361638000797,2539.5412719171272,2498.474045868836,2522.06396484375,2108994,TCS.NS
2020-12-29,2513.971265302423,2541.5216353331343,2513.971265302423,2523.01123046875,1994151,TCS.NS
2020-12-30,2526.368973799279,2537.819638953184,2498.47430682836,2504.75927734375,2637968,TCS.NS
2020-12-31,2496.752236772444,2501.056982008258,2449.4000391784834,2464.681884765625,4040956,TCS.NS
2021-01-01,2479.533424400239,2531.1903707419106,2478.6724752945443,2521.07421875,2681440,TCS.NS
2021-01-04,2539.800147587225,2626.540779746348,2532.0085152654137,2616.81201171875,5113293,TCS.NS
2021-01-05,2616.9411700789765,2681.210941269064,2616.9411700789765,2662.915771484375,5801309,TCS.NS
2021-01-06,2668.941816204633,2680.564627339718,2614.874178663641,2627.185791015625,3726716,TCS.NS
2021-01-07,2647.418187574669,2652.4548233256423,2583.062249518992,2611.086181640625,3717827,TCS.NS
2021-01-08,2660.332307873314,2693.0483686173875,2634.5038388648354,2686.935546875,5879039,TCS.NS
2021-01-11,2780.8660814731584,2780.8660814731584,2709.019908496546,2734.76220703125,9508039,TCS.NS
2021-01-12,2734.761669759502,2763.64655350208,2711.9896085768078,2733.38427734375,3611458,TCS.NS
2021-01-13,2733.512852441588,2735.234750301393,2691.541592108824,2719.694580078125,3572801,TCS.NS
2021-01-14,2721.463837753693,2817.6423537313594,2691.618222997994,2804.013427734375,6931542,TCS.NS
2021-01-15,2790.4707926772085,2824.1117079521423,2768.906103398405,2789.047607421875,4131692,TCS.NS
2021-01-18,2803.4091101982617,2809.231575273289,2749.411053561698,2779.041015625,4160906,TCS.NS
2021-01-19,2788.7450431935063,2828.4240632946203,2787.882455800004,2812.638671875,2975735,TCS.NS
2021-01-20,2820.661200655656,2870.648105502872,2818.1597810756234,2854.129638671875,3453446,TCS.NS
2021-01-21,2850.851694185324,2854.431348081658,2813.846774585608,2823.982177734375,2778546,TCS.NS
2021-01-22,2796.422126882678,2868.1032271116046,2796.422126882678,2849.212646484375,3052459,TCS.NS
2021-01-25,2854.258518832995,2880.869424208278,2828.1220786435315,2839.033935546875,2272887,TCS.NS
2021-01-27,2846.5386578880207,2852.1023049644546,2783.5697724256493,2812.94091796875,2786662,TCS.NS
2021-01-28,2786.1577098539697,2824.974148536145,2746.3062082588003,2757.30419921875,3083938,TCS.NS
2021-01-29,2768.948610007639,2774.8142462015344,2674.020828478141,2683.811279296875,5445659,TCS.NS
2021-02-01,2674.020968399952,2730.089149995435,2625.8024164648887,2707.9638671875,3985846,TCS.NS
2021-02-02,2737.852216059484,2780.981583042147,2717.150119907805,2763.25537109375,2881837,TCS.NS
2021-02-03,2771.493218222829,2791.332727721468,2728.0618599311533,2760.32275390625,2505866,TCS.NS
2021-02-04,2774.1238997219257,2792.928344786841,2739.577236594088,2750.31640625,2057261,TCS.NS
2021-02-05,2759.3738955726767,2765.3258749331653,2699.035949619647,2724.0078125,2366135,TCS.NS
2021-02-08,2751.2228897647497,2782.7073341843807,2721.5929242725,2772.442626953125,2526592,TCS.NS
2021-02-09,2755.9669210922166,2799.786405962383,2729.2267099642486,2740.35400390625,2658751,TCS.NS
2021-02-10,2747.3409311746523,2777.013854169125,2723.4473017724445,2771.752197265625,2127983,TCS.NS
2021-02-11,2773.2186091965013,2776.927777293114,2747.3841575839447,2765.455322265625,1165882,TCS.NS
2021-02-12,2746.650589270533,2799.5272357807867,2744.7529392249157,2752.34375,2777404,TCS.NS
2021-02-15,2768.043101041877,2768.043101041877,2701.235745785617,2708.395263671875,2630853,TCS.NS
2021-02-16,2717.150376031372,2732.3749597743044,2674.021004983255,2681.61181640625,3435770,TCS.NS
2021-02-17,2678.4201791921864,2702.356979177696,2627.053058185839,2650.8173828125,3678426,TCS.NS
2021-02-18,2643.83015411918,2672.209192906776,2614.5021850359653,2637.2314453125,4189909,TCS.NS
2021-02-19,2637.7923377748643,2662.936676901493,2601.692969909336,2649.7392578125,3725028,TCS.NS
2021-02-22,2670.570568892352,2670.570568892352,2538.724001627138,2551.921630859375,5366696,TCS.NS
2021-02-23,2561.8849988027264,2611.915076220422,2560.159823719357,2570.683349609375,3832829,TCS.NS
2021-02-24,2563.610634762292,2590.6528432927084,2519.7479661451102,2542.994873046875,3774549,TCS.NS
2021-02-25,2565.335339405835,2613.5538985691696,2560.547936448802,2583.70849609375,4224073,TCS.NS
2021-02-26,2553.2586180761905,2563.9116563447387,2484.251628398456,2496.586669921875,5553153,TCS.NS
2021-03-01,2523.9313619351847,2557.5722789261185,2503.0567837670387,2522.378662109375,3265871,TCS.NS
2021-03-02,2553.258735375397,2609.3269170643844,2542.9076864482,2593.23974609375,3306469,TCS.NS
2021-03-03,2617.953496922684,2642.968538573675,2585.088823482066,2638.741943359375,3509857,TCS.NS
2021-03-04,2607.6017705058875,2658.0199630833813,2601.606830055768,2630.6328125,3916760,TCS.NS
2021-03-05,2601.649925333204,2642.277665267085,2584.829471136932,2594.7060546875,3203686,TCS.NS
2021-03-08,2601.563537985365,2616.227523444832,2584.311790385993,2593.757080078125,2003125,TCS.NS
2021-03-09,2593.7575738375635,2645.469654992304,2580.9482751621667,2631.71142578125,1942397,TCS.NS
2021-03-10,2652.4561674576,2668.155215500938,2639.517356884636,2648.962646484375,3053778,TCS.NS
2021-03-12,2652.4571623193674,2688.6858455120223,2623.4311706175704,2637.75,2938317,TCS.NS
2021-03-15,2623.128518944657,2673.1585926371235,2623.128518944657,2644.822509765625,3097083,TCS.NS
2021-03-16,2639.5178810504785,2709.387472019462,2639.5178810504785,2682.6904296875,4894756,TCS.NS
2021-03-17,2678.333635017465,2721.463001120806,2661.3407068912707,2685.191162109375,3838390,TCS.NS
2021-03-18,2696.4052324647,2714.0882754209074,2576.591918330186,2619.246826171875,3656306,TCS.NS
2021-03-19,2613.6402270631115,2673.158766887321,2592.0755387210065,2631.064453125,5776626,TCS.NS
2021-03-22,2629.770031169302,2708.0498337575755,2603.8492389926228,2699.596435546875,2821646,TCS.NS
2021-03-23,2708.5252542516405,2733.540296408742,2693.731960109604,2710.76806640625,3305973,TCS.NS
2021-03-24,2683.6821812436565,2719.134611643029,2683.6390097502326,2692.221923828125,2207104,TCS.NS
2021-03-25,2684.5450561980792,2700.6324411114897,2630.892150204252,2643.70166015625,3179786,TCS.NS
2021-03-26,2665.955393550723,2689.5472407882653,2624.896363824977,2645.3828125,3697370,TCS.NS
2021-03-30,2659.3566341390606,2750.316422403273,2640.2933706563263,2724.525146484375,4694008,TCS.NS
2021-03-31,2721.463134332693,2764.592502547157,2701.623624954039,2741.17333984375,3530069,TCS.NS
2021-04-01,2752.602726625417,2773.218481175331,2712.837363389243,2730.089111328125,4285076,TCS.NS
2021-04-05,2735.264628651312,2814.622668965383,2718.012880756948,2793.834228515625,5317862,TCS.NS
2021-04-06,2824.973558972409,2824.973558972409,2786.157128391109,2816.0888671875,2291562,TCS.NS
2021-04-07,2811.172894837434,2827.173936403416,2790.298317730725,2821.868896484375,2491268,TCS.NS
2021-04-08,2820.6607969198403,2876.728977898369,2817.2536188096706,2861.50439453125,2578118,TCS.NS
2021-04-09,2893.1185996171644,2893.420589492233,2853.4395729080443,2865.7314453125,2911129,TCS.NS
2021-04-12,2865.731177961672,2879.403273387137,2771.665973691975,2800.433349609375,3791828,TCS.NS
2021-04-13,2772.355844796707,2772.355844796707,2650.7741954640505,2677.514404296875,8654596,TCS.NS
2021-04-15,2726.035064495398,2792.411124320326,2663.195486735529,2776.625732421875,6062760,TCS.NS
2021-04-16,2785.2941204832096,2800.820690371316,2745.270157897566,2756.095458984375,3224657,TCS.NS
2021-04-19,2733.539444524105,2750.7911923595366,2704.297816180099,2727.328857421875,2679106,TCS.NS
2021-04-20,2781.844832915207,2782.1468227930536,2696.7506558291448,2712.44970703125,3141893,TCS.NS
2021-04-22,2715.4250580742028,2715.4250580742028,2678.5494477715747,2690.237548828125,1988980,TCS.NS
2021-04-23,2678.333201429088,2690.409421983036,2666.300152352777,2682.21484375,1615309,TCS.NS
2021-04-26,2675.78941594287,2719.7382039838667,2663.7131917577217,2674.711181640625,2490260,TCS.NS
2021-04-27,2679.196748658006,2705.160716389788,2676.6089861834494,2701.6240234375,1471417,TCS.NS
2021-04-28,2717.107575977585,2718.0133350119418,2684.3724209956085,2694.809814453125,1639037,TCS.NS
2021-04-29,2713.35515029315,2723.490552768404,2678.765309523526,2687.175537109375,1621395,TCS.NS
2021-04-30,2673.1584252464727,2701.6669817097545,2605.014018794562,2618.513427734375,3072305,TCS.NS
2021-05-03,2609.24010022459,2635.2040608054053,2591.212110854153,2619.677490234375,1545831,TCS.NS
2021-05-04,2641.93307870196,2665.395416952721,2617.95310370599,2630.67626953125,1990777,TCS.NS
2021-05-05,2648.143797781496,2673.5037876990805,2632.9621725538914,2670.312255859375,1939289,TCS.NS
2021-05-06,2678.765351819636,2703.349094381819,2651.5938468824866,2683.897705078125,1791671,TCS.NS
2021-05-07,2702.486489466706,2725.6470468101074,2684.1996775869275,2702.400146484375,1912540,TCS.NS
2021-05-10,2713.656676882952,2729.3988962830617,2695.585513717513,2713.2685546875,2137153,TCS.NS
2021-05-11,2695.5859949476826,2698.260100491733,2666.387323213347,2693.515869140625,2415625,TCS.NS
2021-05-12,2691.272945509579,2691.272945509579,2648.661208109403,2663.3251953125,1978558,TCS.NS
2021-05-14,2672.726908249209,2672.726908249209,2622.265548193511,2632.185302734375,2043935,TCS.NS
2021-05-17,2635.204812888748,2652.6290382727884,2618.8156503863306,2647.927978515625,2890462,TCS.NS
2021-05-18,2674.021534612869,2694.7236368163235,2655.0446075930354,2664.360595703125,2098538,TCS.NS
2021-05-19,2660.2198038763386,2689.5477783678416,2645.6421596161504,2658.49462890625,1986041,TCS.NS
2021-05-20,2645.6417885061574,2664.3598921874577,2632.702978045449,2639.517333984375,2329027,TCS.NS
2021-05-21,2640.3799854458744,2663.8423201990017,2635.290804111499,2657.200439453125,1685566,TCS.NS
2021-05-24,2658.063232421875,2678.3340375368884,2649.8686516307,2658.063232421875,1652260,TCS.NS
2021-05-25,2680.166336441775,2711.588079551741,2671.5850346966977,2699.236083984375,1841613,TCS.NS
2021-05-26,2704.437504946968,2743.4438151144727,2690.395275611222,2737.8095703125,1923753,TCS.NS
2021-05-27,2740.799651958414,2789.167512540997,2740.669715590691,2756.445556640625,5959785,TCS.NS
2021-05-28,2764.680144221278,2772.048001636509,2718.002515829802,2724.893798828125,1763701,TCS.NS
2021-05-31,2730.441361193668,2748.08096384286,2711.8917807222774,2738.37255859375,1652799,TCS.NS
2021-06-01,2746.5637729704818,2747.7338350327705,2714.838563347407,2733.04150390625,1377441,TCS.NS
2021-06-02,2731.1782099155653,2738.6326212021613,2700.10310240254,2712.62841796875,2240078,TCS.NS
2021-06-03,2734.38550666778,2734.38550666778,2706.7342420318428,2722.85693359375,1281706,TCS.NS
2021-06-04,2711.372204274354,2736.3796700274734,2708.771783362326,2725.0244140625,1836060,TCS.NS
2021-06-07,2726.1079859801675,2765.5043213862277,2716.226470934479,2759.219970703125,2559821,TCS.NS
2021-06-08,2772.048315150032,2800.652941291355,2762.686758815591,2773.911865234375,2574057,TCS.NS
2021-06-09,2775.5156913705478,2791.11821555689,2761.8201000379795,2773.998779296875,1710925,TCS.NS
2021-06-10,2782.449909543957,2794.5852050996004,2767.714193512104,2788.34423828125,1874324,TCS.NS
2021-06-11,2783.7937124543178,2868.2640016376467,2783.316926339826,2837.75244140625,3452954,TCS.NS
2021-06-14,2842.258866924045,2868.002980850691,2834.7610744157955,2839.9619140625,1847360,TCS.NS
2021-06-15,2858.729013970433,2858.729013970433,2818.465877793189,2828.174072265625,1304985,TCS.NS
2021-06-16,2827.610620330609,2855.868395770496,2819.7225935967435,2838.22900390625,1635552,TCS.NS
2021-06-17,2830.557250765002,2891.710505167781,2825.789813962305,2875.847900390625,2273413,TCS.NS
2021-06-18,2904.5827872718105,2910.737200128449,2838.792236575542,2858.1220703125,3380431,TCS.NS
2021-06-21,2830.124287870364,2848.327231222669,2818.595714756018,2837.1455078125,1130569,TCS.NS
2021-06-22,2863.930031360667,2883.9099729657505,2847.460700066523,2861.5029296875,1708688,TCS.NS
2021-06-23,2885.5998874590587,2885.5998874590587,2822.6696280338883,2827.003662109375,1467104,TCS.NS
2021-06-24,2846.593784777337,2932.407665621721,2841.8263469526496,2924.259765625,4155204,TCS.NS
2021-06-25,2925.689668189585,2946.839669579688,2903.8027963662275,2930.50048828125,2722861,TCS.NS
2021-06-28,2939.775548007628,2939.775548007628,2889.067345277731,2892.31787109375,1355238,TCS.NS
2021-06-29,2896.8680809773546,2917.931526763228,2883.4325767119,2895.871337890625,1497322,TCS.NS
2021-06-30,2900.3353540288986,2931.5403966902977,2893.8343034744407,2900.11865234375,1693146,TCS.NS
2021-07-01,2910.736880774914,2914.204107553681,2888.5033737051617,2896.4345703125,990310,TCS.NS
2021-07-02,2887.3335252667507,2894.874702296693,2856.3017987018657,2882.522705078125,1682274,TCS.NS
2021-07-05,2896.868471057757,2924.606290050531,2862.196197316791,2878.66552734375,1972858,TCS.NS
2021-07-06,2871.73124699857,2884.733350441063,2822.4100192558253,2827.7841796875,2159420,TCS.NS
2021-07-07,2838.7921619597746,2845.4665317412077,2809.8409005907183,2838.748779296875,2640710,TCS.NS
2021-07-08,2858.7291063276816,2858.7291063276816,2801.433086588135,2824.490234375,2485811,TCS.NS
2021-07-09,2817.1226358162826,2844.8604586920123,2774.649094537822,2780.8466796875,6365067,TCS.NS
2021-07-12,2804.12014759914,2804.986954445384,2763.6836928709663,2767.801025390625,1892226,TCS.NS
2021-07-13,2785.916741043818,2785.916741043818,2752.1112796559187,2762.98974609375,1809339,TCS.NS
2021-07-14,2762.5139556719832,2792.8522011845403,2760.780341642694,2786.39453125,2044279,TCS.NS
2021-07-15,2803.81149550316,2807.503464302064,2774.623139694448,2782.39794921875,2232968,TCS.NS
2021-07-16,2791.128631647144,2797.079301954626,2772.885960852065,2775.318359375,1256526,TCS.NS
2021-07-19,2762.461177532685,2779.66144992292,2758.9863835986816,2766.457275390625,1597058,TCS.NS
2021-07-20,2766.4574129478538,2792.865763325552,2741.74277019569,2784.873779296875,1811945,TCS.NS
2021-07-22,2771.148283345364,2801.509254252244,2771.148283345364,2794.03857421875,2859334,TCS.NS
2021-07-23,2805.8966321307703,2815.930143928845,2785.612433872691,2790.99853515625,1776193,TCS.NS
2021-07-26,2779.835544562506,2800.901485798644,2771.8870371361213,2777.707275390625,1259611,TCS.NS
2021-07-27,2779.83552348738,2788.522509498278,2746.0864980011934,2765.024169921875,1121367,TCS.NS
2021-07-28,2769.410054473943,2783.70009844226,2721.110346356329,2777.92333984375,1660654,TCS.NS
2021-07-29,2780.052433568166,2801.943593815388,2771.408925726824,2776.186767578125,1731997,TCS.NS
2021-07-30,2796.341029337804,2800.250173367633,2747.129334329476,2751.5595703125,2999943,TCS.NS
2021-08-02,2762.460627261092,2801.465096566902,2751.167549225119,2796.687255859375,2608669,TCS.NS
2021-08-03,2805.027724666387,2858.0183382323976,2796.2972614898176,2853.587890625,3804735,TCS.NS
2021-08-04,2866.7050780162026,2871.22226784343,2832.9995334698806,2844.075439453125,2929598,TCS.NS
2021-08-05,2844.9876418652243,2879.735582529227,2834.128910407723,2852.762451171875,2534521,TCS.NS
2021-08-06,2842.859726234978,2887.5542280518885,2836.301009202592,2875.21875,2292362,TCS.NS
2021-08-09,2887.466712136198,2898.846746739973,2875.391888435514,2886.42431640625,1510489,TCS.NS
2021-08-10,2880.2565531069718,2910.052739110011,2880.2565531069718,2896.153564453125,2040777,TCS.NS
2021-08-11,2910.1400563577786,2918.8270416006376,2890.246944985472,2905.1015625,1929707,TCS.NS
2021-08-12,2889.290685660942,2925.7760160270755,2889.290685660942,2911.65966796875,1310205,TCS.NS
2021-08-13,2919.4788086544804,3023.0711163036794,2916.655538215404,3008.650634765625,4363584,TCS.NS
2021-08-16,3005.6964431368747,3035.536317803578,2985.282030878575,3016.946044921875,2083489,TCS.NS
2021-08-17,3024.895658268676,3093.2621997032534,3008.3034291964027,3086.52978515625,4336019,TCS.NS
2021-08-18,3104.5981658627,3122.9710539890493,3072.2391472921595,3093.04443359375,2631309,TCS.NS
2021-08-20,3045.656954266312,3105.5971510274003,3040.4447632436086,3092.13232421875,2836148,TCS.NS
2021-08-23,3109.940503893269,3190.729461117312,3094.216976847013,3159.8037109375,3744176,TCS.NS
2021-08-24,3176.830532268057,3185.821646910204,3122.449919318279,3138.781494140625,2511141,TCS.NS
2021-08-25,3136.001162053328,3212.22944514756,3133.438544240862,3178.5673828125,2123263,TCS.NS
2021-08-26,3179.4367940527254,3203.412959628608,3168.925456429799,3189.73095703125,1902533,TCS.NS
2021-08-27,3184.648780586405,3239.811136714947,3171.705257446776,3231.688720703125,3944728,TCS.NS
2021-08-30,3227.215092485253,3249.236685419904,3203.4128372022465,3215.31396484375,2033114,TCS.NS
2021-08-31,3222.349945144956,3304.6158580161027,3217.1812317850963,3289.283203125,3207480,TCS.NS
2021-09-01,3297.5791917094903,3315.561206528715,3220.265032578261,3227.171142578125,2643336,TCS.NS
2021-09-02,3243.720232119877,3352.437765671095,3233.295850013439,3332.97900390625,3403717,TCS.NS
2021-09-03,3322.771899500522,3350.483297959247,3305.007056859982,3337.583251953125,1746812,TCS.NS
2021-09-06,3344.228513568609,3368.4653285384056,3313.216020086968,3346.2265625,1723693,TCS.NS
2021-09-07,3356.6509369270207,3361.81965048182,3308.220996519753,3314.866455078125,1585039,TCS.NS
2021-09-08,3309.742054392164,3314.085547901865,3262.832324487393,3278.59912109375,4147175,TCS.NS
2021-09-09,3292.106262958881,3308.611532453073,3270.649455033345,3293.5830078125,1441148,TCS.NS
2021-09-13,3272.38733704224,3346.574106093032,3272.38733704224,3340.449951171875,1691473,TCS.NS
2021-09-14,3344.445867333789,3384.883826372717,3322.771881400139,3375.675537109375,1991188,TCS.NS
2021-09-15,3372.375321354635,3457.42083958494,3358.389187395824,3435.3125,2461369,TCS.NS
2021-09-16,3413.9847323450576,3458.93987481296,3381.061147622684,3390.79052734375,2946666,TCS.NS
2021-09-17,3405.2982886398604,3427.015752215369,3305.397956192517,3325.247802734375,6477148,TCS.NS
2021-09-20,3308.8723784015588,3362.731682014291,3307.87346002322,3321.468505859375,2002008,TCS.NS
2021-09-21,3351.4385106205077,3363.2094166504107,3319.861238160691,3355.738525390625,1568129,TCS.NS
2021-09-22,3355.348318794824,3385.188200327856,3346.61785550958,3355.044189453125,1744067,TCS.NS
2021-09-23,3361.8629496086937,3369.681235538016,3331.458504327995,3361.21142578125,2003869,TCS.NS
2021-09-24,3379.237295943802,3426.494411341155,3348.832847265645,3362.99267578125,2320754,TCS.NS
2021-09-27,3387.9245657348456,3391.399360161241,3303.573846200265,3333.153076171875,1673362,TCS.NS
2021-09-28,3344.490015050973,3344.490015050973,3258.7060179116784,3282.942626953125,2253075,TCS.NS
2021-09-29,3266.1322429687943,3306.266066094063,3233.4256213963404,3294.017333984375,2489161,TCS.NS
2021-09-30,3305.3973338425376,3305.3973338425376,3257.705877644049,3279.814208984375,2252412,TCS.NS
2021-10-01,3285.2008882642654,3309.741623398387,3235.902243348817,3240.41943359375,1578374,TCS.NS
2021-10-04,3235.728229979652,3286.8510096871387,3220.656226102049,3277.860107421875,1356860,TCS.NS
2021-10-05,3261.0943406416723,3335.802415573793,3250.3225635085573,3329.982177734375,1877966,TCS.NS
2021-10-06,3332.32761162696,3350.961152961185,3296.710971356703,3310.523193359375,1678154,TCS.NS
2021-10-07,3327.115296164053,3387.055493405651,3318.4717883990315,3381.75634765625,1647233,TCS.NS
2021-10-08,3409.6419994464163,3466.0204536607403,3387.9245344817896,3418.8935546875,2934339,TCS.NS
2021-10-11,3261.9633818218576,3264.1351284142825,3179.43701130972,3201.67578125,11845402,TCS.NS
2021-10-12,3219.3960859971685,3220.2647843474106,3153.8963152227384,3173.224853515625,5752877,TCS.NS
2021-10-13,3170.749655733795,3192.857991053429,3166.406163054708,3175.266845703125,3545655,TCS.NS
2021-10-14,3155.0740091312496,3194.240445106672,3140.4518305354554,3143.280517578125,6442299,TCS.NS
2021-10-18,3136.31810253628,3179.1835977264323,3134.577371767137,3174.35302734375,3590107,TCS.NS
2021-10-19,3193.370156269083,3211.7349483513485,3155.248115175907,3163.037841796875,3135441,TCS.NS
2021-10-20,3143.7593878979965,3159.425962920744,3114.428120492601,3141.017822265625,2933693,TCS.NS
2021-10-21,3136.883919403963,3139.7995159026163,3056.07040968974,3074.565673828125,4871211,TCS.NS
2021-10-22,3098.5005871767303,3099.893256706908,3033.2231871659847,3045.27783203125,2691670,TCS.NS
2021-10-25,3048.889547465273,3058.942308854021,3002.7601880545794,3040.142333984375,2595594,TCS.NS
2021-10-26,3041.4915394122427,3071.5191422480484,3024.519416070266,3031.13427734375,3878763,TCS.NS
2021-10-27,3031.482455875242,3056.070276540897,3031.482455875242,3037.357421875,2510813,TCS.NS
2021-10-28,3061.9452338402966,3061.9452338402966,2972.297604765382,2978.08544921875,2424942,TCS.NS
2021-10-29,2959.2855740900413,3012.3342965071097,2947.0133383911043,2957.28369140625,3960501,TCS.NS
2021-11-01,2992.2725316859896,3034.963994875041,2970.513397796722,3025.738037109375,2020718,TCS.NS
2021-11-02,3041.056478243757,3058.115723793771,3019.950118885597,3032.52685546875,3087414,TCS.NS
2021-11-03,3049.9340259076293,3063.5987185482923,3016.729674881842,3039.533203125,1537639,TCS.NS
2021-11-04,3057.5492533198626,3057.810405366759,3050.6298927803286,3053.806640625,328991,TCS.NS
2021-11-08,3088.056644388784,3088.056644388784,3029.916189307277,3048.672607421875,2526082,TCS.NS
2021-11-09,3053.241384583853,3076.7412470079594,3042.7970012842507,3051.239501953125,1782692,TCS.NS
2021-11-10,3044.537976398456,3063.4248618840948,3029.0454307612417,3032.614013671875,1516489,TCS.NS
2021-11-11,3028.8713475755,3055.025868233188,2990.5752730659246,3036.00830078125,1284514,TCS.NS
2021-11-12,3051.500550347196,3076.001247008398,3033.832093367419,3068.951416015625,1747259,TCS.NS
2021-11-15,3070.649631171287,3106.856922703276,3070.649631171287,3092.669921875,1809157,TCS.NS
2021-11-16,3106.333875700264,3112.034811133801,3082.8340116924446,3095.3671875,2013204,TCS.NS
2021-11-17,3090.319008678797,3100.9809832225665,3051.848693801124,3065.33935546875,1632914,TCS.NS
2021-11-18,3059.4650248757885,3064.426277931292,3004.153470552186,3025.129150390625,2136598,TCS.NS
2021-11-22,3027.4785951812783,3060.16085491759,2994.317804519924,3010.0712890625,3167936,TCS.NS
2021-11-23,2998.408553382316,3029.698144409145,2966.0310056960598,3015.1630859375,2153461,TCS.NS
2021-11-24,3022.082181692032,3040.229382169995,2980.1306190967416,2996.9287109375,2161746,TCS.NS
2021-11-25,2997.450675821812,3014.074736407611,2988.87770595789,2999.19140625,1849619,TCS.NS
2021-11-26,2981.000988929402,3037.574730325143,2969.599119128424,3000.0185546875,1941251,TCS.NS
2021-11-29,3000.2796653058103,3071.823863111824,2964.8558400184647,3048.019287109375,2981745,TCS.NS
2021-11-30,3038.4453065214807,3101.764383018025,3038.4453065214807,3071.649658203125,5588446,TCS.NS
2021-12-01,3076.7419673552504,3124.612068686096,3076.7419673552504,3113.99365234375,2102118,TCS.NS
2021-12-02,3123.914991843836,3175.092512337047,3110.7726037312136,3170.653564453125,3152938,TCS.NS
2021-12-03,3173.743431912985,3190.715554868468,3160.165861043513,3168.521240234375,2486263,TCS.NS
2021-12-06,3168.5212674324416,3183.796220721799,3065.426541657237,3077.959716796875,1849642,TCS.NS
2021-12-07,3100.6764260141867,3131.574394610258,3067.4285135724954,3119.824462890625,1484458,TCS.NS
2021-12-08,3134.185649600943,3173.743712566218,3134.185649600943,3156.72802734375,1428660,TCS.NS
2021-12-09,3142.018648297052,3163.560188891332,3103.7225761294426,3134.838134765625,1567957,TCS.NS
2021-12-10,3120.259277904166,3169.8700948750275,3111.642747321619,3165.34423828125,1510718,TCS.NS
2021-12-13,3176.833684068705,3187.278068783452,3134.7949930935406,3141.71435546875,1883864,TCS.NS
2021-12-14,3137.6671180553103,3163.7780788158257,3113.035735906248,3154.030029296875,1747007,TCS.NS
2021-12-15,3150.722835659417,3153.3339319320626,3096.8906491750763,3107.50927734375,1603233,TCS.NS
2021-12-16,3117.648598243218,3140.6697186213864,3107.2042143295057,3117.300537109375,2072320,TCS.NS
2021-12-17,3135.490892346272,3178.0083208796227,3110.424330014637,3119.69384765625,4333992,TCS.NS
2021-12-20,3123.741303523864,3138.5375147693103,3055.112909309398,3095.802490234375,2312310,TCS.NS
2021-12-21,3118.2145505242247,3169.1744877679744,3104.071112614517,3140.53955078125,2340989,TCS.NS
2021-12-22,3154.203647877505,3165.344365511799,3138.7546647787667,3160.07861328125,1224328,TCS.NS
2021-12-23,3175.0928785551187,3194.676099434365,3159.4263018517217,3187.88720703125,1792861,TCS.NS
2021-12-24,3207.296161626964,3224.7034677959027,3172.307518725703,3195.02392578125,2209923,TCS.NS
2021-12-27,3195.111021329624,3220.351615069357,3179.5315674317108,3216.957275390625,1534135,TCS.NS
2021-12-28,3229.055696705625,3242.111177959152,3214.999380219284,3226.052978515625,1456218,TCS.NS
2021-12-29,3213.6059289954974,3237.715002681955,3207.295781257609,3215.73828125,1456923,TCS.NS
2021-12-30,3204.1197447559684,3255.1665903812354,3202.944666471376,3249.726806640625,1966475,TCS.NS
2021-12-31,3257.6033077203024,3272.573548475662,3247.5941067076774,3253.730224609375,1207141,TCS.NS
2022-01-03,3263.870627946761,3333.499868009626,3259.518800442833,3322.837890625,2346158,TCS.NS
2022-01-04,3334.456597811897,3384.981133665279,3317.571383436288,3381.151611328125,2488606,TCS.NS
2022-01-05,3363.9620338385444,3368.3138605317376,3318.180732029534,3360.43701171875,1733031,TCS.NS
2022-01-06,3317.832030196248,3337.850429119258,3283.017423373622,3313.871826171875,1810293,TCS.NS
2022-01-07,3324.7961256305143,3363.875450592213,3304.255415355121,3353.953369140625,2460591,TCS.NS
2022-01-10,3462.312983509929,3462.312983509929,3360.4802487008137,3376.88671875,3937092,TCS.NS
2022-01-11,3356.128871139957,3416.1840817490493,3356.128871139957,3408.263671875,1906106,TCS.NS
2022-01-12,3416.1840637185605,3419.6655251847706,3339.200289545301,3359.523193359375,3203744,TCS.NS
2022-01-13,3410.091351901108,3414.44317853702,3356.999066942974,3392.596923828125,6684507,TCS.NS
2022-01-14,3375.146889163992,3461.443542213752,3359.6543409952205,3453.74072265625,3348123,TCS.NS
2022-01-17,3475.10729954909,3518.8867142278687,3448.64828088195,3498.12841796875,3442604,TCS.NS
2022-01-18,3511.0097459064323,3517.75507637908,3464.053584662884,3473.279541015625,2389041,TCS.NS
2022-01-19,3498.0421346447133,3498.0421346447133,3409.544807459659,3413.1630859375,3102539,TCS.NS
2022-01-20,3409.1084508046006,3417.8273982491137,3322.7908711039217,3336.348876953125,6176776,TCS.NS
2022-01-21,3319.303479374878,3358.14643500438,3288.002541429297,3342.40869140625,3112358,TCS.NS
2022-01-24,3348.075701814863,3356.489400659133,3260.973505030804,3288.22021484375,3258414,TCS.NS
2022-01-25,3286.6068936910965,3321.3954051914466,3245.3662340411584,3286.95556640625,3330501,TCS.NS
2022-01-27,3253.0391101339314,3255.131572257952,3160.7055469917223,3181.76171875,5718297,TCS.NS
2022-01-28,3178.9284407068867,3251.9932675177347,3178.9284407068867,3217.33544921875,3143862,TCS.NS
2022-01-31,3268.7336020486573,3276.580655241092,3244.669220445881,3257.616943359375,2739393,TCS.NS
2022-02-01,3287.043355557894,3320.1753575502544,3257.7476054923573,3313.766845703125,2105169,TCS.NS
2022-02-02,3337.525775843539,3369.00126096906,3313.766644280028,3362.200439453125,1984212,TCS.NS
2022-02-03,3357.6666174504307,3385.1313015453898,3327.1939390990083,3334.648681640625,1960538,TCS.NS
2022-02-04,3326.540047724712,3334.735773143684,3286.1712786456783,3326.191162109375,2307366,TCS.NS
2022-02-07,3305.352873326484,3340.9262203657618,3274.9672572822224,3294.89013671875,1919149,TCS.NS
2022-02-08,3305.832508802573,3312.938365711903,3244.3202929778845,3263.894287109375,2946443,TCS.NS
2022-02-09,3269.605422582937,3293.974839092935,3266.205118089426,3278.803955078125,1638721,TCS.NS
2022-02-10,3304.3069440401177,3304.3069440401177,3276.5806469242366,3287.3486328125,2112459,TCS.NS
2022-02-11,3271.7852545985124,3271.7852545985124,3217.291829305399,3221.607666015625,3851488,TCS.NS
2022-02-14,3246.936281438316,3307.314997198145,3234.729754064488,3255.437255859375,5951745,TCS.NS
2022-02-15,3300.9936738175647,3343.716518513038,3267.8616718088306,3328.719970703125,3931683,TCS.NS
2022-02-16,3351.56328774582,3360.3695095219214,3318.431288543338,3324.621826171875,3256906,TCS.NS
2022-02-17,3334.997667431845,3343.716615581994,3294.890505941162,3299.42431640625,3134372,TCS.NS
2022-02-18,3286.171011377613,3327.1064235629706,3276.231497285131,3307.881103515625,3688883,TCS.NS
2022-02-21,3321.9182932972194,3337.43805913022,3230.848948538203,3242.924560546875,7465922,TCS.NS
2022-02-22,3182.4154755643576,3198.022304668423,3112.6639034971936,3126.962890625,5408531,TCS.NS
2022-02-23,3148.412181820984,3158.787644989509,3100.152718590323,3107.2587890625,2426203,TCS.NS
2022-02-24,3028.962533260586,3037.550782181064,2956.682539532843,2965.880859375,5039136,TCS.NS
2022-02-25,3023.731181877086,3077.7886597537813,3018.499813050309,3069.7236328125,2549723,TCS.NS
2022-02-28,3042.912824650469,3107.215065572524,3013.181127091719,3098.888427734375,3288942,TCS.NS
2022-03-02,3097.406001398964,3114.36431117706,3056.862896806409,3091.869384765625,2761341,TCS.NS
2022-03-03,3106.4303788627763,3120.1627215451904,3077.8758250310893,3090.34375,1928039,TCS.NS
2022-03-04,3052.939667338102,3104.991744753714,3040.340829947351,3072.862548828125,2370257,TCS.NS
2022-03-07,3008.037021468879,3093.482710774372,2991.9506051879243,3038.466064453125,3054130,TCS.NS
2022-03-08,3016.755720684322,3146.6680335114797,3016.755720684322,3138.77734375,3300992,TCS.NS
2022-03-09,3143.180493415946,3185.9033350740265,3136.2489729035888,3167.244873046875,2719654,TCS.NS
2022-03-10,3212.0604115144542,3212.0604115144542,3151.899670907913,3157.08740234375,2005441,TCS.NS
2022-03-11,3141.654931943972,3173.566366707418,3132.5873111877163,3138.080078125,1623423,TCS.NS
2022-03-14,3121.383371952632,3180.9774664485976,3121.383371952632,3176.312744140625,1765688,TCS.NS
2022-03-15,3190.2626259339454,3190.2626259339454,3126.091092504641,3133.502197265625,3651133,TCS.NS
2022-03-16,3174.1324778294074,3198.109580738433,3152.989032536903,3187.5595703125,3090475,TCS.NS
2022-03-17,3223.04599419264,3234.729297885397,3191.3961743923683,3202.251220703125,3600452,TCS.NS
2022-03-21,3222.5226847081344,3238.173151385832,3151.8992167802776,3162.100341796875,2413831,TCS.NS
2022-03-22,3173.6969241757306,3235.6014520923454,3160.6185027848965,3226.8388671875,2907611,TCS.NS
2022-03-23,3232.9852819842704,3251.992627455648,3217.291178673667,3236.821533203125,1596195,TCS.NS
2022-03-24,3226.010330100435,3276.7545581252484,3221.6508566813804,3269.474365234375,1879046,TCS.NS
2022-03-25,3278.2364447573104,3295.3256641850585,3201.596994017075,3232.505615234375,1690133,TCS.NS
2022-03-28,3221.650613736102,3237.344716861204,3192.1805330726547,3232.7236328125,1760990,TCS.NS
2022-03-29,3221.4328800422795,3245.1920101542364,3218.163274981001,3230.675048828125,2689063,TCS.NS
2022-03-30,3259.142477223061,3259.142477223061,3231.416182436141,3253.518798828125,1583455,TCS.NS
2022-03-31,3260.886166604706,3273.6593387691028,3243.6226090320506,3260.842529296875,2168110,TCS.NS
2022-04-01,3267.8615064848686,3280.9399276687727,3250.4672488832616,3277.234375,1387014,TCS.NS
2022-04-04,3280.068226112022,3295.7623324570554,3258.358130814035,3287.3486328125,1472994,TCS.NS
2022-04-05,3288.7863846996506,3344.23896562156,3288.7863846996506,3326.103515625,2314947,TCS.NS
2022-04-06,3321.308698504881,3321.308698504881,3253.1699963861447,3274.27001953125,2051729,TCS.NS
2022-04-07,3265.681745359496,3265.681745359496,3207.700745208273,3212.19091796875,2494829,TCS.NS
2022-04-08,3217.291851009464,3230.370273168039,3175.87684750731,3213.4990234375,2296773,TCS.NS
2022-04-11,3217.2912972094496,3236.7782280173724,3187.734153364789,3222.871337890625,2291660,TCS.NS
2022-04-12,3211.1880563374766,3260.014157655668,3180.976991292809,3218.25048828125,4483476,TCS.NS
2022-04-13,3232.114356578323,3234.5993421603075,3187.2554070698607,3192.83544921875,1621672,TCS.NS
2022-04-18,3147.539612949871,3147.539612949871,3071.248832857596,3076.087890625,3820792,TCS.NS
2022-04-19,3095.2264139082035,3107.04063053991,2998.5767941194918,3027.13134765625,3170014,TCS.NS
2022-04-20,3051.631609318995,3111.923045825712,3034.1937144086005,3101.1552734375,2640370,TCS.NS
2022-04-21,3121.382705317585,3177.183960384715,3110.3967480802858,3163.80029296875,2280996,TCS.NS
2022-04-22,3122.3421383520026,3153.643072364982,3113.971864238743,3149.76318359375,1581465,TCS.NS
2022-04-25,3102.201593746609,3124.870857781857,3080.49149910498,3093.656982421875,1960694,TCS.NS
2022-04-26,3117.1542787359804,3128.270936257901,3067.456280402688,3092.000244140625,1943469,TCS.NS
2022-04-27,3091.7384547198044,3111.3124472027903,3057.1242793987144,3104.9912109375,1727648,TCS.NS
2022-04-28,3128.3590253256302,3142.658017106993,3084.807915915622,3125.133056640625,1703660,TCS.NS
2022-04-29,3136.205470355331,3159.092707941327,3083.761085375679,3092.34912109375,2051115,TCS.NS
2022-05-02,3068.9822217914025,3093.4389119139187,3045.3103646568115,3088.599853515625,1324161,TCS.NS
2022-05-04,3085.199399623491,3091.259025222723,3021.376750080482,3033.9755859375,2305825,TCS.NS
2022-05-05,3062.18164851879,3080.404163718621,3038.8584638656703,3063.31494140625,1612262,TCS.NS
2022-05-06,3015.8836567465128,3029.398024101116,2985.803290699171,2992.86572265625,2010812,TCS.NS
2022-05-09,2962.698080309656,3013.267971027125,2918.1007532108174,3003.764404296875,2481830,TCS.NS
2022-05-10,2994.0862835389403,3020.9406818291613,2983.623547545211,2998.227783203125,1622685,TCS.NS
2022-05-11,2994.9583637197297,3006.6853051327807,2948.878642613765,2974.90478515625,1841769,TCS.NS
2022-05-12,2945.260398386172,3007.7752079636566,2920.934620561456,2971.98388671875,2807195,TCS.NS
2022-05-13,2994.958765119826,2999.230964675181,2948.8790378380136,2977.43359375,2187823,TCS.NS
2022-05-16,2977.5206937156568,2990.599115503573,2935.3210712259547,2944.21435546875,1195813,TCS.NS
2022-05-17,2938.285429213155,3022.859223466472,2921.1962062592934,3009.43212890625,1754076,TCS.NS
2022-05-18,3021.1151300571946,3047.271971010071,3001.977083999657,3006.990478515625,1866781,TCS.NS
2022-05-19,2961.826835852279,2968.801994723877,2816.220394407672,2844.077392578125,4642963,TCS.NS
2022-05-20,2885.9713794234453,2889.3716835160767,2851.139229667737,2871.149169921875,3065125,TCS.NS
2022-05-23,2881.4379784431057,2911.169463412706,2848.480312420623,2896.216552734375,2293690,TCS.NS
2022-05-24,2890.4621433700886,2898.9196937554434,2855.978872147246,2866.790283203125,1711510,TCS.NS
2022-05-25,2890.358139211959,2890.358139211959,2768.5239108215023,2780.46142578125,3548046,TCS.NS
2022-05-26,2800.956986475671,2845.284259373515,2791.7843560328024,2832.5126953125,2813186,TCS.NS
2022-05-27,2855.554301399254,2878.112892084147,2834.4878731863514,2862.664306640625,3103153,TCS.NS
2022-05-30,2894.000221627102,2972.648296384456,2884.6520809710146,2962.685546875,2094624,TCS.NS
2022-05-31,2944.1645177224336,2969.8392235795586,2918.5776743569736,2953.117919921875,4840965,TCS.NS
2022-06-01,2973.877498481216,2973.877498481216,2931.7885726124696,2945.086669921875,1493835,TCS.NS
2022-06-02,2944.91091185204,3012.499031140447,2937.274374999988,3004.59912109375,2657939,TCS.NS
2022-06-03,3036.5498622964137,3052.2620346027693,3011.796853027463,3019.65283203125,1913622,TCS.NS
2022-06-06,3000.210828858483,3030.9327068602524,2964.3539226711787,3011.577880859375,1084210,TCS.NS
2022-06-07,2985.3328986691213,3000.9572119257955,2945.789407417179,2951.67041015625,2308256,TCS.NS
2022-06-08,2966.986795089598,2996.655390105723,2937.4499938250347,2988.05322265625,2185707,TCS.NS
2022-06-09,2971.2446127851863,3016.88854775264,2943.2438999381434,3008.19873046875,1279197,TCS.NS
2022-06-10,2968.6111594481968,2978.266606743859,2942.2781213691173,2949.21240234375,1527582,TCS.NS
2022-06-13,2887.8562958417688,2890.4895994549984,2802.2299971584944,2826.0615234375,3030921,TCS.NS
2022-06-14,2800.079503206477,2843.0022662978668,2786.6496119457597,2818.11767578125,2611493,TCS.NS
2022-06-15,2825.0956872779684,2838.7010882886284,2809.73475065303,2814.386962890625,1404536,TCS.NS
2022-06-16,2843.9675291414705,2848.224788477131,2750.0903105068783,2757.9462890625,2032028,TCS.NS
2022-06-17,2714.058324390178,2737.5386155213027,2654.2385282186283,2711.337158203125,5240434,TCS.NS
2022-06-20,2715.813514020202,2755.0936222142564,2693.869319498384,2731.96435546875,1502769,TCS.NS
2022-06-21,2747.4134022673966,2841.9928891984864,2743.375584391192,2819.346435546875,2964461,TCS.NS
2022-06-22,2808.769360580185,2853.2284323936533,2793.935169090272,2829.001953125,3336315,TCS.NS
2022-06-23,2829.001702563437,2912.4335752382617,2829.001702563437,2904.358154296875,3692578,TCS.NS
2022-06-24,2930.866851173937,2936.1334582739805,2876.8841283984966,2890.577392578125,2132118,TCS.NS
2022-06-27,2940.5223579770245,2951.845477755388,2902.3394557167258,2909.537109375,2037686,TCS.NS
2022-06-28,2902.7788901035688,2922.9675548971527,2872.583755436178,2912.56591796875,1400046,TCS.NS
2022-06-29,2871.1786926111868,2925.600300358632,2871.1786926111868,2888.295166015625,2133994,TCS.NS
2022-06-30,2872.056347753205,2906.20143071572,2857.134294601676,2867.75537109375,2719603,TCS.NS
2022-07-01,2861.523331111709,2925.600387299179,2854.5451192222854,2909.888427734375,1502879,TCS.NS
2022-07-04,2907.16724294786,2912.3899190179127,2830.8453680013654,2839.623046875,2622535,TCS.NS
2022-07-05,2857.134615129158,2872.0566699547176,2814.9578231889177,2823.1650390625,2170627,TCS.NS
2022-07-06,2825.095706381955,2868.9840970357063,2810.8319794194863,2862.181396484375,2182144,TCS.NS
2022-07-07,2871.1785207492608,2913.6623972444418,2865.955845113616,2885.968994140625,1989921,TCS.NS
2022-07-08,2896.634545975588,2901.023386196763,2852.7461437638367,2866.3076171875,2136916,TCS.NS
2022-07-11,2814.255085372196,2830.8010937637823,2726.346727823352,2733.193359375,6974600,TCS.NS
2022-07-12,2734.158936312343,2752.8554340083,2703.7443666293075,2707.650390625,3734815,TCS.NS
2022-07-13,2724.591742081448,2729.8583498303165,2664.025752969457,2667.3173828125,3863530,TCS.NS
2022-07-14,2689.539400531471,2690.419485413844,2611.211846000286,2639.154541015625,4764908,TCS.NS
2022-07-15,2656.580186606266,2665.688935952516,2598.8905812888142,2635.502197265625,4574806,TCS.NS
2022-07-18,2660.49645675328,2707.976990638422,2652.839761660094,2696.139892578125,3202795,TCS.NS
2022-07-19,2666.701363599561,2709.737430383473,2666.701363599561,2705.60107421875,1865074,TCS.NS
2022-07-20,2735.127166256878,2791.584511599696,2726.5463407687453,2785.2919921875,3402251,TCS.NS
2022-07-21,2787.228540686377,2802.189982174116,2767.03063765082,2796.29345703125,2420640,TCS.NS
2022-07-22,2803.0704563974546,2813.631475385451,2766.5469323972998,2790.749267578125,2075886,TCS.NS
2022-07-25,2785.4683965193763,2804.3461725371144,2771.4751341224537,2787.008544921875,1797504,TCS.NS
2022-07-26,2785.204284119927,2788.9005972546584,2725.182544583344,2742.256103515625,2639367,TCS.NS
2022-07-27,2741.4639092816847,2811.078696744049,2737.0634856712804,2806.458251953125,1389808,TCS.NS
2022-07-28,2830.3528264453307,2872.596898481828,2817.7235231303016,2869.5166015625,2106333,TCS.NS
2022-07-29,2895.478981161857,2919.5053390848148,2882.2777092112715,2905.951904296875,2430257,TCS.NS
2022-08-01,2928.0422261586746,2928.0422261586746,2878.7574757334005,2903.223876953125,1306913,TCS.NS
2022-08-02,2895.4790367844817,2915.632893070421,2879.329394508913,2897.063232421875,1269114,TCS.NS
2022-08-03,2886.678406666417,2947.4042633920217,2884.082199243072,2939.04345703125,2895824,TCS.NS
2022-08-04,2948.284247964706,2981.639377839177,2910.748715052076,2952.640625,2150567,TCS.NS
2022-08-05,2958.141128427601,2972.046511906304,2952.684645379227,2961.529541015625,1106933,TCS.NS
2022-08-08,2961.485243869679,2973.7183361972407,2935.9627856015595,2969.802001953125,1068836,TCS.NS
2022-08-10,2979.087021421052,2979.087021421052,2935.0827818136504,2952.0244140625,1878359,TCS.NS
2022-08-11,2992.287938276114,3017.54632584103,2970.329868290178,3012.08984375,1449248,TCS.NS
2022-08-12,3009.0107613364744,3009.0107613364744,2975.7875509707383,2993.6533203125,1472354,TCS.NS
2022-08-16,3001.969364945804,3005.357777498168,2981.2873713731783,2985.86376953125,839942,TCS.NS
2022-08-17,2979.174991569288,3008.085646866667,2966.853804993196,2993.25634765625,1622326,TCS.NS
2022-08-18,2983.4876075843345,2985.247777264325,2958.845232064464,2975.786865234375,1430659,TCS.NS
2022-08-19,2980.8471762972567,3011.2101014765467,2966.98584088932,2979.7470703125,1398410,TCS.NS
2022-08-22,2961.4851727084474,2978.294877316551,2945.9955952204223,2952.288330078125,1536532,TCS.NS
2022-08-23,2921.8374306422184,2941.155248644901,2877.877238729922,2890.7265625,1849256,TCS.NS
2022-08-24,2897.2393996241462,2911.3207575810075,2860.451808988953,2864.984375,1691923,TCS.NS
2022-08-25,2883.158259068392,2885.0503557407283,2829.2530565751263,2832.289306640625,1946930,TCS.NS
2022-08-26,2846.4584386730107,2866.4363215518924,2831.05695398552,2835.809326171875,1457962,TCS.NS
2022-08-29,2750.2647412404017,2765.8421977619005,2711.5410136837368,2756.909423828125,2539173,TCS.NS
2022-08-30,2776.667552785057,2839.593616184148,2765.314544774919,2826.084228515625,3431525,TCS.NS
2022-09-01,2807.4706096920486,2807.4706096920486,2746.7447563789606,2756.16162109375,3546935,TCS.NS
2022-09-02,2783.708430697643,2783.708430697643,2746.1288498985514,2755.017578125,2052900,TCS.NS
2022-09-05,2749.076644387517,2770.4627467931514,2739.043764179659,2757.657470703125,2147912,TCS.NS
2022-09-06,2759.506254646854,2764.214794894149,2733.85186528633,2752.069580078125,1936453,TCS.NS
2022-09-07,2730.023399548026,2782.7403998797736,2730.023399548026,2771.91552734375,1291534,TCS.NS
2022-09-08,2789.868662483827,2801.749806630052,2781.1559093890387,2789.560546875,1346113,TCS.NS
2022-09-09,2811.8708533119707,2845.754117115573,2788.5486067978027,2831.8046875,1561185,TCS.NS
2022-09-12,2851.3869871393563,2877.701654619494,2838.273808049508,2854.0712890625,1785928,TCS.NS
2022-09-13,2872.1128147669933,2872.1128147669933,2838.273595799271,2842.10205078125,1972678,TCS.NS
2022-09-14,2759.065876894723,2764.698333727928,2740.408121912217,2746.216552734375,5090269,TCS.NS
2022-09-15,2754.665151393372,2761.485807918387,2728.2626100062143,2732.091064453125,2138023,TCS.NS
2022-09-16,2707.141133277641,2723.290777024356,2640.254681350105,2647.911376953125,5322221,TCS.NS
2022-09-19,2671.937152813183,2677.217661020324,2629.517113188705,2665.6005859375,2072220,TCS.NS
2022-09-20,2684.258948537104,2710.617448353941,2666.6572505139093,2675.72216796875,1544295,TCS.NS
2022-09-21,2664.896863274496,2676.6899140420137,2638.626245172588,2641.310546875,2253818,TCS.NS
2022-09-22,2631.453699411689,2666.6130461683933,2622.036834497055,2646.76708984375,2017983,TCS.NS
2022-09-23,2643.774604512334,2660.0561724828663,2621.772485633237,2624.456787109375,2652374,TCS.NS
2022-09-26,2604.9189274404216,2663.00452081125,2575.2160671939755,2635.32568359375,2925489,TCS.NS
2022-09-27,2648.527090847732,2662.256499568145,2619.1323446991078,2655.61181640625,2227447,TCS.NS
2022-09-28,2622.6529999705645,2684.214895705032,2622.6529999705645,2671.629638671875,2739767,TCS.NS
2022-09-29,2687.7789382550586,2689.407181056036,2631.453511913106,2637.878173828125,2493902,TCS.NS
2022-09-30,2632.201184401825,2657.5914968929646,2596.337735963393,2644.25830078125,2817353,TCS.NS
2022-10-03,2635.854418181052,2658.472558362496,2617.3726342806176,2627.009521484375,1763331,TCS.NS
2022-10-04,2666.612972771875,2726.502788091317,2660.496426210475,2720.47412109375,2145875,TCS.NS
2022-10-06,2737.944059176487,2749.385162606025,2721.61844169452,2729.979248046875,1790816,TCS.NS
2022-10-07,2725.9745822630443,2732.663312710145,2691.387421404363,2697.371826171875,1939879,TCS.NS
2022-10-10,2649.0551349695907,2752.02505217605,2644.6547111573486,2744.58837890625,3064063,TCS.NS
2022-10-11,2728.2628948012457,2767.8667110161023,2687.2070246042927,2701.46435546875,4730645,TCS.NS
2022-10-12,2714.9736648998382,2736.97578612618,2694.863855017641,2728.923095703125,1665247,TCS.NS
2022-10-13,2728.9227331476845,2737.063516919874,2686.326718058436,2731.1669921875,2054781,TCS.NS
2022-10-14,2767.866869127891,2772.267293403134,2702.7405898542934,2727.514892578125,2245977,TCS.NS
2022-10-17,2711.191188700507,2760.3829006019378,2710.132396730235,2745.691650390625,1517005,TCS.NS
2022-10-18,2779.441700759688,2784.162426006963,2760.515069405285,2774.76513671875,1793722,TCS.NS
2022-10-19,2787.3834440777728,2787.3834440777728,2745.91240201647,2754.603759765625,1194289,TCS.NS
2022-10-20,2739.735696686924,2788.2656365638254,2739.735696686924,2785.88330078125,1587601,TCS.NS
2022-10-21,2786.324052829806,2788.6180658364588,2759.1472476011204,2768.32373046875,1021913,TCS.NS
2022-10-24,2797.1768652879127,2804.1474414190284,2783.853108142553,2789.764892578125,260949,TCS.NS
2022-10-25,2806.3542823473385,2809.663142136303,2780.45685356415,2790.118896484375,2069643,TCS.NS
2022-10-27,2788.883519448412,2800.618985502652,2765.6333934178274,2785.9716796875,2438421,TCS.NS
2022-10-28,2779.4419971424763,2804.589329497575,2775.0301844486,2791.13330078125,1355739,TCS.NS
2022-10-31,2822.677776187459,2822.677776187459,2803.9717333524763,2817.515869140625,1919414,TCS.NS
2022-11-01,2836.3547992765884,2878.796529820367,2826.6046487007934,2876.237548828125,2991060,TCS.NS
2022-11-02,2885.325147915692,2885.325147915692,2843.0159124546703,2860.354248046875,1405955,TCS.NS
2022-11-03,2848.3107244829384,2848.3107244829384,2819.148596542572,2829.516357421875,1422652,TCS.NS
2022-11-04,2838.5607153182427,2841.251964551478,2793.692487286808,2838.91357421875,1464013,TCS.NS
2022-11-07,2849.148593513063,2861.325239443402,2819.2365900807545,2853.295654296875,1474498,TCS.NS
2022-11-09,2867.501904513535,2867.501904513535,2825.0160177906464,2837.72216796875,1162267,TCS.NS
2022-11-10,2797.0890301257955,2845.6189659797133,2797.0890301257955,2828.545166015625,1573092,TCS.NS
2022-11-11,2884.972500644262,2948.502600302408,2872.1340832542387,2925.869873046875,3265394,TCS.NS
2022-11-14,2932.973435040661,2955.0325011886807,2919.7379953518493,2943.12060546875,1342074,TCS.NS
2022-11-15,2930.326031678355,2947.0467589345967,2904.737517701037,2940.5615234375,1400708,TCS.NS
2022-11-16,2946.1204606366173,2971.708976572207,2930.7232760284523,2960.635498046875,1748235,TCS.NS
2022-11-17,2947.090963487235,2964.7382147656017,2927.458396440052,2955.0322265625,1417986,TCS.NS
2022-11-18,2955.9147721418635,2967.1648955283736,2930.326256203919,2950.13525390625,1164540,TCS.NS
2022-11-21,2931.6496896547724,2941.5321075260067,2887.972741682489,2897.237548828125,1304194,TCS.NS
2022-11-22,2894.149505432855,2928.5174877257564,2872.311029743995,2924.988037109375,1149739,TCS.NS
2022-11-23,2938.267096023946,2938.267096023946,2903.854958863305,2919.119873046875,1150011,TCS.NS
2022-11-24,2926.1346994104915,2993.8118614360064,2919.1199604786734,2982.517578125,1296591,TCS.NS
2022-11-25,2985.0327653272407,3002.988930944005,2954.1500734010056,2990.900390625,1588981,TCS.NS
2022-11-28,2970.0322052062625,3015.0326931639333,2969.6351851613317,2995.84130859375,2195437,TCS.NS
2022-11-29,2985.03259095978,3025.6212694061737,2985.03259095978,2997.694580078125,1576028,TCS.NS
2022-11-30,2985.032567947061,3013.179847701842,2977.973667402108,2991.9150390625,3410702,TCS.NS
2022-12-01,3022.0916277039573,3070.6215662510285,3017.679815108769,3066.783203125,2180856,TCS.NS
2022-12-02,3051.297846000532,3060.827188659679,3011.5032111008086,3034.576904296875,2411749,TCS.NS
2022-12-05,3029.1508470416434,3034.5772909373013,3006.2094191292977,3022.885986328125,1475065,TCS.NS
2022-12-06,3000.0768878174986,3007.047465925803,2971.797124472303,2987.106201171875,1166999,TCS.NS
2022-12-07,2972.0621794423478,2994.4741047527577,2959.444350368291,2982.915283203125,1167505,TCS.NS
2022-12-08,2964.7384302353,2982.915186541277,2946.605835144837,2956.400146484375,1285619,TCS.NS
2022-12-09,2977.1791964798053,2977.1791964798053,2890.9282679261296,2905.39892578125,1797896,TCS.NS
2022-12-12,2872.531012608813,2908.266692538365,2855.4132669095334,2899.840087890625,1527610,TCS.NS
2022-12-13,2891.6785277132994,2943.958509197416,2883.3844058485947,2940.120361328125,1378016,TCS.NS
2022-12-14,2954.8560835830112,2979.738667213562,2947.885289399966,2969.459228515625,1213311,TCS.NS
2022-12-15,2963.6797061285474,2968.929720801703,2910.870215460734,2916.296875,1415694,TCS.NS
2022-12-16,2889.7375400691258,2904.737704399256,2845.7958391238103,2859.075439453125,2703680,TCS.NS
2022-12-19,2847.384043898269,2863.707751618169,2818.707260066012,2825.369140625,2120965,TCS.NS
2022-12-20,2822.5893692776544,2866.7958175446647,2791.4860905554474,2862.33984375,1529971,TCS.NS
2022-12-21,2866.7956690407614,2896.8401542704,2858.854406799651,2884.0458984375,1432566,TCS.NS
2022-12-22,2906.5026314565507,2906.5026314565507,2863.3551831140862,2876.237548828125,1384101,TCS.NS
2022-12-23,2838.5607808688314,2882.5466472441854,2838.5607808688314,2848.57568359375,1360281,TCS.NS
2022-12-26,2848.575232221792,2887.09027146601,2845.663392714749,2870.237060546875,870157,TCS.NS
2022-12-27,2884.619175108632,2888.67812840142,2851.3541550195223,2876.060302734375,835883,TCS.NS
2022-12-28,2867.5018256081944,2881.884378094464,2846.501554071851,2873.943115234375,910795,TCS.NS
2022-12-29,2851.00155026507,2886.6489089761594,2848.2661403561187,2884.222412109375,1037927,TCS.NS
2022-12-30,2899.487268690152,2910.9138197149614,2864.325037715745,2873.58984375,1163131,TCS.NS
2023-01-02,2877.3842299429016,2882.546136946802,2854.6192334296225,2877.78125,709547,TCS.NS
2023-01-03,2869.4424969163088,2929.443139533255,2863.5307119778577,2921.810791015625,1245178,TCS.NS
2023-01-04,2917.708161297688,2935.9290769595705,2899.6197292688294,2924.722900390625,1231668,TCS.NS
2023-01-05,2938.443570763314,2944.70843071638,2895.869579901462,2921.590576171875,1826057,TCS.NS
2023-01-06,2911.7963885995287,2913.164093623737,2823.560134399543,2833.75146484375,2488376,TCS.NS
2023-01-09,2849.148110804746,2935.6196236133137,2842.221479988104,2929.39892578125,2885060,TCS.NS
2023-01-10,2898.5609212000154,2910.0316341301827,2850.119304301601,2899.796142578125,3864655,TCS.NS
2023-01-11,2903.061052704587,2955.473300937228,2886.3401103867363,2937.1201171875,2720512,TCS.NS
2023-01-12,2937.384986986636,2955.914600902742,2925.5172535387624,2942.105712890625,2250391,TCS.NS
2023-01-13,2949.649997353469,2981.503374979752,2916.2085393039592,2977.576904296875,1742837,TCS.NS
2023-01-16,2993.323673691548,3025.8107560710764,2976.222878557972,3008.7099609375,1843607,TCS.NS
2023-01-17,3005.055668746892,3051.8010232130546,2996.933896669197,3048.732666015625,1688475,TCS.NS
2023-01-18,3050.1760059457965,3076.3009900989787,3043.182259186601,3059.2001953125,2421189,TCS.NS
2023-01-19,3050.176310188505,3056.4932433752856,3033.030348681528,3043.94970703125,1585044,TCS.NS
2023-01-20,3036.6398008661617,3063.3964349074176,3028.157150767711,3034.92529296875,1529349,TCS.NS
2023-01-23,3057.395186106383,3085.370171575479,3028.156902323591,3081.670166015625,1067916,TCS.NS
2023-01-24,3090.784799878651,3115.104945700404,3083.836218260596,3100.982177734375,1387863,TCS.NS
2023-01-25,3091.0553251104056,3099.8087438753964,3072.7361784267027,3095.071044921875,874110,TCS.NS
2023-01-27,3091.6871634661047,3109.735541536543,3052.25150144562,3078.196044921875,1785879,TCS.NS
2023-01-30,3086.272889450756,3120.9708549193124,3055.1845998762938,3098.5908203125,1953798,TCS.NS
2023-01-31,3112.4428172521584,3112.4428172521584,3024.005764167,3030.954345703125,2820375,TCS.NS
2023-02-01,3034.8354592445226,3085.3709292765457,3027.6161063828054,3075.76025390625,2205161,TCS.NS
2023-02-02,3092.5895219474696,3130.4911151548795,3086.362919761668,3122.730224609375,1813847,TCS.NS
2023-02-03,3162.0761001103447,3162.0761001103447,3115.9624021902155,3142.49365234375,1804469,TCS.NS
2023-02-06,3134.2368393436204,3134.2368393436204,3101.479201950612,3122.324951171875,1138714,TCS.NS
2023-02-07,3130.4011068970385,3152.149492409252,3123.632964557196,3133.695068359375,1455647,TCS.NS
2023-02-08,3138.6579789733587,3194.4724536099607,3138.6579789733587,3176.604736328125,1986946,TCS.NS
2023-02-09,3172.0027035874955,3201.421650359285,3163.249283575588,3195.330322265625,1655427,TCS.NS
2023-02-10,3176.5147978181903,3196.683950073236,3165.821044818,3192.352294921875,1187821,TCS.NS
2023-02-13,3202.6849319015614,3202.6849319015614,3134.461969485681,3142.583740234375,1087939,TCS.NS
2023-02-14,3162.9786498154,3180.8917554026957,3153.954459659008,3158.556884765625,1579818,TCS.NS
2023-02-15,3146.735249381752,3181.929592578164,3122.505209592746,3177.1015625,1429449,TCS.NS
2023-02-16,3183.011851730481,3226.147518559538,3182.831412016641,3210.8515625,1618931,TCS.NS
2023-02-17,3182.064379197295,3193.570220400415,3149.4420234423537,3159.50390625,1061369,TCS.NS
2023-02-20,3160.2713747659004,3178.319754975871,3135.951226496393,3147.005859375,1296082,TCS.NS
2023-02-21,3153.0518176626792,3166.497771917962,3108.6076842854936,3114.247802734375,1139541,TCS.NS
2023-02-22,3081.7158621873755,3110.638436535389,3063.712646370074,3069.62353515625,1218430,TCS.NS
2023-02-23,3087.175595807029,3115.511466086581,3075.444148059151,3080.67822265625,1441570,TCS.NS
2023-02-24,3088.5287523343754,3098.861404900383,3052.25155582984,3068.63037109375,977592,TCS.NS
2023-02-27,3059.200182190444,3059.200182190444,2992.421181163278,3006.724609375,1128022,TCS.NS
2023-02-28,3003.701381280899,3061.004982816527,2977.8921119899733,2989.57861328125,4116217,TCS.NS
2023-03-01,2998.738199575175,3058.297850845702,2991.5188479060203,3055.31982421875,1669307,TCS.NS
2023-03-02,3033.029821695641,3041.061261510807,2994.2258102904307,2997.339111328125,1556538,TCS.NS
2023-03-03,3026.713529386069,3030.3232056286283,3006.0482210242776,3016.019775390625,1043190,TCS.NS
2023-03-06,3033.8420446565137,3072.691222785889,3031.225117945004,3042.8212890625,1334132,TCS.NS
2023-03-08,3035.7377481425538,3064.6151583508063,3005.8226441318043,3059.5615234375,1844590,TCS.NS
2023-03-09,3054.68820151513,3054.68820151513,3005.8223026074047,3011.23681640625,1648500,TCS.NS
2023-03-10,2989.623891239265,3011.5978825619827,2968.9585837527675,3005.957763671875,1024404,TCS.NS
2023-03-13,3007.762131470913,3040.971190367257,2952.714579709819,2961.693603515625,1901233,TCS.NS
2023-03-14,2959.934084802029,2981.9530185255367,2896.223220337673,2901.231689453125,2670334,TCS.NS
2023-03-15,2932.861497795797,2942.201621769472,2880.521200296672,2886.747802734375,1780522,TCS.NS
2023-03-16,2894.960227384223,2905.608815924938,2862.4731425382656,2874.20458984375,1901060,TCS.NS
2023-03-17,2843.0710795687405,2907.0524989935184,2837.2053560273357,2869.060791015625,6739966,TCS.NS
2023-03-20,2860.3518469203977,2860.3518469203977,2793.031532261789,2836.5732421875,2289468,TCS.NS
2023-03-21,2836.573850929424,2848.7113431184507,2795.1978492579437,2803.00390625,1815297,TCS.NS
2023-03-22,2824.616398697249,2836.753889168361,2803.003509518878,2825.293212890625,1123939,TCS.NS
2023-03-23,2810.944579674217,2839.32583069832,2798.4010449295647,2819.7431640625,1372218,TCS.NS
2023-03-24,2841.6269006823486,2860.668028367099,2802.9132164379207,2815.998291015625,1329577,TCS.NS
2023-03-27,2829.083479625092,2845.1014163917093,2802.913329414844,2817.622802734375,1524217,TCS.NS
2023-03-28,2821.8638616076223,2842.213451587019,2806.6580152242736,2811.846923828125,1303530,TCS.NS
2023-03-29,2823.66965374482,2842.620456790087,2801.1995039751628,2832.603515625,1740616,TCS.NS
2023-03-31,2878.671402631456,2899.472204338833,2844.424646148771,2893.06494140625,2382581,TCS.NS
2023-04-03,2910.256032039784,2910.256032039784,2864.0522245407105,2887.74072265625,1521830,TCS.NS
2023-04-05,2874.6555889687143,2945.8114118907883,2874.6555889687143,2923.656982421875,2655065,TCS.NS
2023-04-06,2910.30134429332,2939.494687765259,2901.277154078457,2906.4208984375,1703464,TCS.NS
2023-04-10,2905.788722968087,2952.714503587448,2901.276628677764,2944.95361328125,2203187,TCS.NS
2023-04-11,2945.495479433064,2953.572085045166,2880.656589162442,2900.194091796875,2348779,TCS.NS
2023-04-12,2912.9635630873936,2942.7433920921726,2886.838575342086,2925.32666015625,2417727,TCS.NS
2023-04-13,2896.7652748184937,2914.813656593064,2869.692702156639,2877.67919921875,4174070,TCS.NS
2023-04-17,2828.2715566379666,2854.7122578378658,2770.6520137188445,2833.14453125,5505048,TCS.NS
2023-04-18,2847.086786804494,2848.801515098883,2807.064636248936,2825.248291015625,2617302,TCS.NS
2023-04-19,2825.248222442004,2833.595598009388,2771.779897861731,2788.11376953125,3298034,TCS.NS
2023-04-20,2788.4747210897062,2809.230358172251,2777.6456930466397,2801.83056640625,2419999,TCS.NS
2023-04-21,2806.523039363576,2855.6597089636048,2798.2208287767958,2852.4111328125,1929184,TCS.NS
2023-04-24,2843.612470588807,2870.5495443318514,2821.09694130206,2864.999755859375,1640676,TCS.NS
2023-04-25,2872.399452036514,2879.799243193542,2840.363580045532,2866.08251953125,2024090,TCS.NS
2023-04-26,2870.594162564385,2895.320349210976,2870.594162564385,2886.070556640625,2000029,TCS.NS
2023-04-27,2874.204607146831,2887.0189132942296,2861.2548059548058,2876.86669921875,2434446,TCS.NS
2023-04-28,2888.1013760571154,2912.3314117884297,2884.356425727405,2905.112060546875,2931312,TCS.NS
2023-05-02,2919.325382723846,2919.325382723846,2896.7649083596743,2905.24755859375,2321159,TCS.NS
2023-05-03,2902.179217450923,2902.179217450923,2863.5104789920574,2869.601806640625,2468285,TCS.NS
2023-05-04,2869.827763052802,2909.804969768073,2867.887650283464,2906.4208984375,1953253,TCS.NS
2023-05-05,2905.788985628069,2927.447040179334,2896.809961242115,2915.44482421875,1710027,TCS.NS
2023-05-08,2928.349442012585,2937.238356642924,2915.9863466752167,2933.403076171875,928235,TCS.NS
2023-05-09,2935.2078913616624,2976.177622538405,2929.251838314028,2962.866943359375,1107375,TCS.NS
2023-05-10,2968.958008749041,2983.847919735168,2947.345121411385,2966.0703125,1559987,TCS.NS
2023-05-11,2986.1045506418404,2986.7361998952592,2952.715046751315,2961.87451171875,1719623,TCS.NS
2023-05-12,2959.166882729505,2968.958216036899,2941.885648717414,2954.790283203125,1027479,TCS.NS
2023-05-15,2963.5439307236315,2970.7632825646147,2931.372782209103,2937.4189453125,1150390,TCS.NS
2023-05-16,2938.456635647952,2964.446346309158,2933.2677265181874,2940.21630859375,986306,TCS.NS
2023-05-17,2938.230846825033,2959.9340659758723,2886.161319057114,2895.591552734375,1588815,TCS.NS
2023-05-18,2911.1582258666717,2913.8654825847825,2883.228404788249,2887.605224609375,1369364,TCS.NS
2023-05-19,2896.7646688524947,2918.873931901369,2890.492901561237,2908.36083984375,1152449,TCS.NS
2023-05-22,2914.813188789529,2985.607910874877,2903.126907529479,2976.809326171875,1333243,TCS.NS
2023-05-23,2983.397162487744,3003.2052151323046,2969.048788762343,2975.320556640625,1687418,TCS.NS
2023-05-24,2956.3248539856777,2993.5044753630923,2956.3248539856777,2981.006103515625,1016555,TCS.NS
2023-05-25,2972.567908676655,2983.396935666369,2948.2929279682253,2972.11669921875,1374917,TCS.NS
2023-05-26,2972.1174388386976,3012.861574899947,2969.86139098775,3004.06298828125,1791115,TCS.NS
2023-05-29,3032.84972720672,3042.956775636512,2988.8116372799896,2996.346923828125,1210372,TCS.NS
2023-05-30,2991.518459812908,3002.30232090628,2979.200530752283,2992.601318359375,1344224,TCS.NS
2023-05-31,2986.1042492714746,3002.9794392550057,2946.5330909329136,2968.507080078125,5815424,TCS.NS
2023-06-01,2990.61667880025,3014.0795736852247,2975.726764738632,2999.640869140625,1177314,TCS.NS
2023-06-02,3001.671487107062,3010.379743166769,2975.68177334692,2983.03662109375,2030661,TCS.NS
2023-06-05,2991.518798732182,3002.347826057909,2964.491395428479,2967.965576171875,1861468,TCS.NS
2023-06-06,2959.934505084444,2967.921001860694,2906.3309012594705,2916.88916015625,2022849,TCS.NS
2023-06-07,2935.5691423655453,2958.896762718088,2924.740113866195,2955.33203125,1567196,TCS.NS
2023-06-08,2942.7879725257776,2950.9097424591514,2917.52024384417,2920.633544921875,1759366,TCS.NS
2023-06-09,2928.3491208602195,2932.8612150372,2892.568302163605,2896.1328125,1775689,TCS.NS
2023-06-12,2901.277372301193,2936.8325962952204,2897.667695943742,2930.064453125,2324605,TCS.NS
2023-06-13,2941.88549693874,2946.3975912591977,2922.9347007928154,2927.176025390625,1371928,TCS.NS
2023-06-14,2927.176702001411,2938.141225924814,2911.0686537442966,2933.8095703125,1658544,TCS.NS
2023-06-15,2950.4009142583286,2952.3554558246337,2918.30856693486,2924.0361328125,2273810,TCS.NS
2023-06-16,2906.489819361,2908.6716434866084,2869.2154738515223,2886.39794921875,4156189,TCS.NS
2023-06-19,2900.126190531596,2922.763450383881,2886.4892335228265,2918.67236328125,1468186,TCS.NS
2023-06-20,2921.944618191877,2938.7635277863237,2910.1714258668903,2934.399658203125,1528452,TCS.NS
2023-06-21,2954.673593600641,2965.0375906543964,2930.9907039438817,2962.12841796875,1645987,TCS.NS
2023-06-22,2963.7648075039565,2970.719565585934,2936.581900045609,2944.218505859375,1529603,TCS.NS
2023-06-23,2943.1277797551047,2954.1281240159637,2917.535626765662,2924.08154296875,1119505,TCS.NS
2023-06-26,2913.76261193622,2921.853782825176,2884.6704423318647,2899.807373046875,1978803,TCS.NS
2023-06-27,2911.035472947951,2917.9902315635795,2893.125648876536,2906.80810546875,863542,TCS.NS
2023-06-28,2916.4902067752564,2937.354704231224,2903.2168146828576,2923.26318359375,1575872,TCS.NS
2023-06-30,2927.3998078961317,3009.2215416572035,2922.036027465169,3002.17578125,2672406,TCS.NS
2023-07-03,3013.130987303054,3017.2220741820643,2971.720052392161,2974.947509765625,1687264,TCS.NS
2023-07-04,2991.0388296361334,3013.7670882199945,2979.4929186666623,3008.176025390625,1656681,TCS.NS
2023-07-05,3018.312346605493,3026.494518629424,3004.675393232276,3018.266845703125,1453008,TCS.NS
2023-07-06,3006.084827429316,3025.9946921480014,3001.948240187536,3020.948974609375,1848238,TCS.NS
2023-07-07,3001.948124196281,3051.8592867824045,3001.948124196281,3026.721923828125,1789326,TCS.NS
2023-07-10,3022.6312796193856,3022.6312796193856,2968.492520226724,2974.629150390625,1407431,TCS.NS
2023-07-11,2995.5847665765177,2995.5847665765177,2964.4925502644905,2975.038330078125,1110172,TCS.NS
2023-07-12,2982.811557100714,2990.2663825284512,2954.765015406774,2963.67431640625,1515240,TCS.NS
2023-07-13,2985.5847169162253,3061.4516166866747,2975.3569982605286,3036.99609375,4585146,TCS.NS
2023-07-14,3059.2238677171986,3204.5484543463,3047.4051722401337,3195.275146484375,6306101,TCS.NS
2023-07-17,3191.047530195596,3227.3217423976093,3161.0917295383088,3174.410400390625,2743228,TCS.NS
2023-07-18,3160.137072859517,3203.775329331685,3150.136639084645,3179.092529296875,2600090,TCS.NS
2023-07-19,3181.9559462687303,3197.274880106592,3132.544627292276,3154.7275390625,2405370,TCS.NS
2023-07-20,3147.481366184457,3170.997743413203,3131.9403423330245,3156.778564453125,1715404,TCS.NS
2023-07-21,3102.772940548675,3130.892412746542,3061.755687476042,3070.18701171875,3770223,TCS.NS
2023-07-24,3081.762362983513,3111.3403098046124,3073.650152372097,3094.29541015625,1680132,TCS.NS
2023-07-25,3096.8022755718303,3105.2792181395616,3081.0333776826646,3098.30615234375,1272980,TCS.NS
2023-07-26,3099.3998108666037,3118.0854444919646,3085.408283992545,3088.416259765625,1066803,TCS.NS
2023-07-27,3094.4780014441108,3109.699914070163,3085.454295510359,3096.25537109375,1701769,TCS.NS
2023-07-28,3085.4090385149057,3093.33899655932,3036.1883330260416,3058.4287109375,2599831,TCS.NS
2023-07-31,3066.6315266292045,3123.37205037006,3063.4412963787145,3118.63232421875,2743678,TCS.NS
2023-08-01,3112.753500683223,3153.770750326194,3112.753500683223,3146.5244140625,1956167,TCS.NS
2023-08-02,3130.9380706417523,3141.374638434765,3111.477796074465,3136.133544921875,1914899,TCS.NS
2023-08-03,3117.31090796876,3129.3882090010948,3069.913198256954,3099.035400390625,2026351,TCS.NS
2023-08-04,3100.2203533858487,3163.7970883064404,3100.2203533858487,3138.776611328125,2248493,TCS.NS
2023-08-07,3148.2563099923013,3179.292741496562,3136.680374620139,3175.6923828125,1853889,TCS.NS
2023-08-08,3175.692417693925,3181.070146163837,3150.671938487,3163.432861328125,1634225,TCS.NS
2023-08-09,3158.237058232752,3160.1512856075137,3121.9141376043485,3156.049560546875,1794589,TCS.NS
2023-08-10,3144.656039836463,3158.237218937404,3126.4717689822373,3137.455322265625,1096701,TCS.NS
2023-08-11,3133.80930927876,3159.8322990598804,3111.842202957112,3143.562255859375,1679974,TCS.NS
2023-08-14,3136.178979187144,3149.213394617888,3109.1076379281085,3144.519287109375,1190425,TCS.NS
2023-08-16,3144.6557916406823,3159.239702558436,3131.165629535196,3152.312255859375,1328445,TCS.NS
2023-08-17,3149.2132599891765,3154.499972197025,3111.112748256115,3131.6669921875,1843241,TCS.NS
2023-08-18,3108.196040036422,3108.196040036422,3059.431087502126,3069.093017578125,2526749,TCS.NS
2023-08-21,3076.293723217665,3107.968154886351,3073.559239908139,3100.5849609375,1375579,TCS.NS
2023-08-22,3099.0813009996327,3109.1077405028677,3067.2246127209246,3082.81103515625,1222012,TCS.NS
2023-08-23,3088.143022258699,3100.9039438382806,3077.205089476201,3097.48583984375,1330046,TCS.NS
2023-08-24,3106.3730455778173,3110.9761369975763,3079.1194508870794,3087.915283203125,1152881,TCS.NS
2023-08-25,3076.2939171345733,3086.138102175971,3053.73442840892,3082.036376953125,1158046,TCS.NS
2023-08-28,3093.612439755008,3093.612439755008,3062.712864151854,3076.79541015625,1037485,TCS.NS
2023-08-29,3081.8077640624656,3089.5554654026487,3067.1782364370933,3077.34130859375,944517,TCS.NS
2023-08-30,3097.2581115677926,3106.464294438142,3083.6313141767887,3090.83203125,1188200,TCS.NS
2023-08-31,3099.9925997056025,3114.941019553153,3047.7183044022304,3059.70458984375,3417652,TCS.NS
2023-09-01,3068.090387808054,3089.054760630272,3059.704683185733,3080.1220703125,1277950,TCS.NS
2023-09-04,3079.0283215980144,3129.023882322115,3071.78198506352,3115.94384765625,1828332,TCS.NS
2023-09-05,3117.3114211549,3141.921774479807,3103.77563781306,3125.833984375,1501842,TCS.NS
2023-09-06,3130.071933045149,3139.095639063221,3097.349371389577,3126.334716796875,1314818,TCS.NS
2023-09-07,3127.155409983017,3153.771005173287,3119.4077066466084,3149.44140625,1885092,TCS.NS
2023-09-08,3149.4417353547897,3158.3288077575708,3131.02958883201,3137.273193359375,1518917,TCS.NS
2023-09-11,3155.5937353709564,3177.196108983482,3140.098329969077,3172.593017578125,1783604,TCS.NS
2023-09-12,3182.938404196589,3272.1736158051285,3174.7349547012377,3263.879150390625,4476016,TCS.NS
2023-09-13,3255.0380406666054,3271.217067756816,3231.247945622234,3252.07568359375,1754929,TCS.NS
2023-09-14,3254.081254350375,3279.2839903543,3231.7952564819984,3244.96630859375,2604721,TCS.NS
2023-09-15,3252.075362476336,3288.079391037457,3247.153159229306,3279.830322265625,2952897,TCS.NS
2023-09-18,3263.195724267092,3298.971881144957,3258.820506435336,3286.985595703125,1395753,TCS.NS
2023-09-20,3263.150299237373,3304.167551602088,3263.150299237373,3286.894775390625,1649396,TCS.NS
2023-09-21,3270.9440469534948,3285.938088871871,3215.753003478492,3267.981689453125,2004073,TCS.NS
2023-09-22,3266.796010717758,3312.1428582437647,3249.52323591542,3284.706787109375,1989083,TCS.NS
2023-09-25,3283.658719154224,3299.6098718496296,3243.689598958607,3260.55224609375,1238778,TCS.NS
2023-09-26,3251.847543695411,3276.7767822705646,3223.0442313478416,3268.345458984375,1726062,TCS.NS
2023-09-27,3272.2654430863545,3294.141312343756,3241.001135432748,3271.62744140625,1541134,TCS.NS
2023-09-28,3281.37980335937,3283.932032157433,3215.159824951922,3223.727783203125,1755753,TCS.NS
2023-09-29,3224.138524411228,3252.6227295109343,3195.2898104993865,3216.2998046875,2243791,TCS.NS
2023-10-03,3221.403759691803,3221.403759691803,3172.0920416447743,3202.85498046875,1948148,TCS.NS
2023-10-04,3177.7435417845345,3233.982711855611,3169.54009071162,3224.639892578125,1788138,TCS.NS
2023-10-05,3239.4511904452584,3303.2558002739493,3236.8989615455466,3271.672607421875,2990768,TCS.NS
2023-10-06,3273.176643439127,3313.2367809094894,3258.638351141779,3300.885986328125,2075691,TCS.NS
2023-10-09,3322.443395018916,3353.388591798443,3309.63685154122,3316.33642578125,4233074,TCS.NS
2023-10-10,3317.885464751515,3325.13180122624,3282.610673537835,3307.72216796875,1848148,TCS.NS
2023-10-11,3326.954825968897,3326.954825968897,3285.937574689828,3290.40380859375,2426417,TCS.NS
2023-10-12,3258.5928446615626,3271.034655600772,3224.958786550778,3229.014892578125,4241281,TCS.NS
2023-10-13,3217.575662499397,3260.4159050312583,3213.018189889624,3254.810302734375,2890357,TCS.NS
2023-10-16,3250.389494786418,3258.273833459736,3207.6404903319494,3212.15234375,1671104,TCS.NS
2023-10-17,3217.575000468156,3221.35761294284,3193.283765469241,3196.65625,1672065,TCS.NS
2023-10-18,3200.257124796693,3210.921565724509,3175.6467737942685,3178.609130859375,1408245,TCS.NS
2023-10-19,3170.612517840815,3177.3294256477784,3154.528618159557,3157.95556640625,1514545,TCS.NS
2023-10-20,3153.158141056141,3198.0284103099434,3147.355308667436,3193.5048828125,1481211,TCS.NS
2023-10-23,3173.81148296811,3179.2488637203114,3108.288267201467,3116.375732421875,1106272,TCS.NS
2023-10-25,3098.418430452583,3129.9463572629693,3086.2641415822154,3098.052978515625,1518537,TCS.NS
2023-10-26,3077.9022236248165,3083.065403130757,3043.1300770713924,3049.298583984375,1984471,TCS.NS
2023-10-27,3061.4075190461317,3072.373754935252,3049.5274301662507,3062.275634765625,1108851,TCS.NS
2023-10-30,3061.407741610911,3091.427903783305,3046.557629431455,3087.498291015625,910972,TCS.NS
2023-10-31,3106.1862890625,3106.1862890625,3061.4532301686027,3078.542236328125,999811,TCS.NS
2023-11-01,3065.976774735599,3081.146823579833,3025.7672432636564,3043.724365234375,1563475,TCS.NS
2023-11-02,3055.1929592139318,3085.121641576822,3055.1929592139318,3070.63720703125,1245384,TCS.NS
2023-11-03,3090.6506520884154,3096.04229520668,3056.1984407717223,3062.229736328125,1402598,TCS.NS
2023-11-06,3084.2537855610026,3100.063486624272,3069.6321379850096,3089.051513671875,1099852,TCS.NS
2023-11-07,3086.9950929939328,3110.892257060667,3076.028858205322,3080.095458984375,1191144,TCS.NS
2023-11-08,3081.009497872084,3108.8820129756928,3079.273266502525,3090.239501953125,992899,TCS.NS
2023-11-09,3098.0528650963947,3099.3321699375438,3054.142187785448,3059.076904296875,2112352,TCS.NS
2023-11-10,3050.441278848814,3059.077144977572,3036.139568807074,3046.283203125,1338557,TCS.NS
2023-11-13,3066.8905352612105,3066.8905352612105,3040.388799408238,3044.546875,1030990,TCS.NS
2023-11-15,3091.6561463483945,3118.9802615645867,3066.936378294108,3111.02978515625,2059802,TCS.NS
2023-11-16,3134.5612355569488,3225.3068746335257,3120.076577611492,3196.5205078125,3951984,TCS.NS
2023-11-17,3196.5207753389523,3220.874868317273,3191.677309862612,3200.724365234375,2021292,TCS.NS
2023-11-20,3190.4889097792343,3229.464646386725,3190.4889097792343,3216.396728515625,1475621,TCS.NS
2023-11-21,3216.396747586853,3234.171141823176,3199.398994448308,3207.806396484375,1807236,TCS.NS
2023-11-22,3198.4855071691995,3228.322718442621,3181.213774673943,3226.0380859375,1798051,TCS.NS
2023-11-23,3225.9007144988595,3238.69465500962,3198.485127690088,3206.0244140625,2729804,TCS.NS
2023-11-24,3193.230799217134,3202.643529603171,3155.5343635105573,3159.28125,1989733,TCS.NS
2023-11-28,3159.28118436596,3181.350644295862,3137.2572385975423,3171.206787109375,1689195,TCS.NS
2023-11-29,3181.121855475698,3214.934411825196,3176.3698651510044,3211.050537109375,1441634,TCS.NS
2023-11-30,3197.982097856411,3213.7003212055524,3181.121558521016,3187.153076171875,3266235,TCS.NS
2023-12-01,3198.4855376057844,3213.975301516175,3189.392744770605,3209.1318359375,1172141,TCS.NS
2023-12-04,3239.2888137345485,3242.167584431117,3196.657662284584,3209.86279296875,1625213,TCS.NS
2023-12-05,3233.21185109275,3233.21185109275,3201.044270740349,3227.36328125,1377656,TCS.NS
2023-12-06,3228.276947197519,3301.613644771774,3221.468564387526,3293.617431640625,1896572,TCS.NS
2023-12-07,3294.440005254403,3317.788993602691,3282.285715953096,3303.487060546875,1967653,TCS.NS
2023-12-08,3320.027581556413,3330.993816342727,3291.7438789584367,3314.270263671875,1641155,TCS.NS
2023-12-11,3310.797891464415,3338.304955567598,3303.578542123424,3329.074951171875,1102503,TCS.NS
2023-12-12,3325.4651621953826,3379.7936756866497,3318.2000758331174,3355.759521484375,2236866,TCS.NS
2023-12-13,3329.668965932633,3335.5632728478577,3256.058066070388,3283.976318359375,3850968,TCS.NS
2023-12-14,3317.2866102090293,3361.1515571208843,3315.0934521069,3351.32763671875,3290396,TCS.NS
2023-12-15,3350.8250218482563,3560.325839064894,3350.8250218482563,3528.38671875,8531230,TCS.NS
2023-12-18,3525.736594713758,3590.5286876941477,3500.1942230934515,3526.74169921875,2521612,TCS.NS
2023-12-19,3513.764812005255,3522.9948166196496,3463.502896618964,3487.44580078125,2004435,TCS.NS
2023-12-20,3497.543479836221,3562.9296988605265,3442.072653930527,3454.40966796875,2586083,TCS.NS
2023-12-21,3432.6603552689257,3478.764194819794,3420.8717407298955,3461.21826171875,1517562,TCS.NS
2023-12-22,3472.640774140298,3514.632267300616,3437.9143663988957,3494.5732421875,2413058,TCS.NS
2023-12-26,3490.7808875582864,3503.711816102494,3463.6392795100446,3468.57421875,1285231,TCS.NS
2023-12-27,3471.727259647645,3489.2731911736523,3443.3978189924524,3482.876220703125,1293976,TCS.NS
2023-12-28,3494.573750465004,3507.3676920200533,3465.4219300223085,3472.5498046875,1682889,TCS.NS
2023-12-29,3465.3303142807017,3493.2943032121766,3441.021737073152,3466.609619140625,1574996,TCS.NS
2024-01-01,3463.5022836894645,3501.884103192092,3447.966785319353,3482.78466796875,825907,TCS.NS
2024-01-02,3482.785206409597,3482.785206409597,3442.7126637044803,3457.28857421875,1344068,TCS.NS
2024-01-03,3442.484234801416,3446.9165110740164,3369.421732416939,3373.716796875,1803075,TCS.NS
2024-01-04,3382.8551313574158,3398.6190946223346,3336.477094505551,3350.916015625,3598144,TCS.NS
2024-01-05,3358.4093675177683,3424.892165201283,3358.2723788278463,3415.890625,1963127,TCS.NS
2024-01-08,3415.890793989658,3417.58151116162,3356.033426791025,3361.42529296875,1067805,TCS.NS
2024-01-09,3390.3486750012958,3429.09617357813,3365.4919196193155,3372.02587890625,1370944,TCS.NS
2024-01-10,3372.11752875156,3407.986258562806,3370.289822773917,3393.181884765625,1292227,TCS.NS
2024-01-11,3403.188605468219,3447.9674029085904,3387.6531043154373,3413.74365234375,1777909,TCS.NS
2024-01-12,3516.5062216937445,3568.824304124089,3492.3805925763054,3548.308349609375,6813450,TCS.NS
2024-01-15,3618.857264540604,3623.426528763509,3550.318301197032,3567.498779296875,2801505,TCS.NS
2024-01-16,3563.1126115927123,3563.1126115927123,3523.405745987789,3528.660400390625,1432672,TCS.NS
2024-01-17,3490.0040444785163,3573.11891681027,3484.1097382002936,3549.952880859375,3458696,TCS.NS
2024-01-18,3562.1987751054894,3572.0684315207345,3529.300069127091,3566.402587890625,2239110,TCS.NS
2024-01-19,3630.265574324088,3647.335689320989,3602.7050479129484,3628.47119140625,2941975,TCS.NS
2024-01-23,3588.8559304230384,3620.051280568456,3536.173365803367,3550.436767578125,2618854,TCS.NS
2024-01-24,3570.451409769425,3573.8101208438484,3501.98717363284,3535.299072265625,2657709,TCS.NS
2024-01-25,3533.550617096936,3552.9673375819,3477.2332310375527,3506.312255859375,2205154,TCS.NS
2024-01-29,3497.570395559896,3515.2385654063078,3479.212061073679,3497.75439453125,1646747,TCS.NS
2024-01-30,3503.6895122527035,3540.820457055553,3484.871069366822,3497.340087890625,1411621,TCS.NS
2024-01-31,3507.140432085803,3528.12148113154,3493.567194775764,3511.511474609375,2459358,TCS.NS
2024-02-01,3515.2381710106256,3593.364709605868,3501.480935666616,3546.66357421875,2363107,TCS.NS
2024-02-02,3565.896668660393,3666.522537605696,3563.089954213246,3649.86669921875,2826510,TCS.NS
2024-02-05,3665.2341894937504,3701.122749220152,3646.001692223504,3656.30810546875,1691523,TCS.NS
2024-02-06,3678.116850330936,3818.818303226733,3671.6753146911274,3806.02734375,4474396,TCS.NS
2024-02-07,3821.6716355150297,3823.512074540079,3748.92823811736,3757.624267578125,2124267,TCS.NS
2024-02-08,3763.697771027623,3826.272697294097,3760.0629489197368,3804.279541015625,2345173,TCS.NS
2024-02-09,3806.533642964029,3850.888400846203,3772.8998012950433,3803.911376953125,2100596,TCS.NS
2024-02-12,3800.5063475256047,3827.744933247144,3778.006802130109,3791.948486328125,1013716,TCS.NS
2024-02-13,3796.319342386552,3837.3149373465553,3755.875519611503,3818.450439453125,1257415,TCS.NS
2024-02-14,3779.3413678448446,3786.611011801424,3726.4287482560735,3772.991943359375,1391283,TCS.NS
2024-02-15,3798.665989794075,3815.505826442883,3757.2561134518432,3775.8447265625,1091582,TCS.NS
2024-02-16,3785.093014356532,3817.024812052794,3772.99221729805,3798.942138671875,1307556,TCS.NS
2024-02-19,3794.110709187132,3798.941861408623,3731.489953932272,3776.396484375,772291,TCS.NS
2024-02-20,3756.427991026826,3771.059390745061,3690.0800773274023,3709.08251953125,1193648,TCS.NS
2024-02-21,3692.840626235536,3739.173765074292,3663.0256061355935,3673.055908203125,1885939,TCS.NS
2024-02-22,3654.191483338692,3768.252640712782,3654.191483338692,3761.029052734375,2982052,TCS.NS
2024-02-23,3800.5062936958448,3800.5062936958448,3723.5758585151752,3728.8212890625,2538072,TCS.NS
2024-02-26,3714.0056182761114,3726.8886902919344,3665.0039336444943,3681.843994140625,1379284,TCS.NS
2024-02-27,3679.957687485479,3794.985122078048,3679.957687485479,3776.94873046875,2960475,TCS.NS
2024-02-28,3768.8511632078394,3823.420001118156,3762.777624498999,3790.33837890625,1939225,TCS.NS
2024-02-29,3771.979390861673,3807.96005993707,3740.277876873748,3768.390625,3772719,TCS.NS
2024-03-01,3779.525838576427,3809.7088594718166,3760.753225340666,3767.700927734375,2043265,TCS.NS
2024-03-04,3777.501027099328,3789.371768720034,3750.722549928762,3755.1396484375,1749271,TCS.NS
2024-03-05,3737.931557869195,3739.77199684402,3662.4735599013775,3692.0126953125,2070859,TCS.NS
2024-03-06,3675.402436997691,3747.1334961978687,3642.6425356235145,3740.0478515625,1744204,TCS.NS
2024-03-07,3740.692062833141,3794.985010362576,3715.570026925066,3780.813720703125,2688905,TCS.NS
2024-03-11,3762.77738788874,3821.671433578365,3762.77738788874,3793.466796875,2304068,TCS.NS
2024-03-12,3793.466788542336,3892.482492505704,3792.270233646347,3857.7900390625,4039801,TCS.NS
2024-03-13,3869.5225200161194,3902.650417928266,3802.2543930015554,3817.990234375,2837260,TCS.NS
2024-03-14,3822.085732966261,3887.927256237985,3760.016750056428,3871.91552734375,2919608,TCS.NS
2024-03-15,3858.111984798,3900.810075518828,3843.756472149597,3882.6357421875,3373143,TCS.NS
2024-03-18,3878.955198681376,3915.303868475081,3789.325910371704,3821.21142578125,1526904,TCS.NS
2024-03-19,3728.039199860463,3734.250681402964,3650.142710085243,3659.989013671875,8931209,TCS.NS
2024-03-20,3667.9952590888574,3697.4422857548993,3644.253548906764,3654.099853515625,1817913,TCS.NS
2024-03-21,3671.72192758532,3688.6078209191865,3633.026651975029,3655.986083984375,3829582,TCS.NS
2024-03-22,3586.095026445395,3623.824022104687,3547.4458113797787,3598.885986328125,5852485,TCS.NS
2024-03-26,3565.8503303060525,3631.830019227125,3562.583506361182,3568.15087890625,3440925,TCS.NS
2024-03-27,3578.2734848298974,3584.254911511496,3523.888423136644,3534.470947265625,1968575,TCS.NS
2024-03-28,3542.9376541337374,3602.6598176959906,3534.1034559033083,3567.04736328125,4311783,TCS.NS
2024-04-01,3586.7395487458493,3619.499453254275,3577.8595203158884,3604.269775390625,1569676,TCS.NS
2024-04-02,3579.653557681035,3597.920003104046,3564.0098274803727,3573.9482421875,2142666,TCS.NS
2024-04-03,3543.7651451703696,3663.39367512938,3543.7651451703696,3632.38232421875,3973090,TCS.NS
2024-04-04,3658.70040317898,3707.241978924869,3621.2935725878497,3683.91455078125,3394637,TCS.NS
2024-04-05,3660.633172890031,3682.718440901434,3644.529331631717,3661.783447265625,1636819,TCS.NS
2024-04-08,3665.2339237190768,3710.9227277310406,3644.068877210029,3655.61767578125,2302538,TCS.NS
2024-04-09,3666.154805277973,3695.463888754638,3611.907905990907,3631.692626953125,1876992,TCS.NS
2024-04-10,3640.755998826253,3671.8594599447097,3605.419663202159,3666.752197265625,2101965,TCS.NS
2024-04-12,3654.1916765092096,3693.163062647417,3630.726078989445,3682.166259765625,4354821,TCS.NS
2024-04-15,3682.1664597219246,3739.956293057097,3606.386513708371,3626.769287109375,4200329,TCS.NS
2024-04-16,3590.6962907179723,3615.2661050786087,3554.669789147579,3563.825927734375,3051420,TCS.NS
2024-04-18,3567.5069887926397,3621.983938050233,3542.84506135503,3553.8876953125,3476284,TCS.NS
2024-04-19,3531.801993030296,3545.191229989613,3497.661764045418,3520.943359375,2957749,TCS.NS
2024-04-22,3530.8821260588365,3568.6111245390066,3507.876639180684,3556.2802734375,1728883,TCS.NS
2024-04-23,3567.7373128762897,3584.255209151465,3552.599745949953,3565.57470703125,1807586,TCS.NS
2024-04-24,3579.653877353025,3587.0156333989958,3519.3334438187635,3525.406982421875,1317312,TCS.NS
2024-04-25,3507.1403866301107,3564.6080473941747,3506.9563876693583,3544.869384765625,2856271,TCS.NS
2024-04-26,3547.583950815871,3567.5068368634634,3499.1805421614235,3516.480712890625,2039178,TCS.NS
2024-04-29,3531.802085484041,3568.426862829934,3514.5019156929066,3561.43310546875,1110693,TCS.NS
2024-04-30,3563.089785398555,3572.061925224906,3506.036178297648,3515.83642578125,2203078,TCS.NS
2024-05-02,3476.6355119648906,3562.2619859302818,3476.6355119648906,3555.084228515625,2491044,TCS.NS
2024-05-03,3579.79174536676,3582.966682325397,3494.625611625741,3536.771484375,2962234,TCS.NS
2024-05-06,3545.605583246127,3625.618620447783,3545.605583246127,3608.2265625,2053831,TCS.NS
2024-05-07,3617.198845284469,3669.835355602748,3601.27900304698,3661.50732421875,2062112,TCS.NS
2024-05-08,3644.989535707688,3666.43069555621,3624.3767082288086,3659.6669921875,1247685,TCS.NS
2024-05-09,3645.909369588605,3654.191344431184,3598.104015290975,3644.2529296875,1726486,TCS.NS
2024-05-10,3646.4621845728734,3656.584599916785,3575.0991114656995,3583.242919921875,1672489,TCS.NS
2024-05-13,3574.592350714021,3639.467820073099,3561.249169072792,3632.84228515625,931326,TCS.NS
2024-05-14,3621.983888045264,3631.0020839186186,3582.322338430397,3589.960205078125,1058317,TCS.NS
2024-05-15,3592.9969594097643,3613.6558418017335,3566.310594491623,3570.819580078125,1115021,TCS.NS
2024-05-16,3606.691138597264,3623.746152107256,3562.5702354838822,3615.821044921875,2599399,TCS.NS
2024-05-17,3632.551806574356,3633.478714409665,3550.057009231892,3553.857421875,2765804,TCS.NS
2024-05-21,3550.613121462056,3563.728776359017,3531.5651208470945,3540.97314453125,1908117,TCS.NS
2024-05-22,3554.691612227725,3560.4847863024115,3538.517115470372,3551.910888671875,1311168,TCS.NS
2024-05-23,3560.2062401149506,3619.574726144816,3545.885560785401,3608.868896484375,2095742,TCS.NS
2024-05-24,3594.7801911641072,3599.924574735908,3563.311716474841,3568.131591796875,1309452,TCS.NS
2024-05-27,3573.2294672441094,3622.6800874842297,3560.5772666527496,3565.860595703125,1841538,TCS.NS
2024-05-28,3576.0105212093163,3587.1334155210093,3550.057101148699,3559.2333984375,1801993,TCS.NS
2024-05-29,3567.5751439944142,3567.5751439944142,3522.2494455944416,3525.632568359375,1568095,TCS.NS
2024-05-30,3500.930948347214,3517.0590544137885,3443.8797249385125,3463.0205078125,2919230,TCS.NS
2024-05-31,3466.6351077409063,3475.718849271696,3386.6893114728173,3402.632080078125,10956800,TCS.NS
2024-06-03,3459.961773430714,3477.3412961491067,3425.851518249575,3432.200927734375,2156773,TCS.NS
2024-06-04,3429.5587856451884,3471.269635740873,3328.989291525593,3443.46240234375,3395997,TCS.NS
2024-06-05,3444.388987256751,3507.2333741025705,3429.558464168455,3472.61328125,2799670,TCS.NS
2024-06-06,3504.638336159672,3559.233114194575,3468.025478640945,3550.427490234375,4328036,TCS.NS
2024-06-07,3556.8232840964106,3628.8439736397463,3556.8232840964106,3609.33251953125,4552445,TCS.NS
2024-06-10,3610.305978999996,3620.409183775903,3561.0870829656333,3576.6591796875,1734661,TCS.NS
2024-06-11,3563.960855615868,3596.3562412809524,3560.253224036554,3570.5419921875,1419898,TCS.NS
2024-06-12,3591.211490093849,3608.9155195936296,3547.693214139478,3551.586181640625,2177001,TCS.NS
2024-06-13,3574.8976680710653,3605.670958498831,3570.448465845115,3594.68701171875,1932323,TCS.NS
2024-06-14,3604.7446322415462,3604.7446322415462,3548.2032533352126,3551.957275390625,1860730,TCS.NS
2024-06-18,3546.395689059985,3561.179823442644,3517.661546809407,3536.24609375,1774045,TCS.NS
2024-06-19,3547.8786522964565,3553.625661858595,3515.714995969622,3523.825439453125,1509050,TCS.NS
2024-06-20,3518.5418393437685,3531.4721572718627,3503.757705904956,3510.431396484375,2846526,TCS.NS
2024-06-21,3547.276363984185,3594.363328315842,3520.4424268191765,3532.214111328125,4642195,TCS.NS
2024-06-24,3530.359880582307,3575.0831793648726,3514.185385660008,3537.821533203125,1702154,TCS.NS
2024-06-25,3538.0067905497995,3566.4164218366413,3515.668223832292,3557.888916015625,1338808,TCS.NS
2024-06-26,3563.4970839383795,3584.3061190627222,3560.2529065957383,3574.017578125,1639845,TCS.NS
2024-06-27,3550.983551295317,3653.870310416638,3539.026531969821,3646.593994140625,4526556,TCS.NS
2024-06-28,3631.439292021709,3670.554754499888,3612.947527343435,3618.786865234375,2731571,TCS.NS
2024-07-01,3600.1101295040166,3709.207139405148,3600.1101295040166,3687.4248046875,2658723,TCS.NS
2024-07-02,3701.699052905465,3729.320724102144,3691.45667653292,3723.75927734375,2307449,TCS.NS
2024-07-03,3726.169344471108,3731.8235725519535,3665.9203376575206,3675.421142578125,1821198,TCS.NS
2024-07-04,3707.492429103772,3751.52055167907,3691.0398148782656,3727.050048828125,2518001,TCS.NS
2024-07-05,3716.900368316538,3732.4260743437953,3696.508396221036,3718.56884765625,1668616,TCS.NS
2024-07-08,3728.023114490228,3736.597011508885,3687.285562563459,3701.328125,1758882,TCS.NS
2024-07-09,3693.7274640836704,3714.073044379492,3684.551167677433,3694.19091796875,1305801,TCS.NS
2024-07-10,3692.522156827311,3710.689638253816,3616.793843045769,3623.421142578125,2669716,TCS.NS
2024-07-11,3643.6744309405326,3689.092911509367,3610.861986517304,3636.907958984375,4872189,TCS.NS
2024-07-12,3689.092963601374,3892.9665108049135,3681.0289111762886,3878.135986328125,13509164,TCS.NS
2024-07-15,3926.10347892008,3930.089001351756,3853.201819687219,3864.464111328125,4848030,TCS.NS
2024-07-16,3867.059105814736,3887.960694393628,3841.939815447988,3873.037841796875,2029521,TCS.NS
2024-07-18,3855.935904024396,4008.875669448441,3855.935904024396,4000.1162109375,5613364,TCS.NS
2024-07-19,4011.1260943754655,4049.5428404415234,3981.2568871814256,3997.190185546875,3903354,TCS.NS
2024-07-22,3994.9154862555774,4013.496703733913,3962.444627254984,3983.209228515625,1896386,TCS.NS
2024-07-23,3979.1666292711343,4052.2838814085662,3963.6511354841136,3997.14404296875,2365208,TCS.NS
2024-07-24,3983.347690266691,4031.2873123813406,3965.32400369121,4000.767578125,1809793,TCS.NS
2024-07-25,3990.315092493855,4034.909999231854,3970.990814364529,4015.8642578125,2810342,TCS.NS
2024-07-26,4041.4128530075222,4108.723462326797,4029.3813390339833,4076.577880859375,3552210,TCS.NS
2024-07-29,4101.802189759301,4116.667158057409,4060.923526939503,4070.30712890625,1746803,TCS.NS
2024-07-30,4079.5976241161015,4086.008050793285,4020.3232924395934,4055.67431640625,1797906,TCS.NS
2024-07-31,4041.413477513075,4100.873353963842,4036.768174665359,4074.255859375,2330091,TCS.NS
2024-08-01,4087.309021156136,4105.797235952523,4055.3956995339786,4085.17236328125,2202244,TCS.NS
2024-08-02,4055.34909195336,4086.008088524829,3967.088344247617,3979.21240234375,2811282,TCS.NS
2024-08-05,3938.2877856411073,3938.2877856411073,3818.9035015045465,3860.29296875,2787771,TCS.NS
2024-08-06,3875.065586406783,3956.172397325972,3865.6352581703713,3875.2978515625,2203067,TCS.NS
2024-08-07,3928.068093519552,3943.815851652465,3883.7517228332495,3902.47265625,1237666,TCS.NS
2024-08-08,3884.402501608471,3931.784593830913,3864.8922283404063,3876.5517578125,2441283,TCS.NS
2024-08-09,3917.8489177851575,3951.898901241262,3907.210991459925,3928.765380859375,1302536,TCS.NS
2024-08-12,3929.926507307199,3938.288053067427,3889.373101098671,3898.01318359375,936912,TCS.NS
2024-08-13,3914.132433056277,3933.642706280625,3886.2606141643496,3899.22119140625,1495593,TCS.NS
2024-08-14,3910.4154116465866,4000.720268326334,3891.0444106465065,3990.546875,3226545,TCS.NS
2024-08-16,4041.413561593398,4112.951226936545,4018.280043659057,4102.77783203125,3457058,TCS.NS
2024-08-19,4107.377235436386,4175.430929735349,4078.901616536801,4171.482421875,2055210,TCS.NS
2024-08-20,4185.418293173432,4241.161933038117,4180.772989851375,4202.419921875,2212298,TCS.NS
2024-08-21,4197.496096539259,4236.516644581457,4173.851321089861,4228.61962890625,1896990,TCS.NS
2024-08-22,4236.516374666815,4237.39916370202,4178.171549911448,4182.630859375,1829872,TCS.NS
2024-08-23,4180.773068059991,4186.347432150737,4138.965337379391,4147.23388671875,1809253,TCS.NS
2024-08-26,4170.553269172667,4229.223358650871,4166.837026562577,4183.04931640625,1844164,TCS.NS
2024-08-27,4185.417727677566,4190.063030371992,4168.50864441272,4178.12451171875,930697,TCS.NS
2024-08-28,4179.611105918801,4238.838715366386,4141.101365063979,4186.39306640625,1848058,TCS.NS
2024-08-29,4143.610677557092,4232.800503800473,4143.610677557092,4191.73583984375,2133641,TCS.NS
2024-08-30,4180.771985657425,4266.477811363402,4169.43726681697,4230.708984375,3637222,TCS.NS
2024-09-02,4251.381655472286,4262.530383589784,4191.921772178967,4200.32958984375,1216500,TCS.NS
2024-09-03,4200.329136859027,4232.706988670382,4176.963354094572,4192.24658203125,1717263,TCS.NS
2024-09-04,4159.357971016076,4168.694848446134,4121.9632824379705,4161.49462890625,1265505,TCS.NS
2024-09-05,4163.120774045665,4179.843865751271,4138.175404856223,4158.42919921875,1688793,TCS.NS
2024-09-06,4156.570844055927,4198.378570967705,4125.029055295338,4140.5908203125,1649179,TCS.NS
2024-09-09,4138.964928860649,4171.714314661398,4116.202944403391,4133.9013671875,1184938,TCS.NS
2024-09-10,4127.305445435125,4217.88885396822,4125.447324234446,4188.06591796875,1385591,TCS.NS
2024-09-11,4200.701927375869,4226.622631682309,4154.062896070717,4161.58837890625,1325919,TCS.NS
2024-09-12,4190.296089653868,4211.060687361837,4116.9465647505085,4197.2177734375,2742216,TCS.NS
2024-09-13,4208.644488913913,4224.43851900476,4185.417974074432,4201.76953125,1458786,TCS.NS
2024-09-16,4205.857102070119,4223.555524057743,4175.6163626806965,4193.08251953125,1155120,TCS.NS
2024-09-17,4193.082435128378,4214.032568613279,4149.184325105708,4186.021484375,1699364,TCS.NS
2024-09-18,4178.031067060591,4178.031067060591,4014.470158180367,4037.8359375,2961779,TCS.NS
2024-09-19,4078.622991629416,4108.492657858026,3978.0521647626097,3991.38427734375,2927551,TCS.NS
2024-09-20,4010.6620715019503,4023.4833814321,3927.604135103798,3980.93212890625,5447908,TCS.NS
2024-09-23,3994.960476501186,4003.693555186361,3951.294629432452,3965.695068359375,1702319,TCS.NS
2024-09-24,3950.04043653129,3986.5990621222554,3939.216971195143,3968.29638671875,3012026,TCS.NS
2024-09-25,3950.6913284717216,3985.2988392847856,3939.2173381849816,3971.502197265625,2713073,TCS.NS
2024-09-26,3957.7979636084015,4010.5684216660406,3957.7979636084015,3987.992431640625,3964251,TCS.NS
2024-09-27,4027.477814181381,4067.4274211040574,3995.006963841728,4003.043701171875,3012477,TCS.NS
2024-09-30,3982.7896922279247,3993.799150781273,3957.8443250356186,3965.695068359375,2503416,TCS.NS
2024-10-01,3953.6645188560456,3991.012944594841,3941.958715652306,3983.7197265625,1823365,TCS.NS
2024-10-03,3960.214242158008,3975.4507469540895,3911.345558466164,3932.481689453125,3350119,TCS.NS
2024-10-04,3925.281241847147,3993.102669221074,3924.398452773479,3950.59814453125,2965463,TCS.NS
2024-10-07,3970.7126370149526,3992.406296192221,3929.3694337615807,3969.7373046875,1472619,TCS.NS
2024-10-08,3969.504513414997,3975.8219442019727,3905.724592296589,3951.527099609375,1541867,TCS.NS
2024-10-09,3957.798231053306,3990.315352669941,3945.441906296137,3951.24853515625,1082504,TCS.NS
2024-10-10,3951.526558479922,3989.246505383008,3900.753493052388,3927.51025390625,2378875,TCS.NS
2024-10-11,3849.0977975212186,3941.028518940875,3820.7151796266103,3854.858154296875,5759183,TCS.NS
2024-10-14,3846.310685765663,3869.9087330608727,3829.7735893951135,3843.1982421875,2137590,TCS.NS
2024-10-15,3837.995460690613,3874.1362795372975,3804.5030088222256,3824.75634765625,2759474,TCS.NS
2024-10-16,3795.212679191423,3823.084498132853,3778.675354588552,3804.456787109375,2359151,TCS.NS
2024-10-17,3821.0402585925135,3836.974010815032,3802.5985417542856,3817.510009765625,2522659,TCS.NS
2024-10-18,3809.128265067552,3861.422196631944,3799.8149930258223,3839.908447265625,2361000,TCS.NS
2024-10-21,3848.8025545031073,3855.647899798256,3790.501385728475,3799.675048828125,1595450,TCS.NS
2024-10-22,3786.776161320197,3808.941792786158,3731.222588221232,3739.744140625,1928049,TCS.NS
2024-10-23,3724.936169449571,3831.06062560898,3720.791581721823,3787.009033203125,1966476,TCS.NS
2024-10-24,3729.034017325969,3798.883555612545,3729.034017325969,3769.919189453125,2676744,TCS.NS
2024-10-25,3778.441074679716,3810.990914951962,3755.763166335102,3778.90673828125,1759676,TCS.NS
2024-10-28,3789.5232343448033,3850.106105696772,3772.8059589205664,3809.91943359375,1532534,TCS.NS
2024-10-29,3814.576053505887,3821.700614609533,3781.281110902673,3795.390625,1445885,TCS.NS
2024-10-30,3795.157804269821,3824.96027046286,3781.234510070215,3804.14501953125,1935002,TCS.NS
2024-10-31,3790.501362953683,3798.23142349314,3688.055380171151,3695.925048828125,3740372,TCS.NS
2024-11-01,3715.855640568731,3724.330581026832,3703.003280699814,3710.593505859375,154895,TCS.NS
2024-11-04,3693.9228999424704,3717.7647384247807,3644.51594943524,3691.92041015625,2269192,TCS.NS
2024-11-05,3670.453574014962,3712.2700726947455,3670.453574014962,3698.626220703125,967590,TCS.NS
2024-11-06,3728.661529286281,3864.8212879793314,3702.258313204772,3855.368408203125,3792017,TCS.NS
2024-11-07,3883.354926064752,3916.975471746434,3804.517947878228,3865.845703125,3724349,TCS.NS
2024-11-08,3869.6642401156896,3883.401315336317,3834.879080725745,3862.213623046875,1648039,TCS.NS
2024-11-11,3844.704960664376,3943.518408459811,3834.879186284666,3910.363525390625,1406487,TCS.NS
2024-11-12,3926.475364271153,3928.3380186185295,3878.3724067000553,3909.152587890625,1587640,TCS.NS
2024-11-13,3891.178314501988,3908.547476051825,3847.359096337812,3865.333984375,1098813,TCS.NS
2024-11-14,3851.0375903197846,3874.320768012165,3833.761654371864,3861.18896484375,1825432,TCS.NS
2024-11-18,3923.6812860911455,3923.6812860911455,3716.181551430071,3743.469482421875,3313944,TCS.NS
2024-11-19,3743.84162052266,3848.383084766247,3738.440105383612,3762.142333984375,1776233,TCS.NS
2024-11-21,3767.124986745769,3811.409636894372,3747.660340835974,3793.15576171875,2384347,TCS.NS
2024-11-22,3791.433077424545,3962.750899853068,3775.6005148315166,3953.111572265625,3096553,TCS.NS
2024-11-25,3986.080102293397,4030.8770280377776,3960.1893900708537,4018.769775390625,4052167,TCS.NS
2024-11-26,4024.3109738880953,4066.733198149224,4014.0199908462,4053.787841796875,2060669,TCS.NS
2024-11-27,4059.608149405842,4076.7908603023225,4027.104472178454,4035.020751953125,1558993,TCS.NS
2024-11-28,4022.4015626518726,4041.913046412665,3942.3074356808006,3953.39013671875,2558544,TCS.NS
2024-11-29,3930.201000354305,4003.4966369290128,3907.523090835983,3977.55908203125,2017425,TCS.NS
2024-12-02,3976.767214179378,3993.71755141835,3939.5605099829354,3982.96044921875,1670944,TCS.NS
2024-12-03,4018.071307960362,4027.9898509787527,3972.529502098055,4007.267822265625,2010905,TCS.NS
2024-12-04,4017.326528295617,4085.686313112437,3994.509010381187,4055.371337890625,3302642,TCS.NS
2024-12-05,4098.584281260393,4180.727516616581,4060.586315983135,4157.49072265625,3746747,TCS.NS
2024-12-06,4147.200286477372,4158.376213591167,4109.714364283185,4140.21533203125,1842087,TCS.NS
2024-12-09,4126.198676219265,4162.473596939852,4112.321537472264,4146.408203125,2066639,TCS.NS
2024-12-10,4122.193893602826,4185.198089234919,4109.108928030726,4128.154296875,2087828,TCS.NS
2024-12-11,4127.502045111503,4143.148158287083,4104.358476029229,4123.404296875,1635256,TCS.NS
2024-12-12,4125.825703197917,4177.002312539005,4122.054010099808,4149.01611328125,1914642,TCS.NS
2024-12-13,4130.389146191078,4186.221930852545,4092.623560879653,4166.6640625,1967048,TCS.NS
2024-12-16,4152.787550664486,4167.6887843067,4095.045270300907,4111.99560546875,1646224,TCS.NS
2024-12-17,4107.153419581878,4128.527563155076,4021.471307427335,4031.250244140625,3225027,TCS.NS
2024-12-18,4015.60360927398,4062.449184824082,3995.021187516033,4049.27099609375,1575404,TCS.NS
2024-12-19,3987.942627437592,4064.311449354893,3969.316085506543,3978.5361328125,3015763,TCS.NS
2024-12-20,4031.7151268140337,4081.075464471956,3867.3358891418975,3883.913330078125,4116989,TCS.NS
2024-12-23,3911.619964587505,3927.406139864292,3832.317557835385,3872.737060546875,2195338,TCS.NS
2024-12-24,3872.737615555093,3928.338029883583,3872.737615555093,3892.48193359375,1181886,TCS.NS
2024-12-26,3892.4818540644487,3911.5276763317006,3858.628020945553,3882.796142578125,1208464,TCS.NS
2024-12-27,3877.115088515739,3893.832593461187,3862.446685286308,3878.838134765625,858100,TCS.NS
2024-12-30,3865.938711530591,3910.9216276232846,3829.616955387567,3873.202880859375,1527169,TCS.NS
