Date,Open,High,Low,Close,Volume,Ticker
2018-01-01,408.08094545999677,410.75510030776525,405.0528992982271,406.448974609375,5431340,INFY.NS
2018-01-02,407.903971562014,409.7719338323631,402.30008475096685,404.93487548828125,6112248,INFY.NS
2018-01-03,404.46294226808027,405.6820236938922,400.5697064848644,401.6315002441406,6846552,INFY.NS
2018-01-04,401.51355985466495,401.51355985466495,397.0304409663982,399.31134033203125,8947614,INFY.NS
2018-01-05,399.2720110779499,403.6371583231272,395.61474241475344,397.9742736816406,11025976,INFY.NS
2018-01-08,403.0472628040286,408.5921515055043,401.13996068863577,407.43206787109375,5594690,INFY.NS
2018-01-09,408.9853505071483,410.9123103172242,404.62022800172963,409.5162353515625,9948236,INFY.NS
2018-01-10,411.6595433544917,415.2774718237705,406.25228460678636,413.8027648925781,9468634,INFY.NS
2018-01-11,414.9825811881578,426.05272550643053,414.9825811881578,423.0639953613281,16775298,INFY.NS
2018-01-12,426.99657414086056,427.03589006531564,420.99943151531363,424.1061096191406,18016528,INFY.NS
2018-01-15,424.71556313744236,429.80819814166944,418.856051785794,425.1678161621094,10649250,INFY.NS
2018-01-16,425.2072121109386,446.2660486155505,425.2072121109386,441.5666198730469,22646966,INFY.NS
2018-01-17,442.3531608327129,456.8839712042629,441.62564821710697,453.0693664550781,26154088,INFY.NS
2018-01-18,450.27725169275004,458.1030406026039,445.2042494744676,453.3052978515625,13204970,INFY.NS
2018-01-19,450.27719781017515,451.41764747545477,446.7379010588288,449.6676330566406,5988278,INFY.NS
2018-01-22,445.22384364238576,454.9765429093203,445.16484576681387,452.2434387207031,9650214,INFY.NS
2018-01-23,454.2097653037192,467.1871871695398,454.2097653037192,462.90069580078125,15403796,INFY.NS
2018-01-24,461.99624464759285,480.18429829660766,459.125462383239,466.3220520019531,20604718,INFY.NS
2018-01-25,464.8277445542195,465.37831155143573,457.0609527141639,462.2322692871094,13548914,INFY.NS
2018-01-29,458.7518968507577,470.43155770213707,458.22096389905056,465.1816101074219,10823002,INFY.NS
2018-01-30,463.60845988987666,465.26011215392117,457.23769828976,460.3641052246094,8628312,INFY.NS
2018-01-31,455.8418085334567,458.77154078911536,449.15646963697867,452.3418273925781,9213698,INFY.NS
2018-02-01,449.1761119135046,455.3502479292239,439.8756639744194,450.11993408203125,13005454,INFY.NS
2018-02-02,446.44297808879264,457.3164942690542,444.41770415208794,449.5890197753906,10244486,INFY.NS
2018-02-05,448.31096700240477,454.15079762950455,446.67894817946444,447.60308837890625,9860220,INFY.NS
2018-02-06,432.56109932496815,443.7295581883144,430.67350290039747,435.6285095214844,10552078,INFY.NS
2018-02-07,438.87275256022394,442.3334171228257,433.97674508706876,436.1396484375,8342056,INFY.NS
2018-02-08,441.54689985206926,450.82771175391343,439.089055174421,446.0496520996094,8807244,INFY.NS
2018-02-09,439.6593150437528,440.5638212086371,434.94025262825636,436.17901611328125,4382690,INFY.NS
2018-02-12,438.40091665333665,440.68176801302224,431.7155782458428,433.6818542480469,6291972,INFY.NS
2018-02-14,434.94018621407776,439.38398851202794,428.7267357805369,431.6958312988281,8345712,INFY.NS
2018-02-15,433.7604917272153,444.2603865136207,433.7604917272153,438.26324462890625,7986736,INFY.NS
2018-02-16,442.41203333172456,448.9597410259897,439.69856325966776,443.6114807128906,9889222,INFY.NS
2018-02-19,443.7492548413221,446.737985282748,440.56389676552885,445.066650390625,6461840,INFY.NS
2018-02-20,434.0553680139048,452.04679096895455,434.0553680139048,447.1114196777344,7188594,INFY.NS
2018-02-21,451.26041577898656,452.990748542845,448.311001296771,451.2210998535156,13771358,INFY.NS
2018-02-22,450.49342753386253,457.74896538640155,448.4877879930395,456.47088623046875,17859974,INFY.NS
2018-02-23,457.5524675890203,458.5356056801011,450.96544237877873,454.4654235839844,9459828,INFY.NS
2018-02-26,452.6367502193267,454.2294530340896,446.08904132110456,447.7603759765625,5083608,INFY.NS
2018-02-27,450.2574624750706,453.6788110653432,442.6676669219697,452.3220520019531,6616026,INFY.NS
2018-02-28,451.29963251627953,467.7770340697562,449.31372267093354,461.1310119628906,17268416,INFY.NS
2018-03-01,459.95118448489984,459.95118448489984,454.62260634533783,456.47088623046875,6579852,INFY.NS
2018-03-05,456.4709682832103,460.423202200822,449.5890023603534,454.5636901855469,8101456,INFY.NS
2018-03-06,457.1789323978738,458.2997003141044,449.72671624386146,452.7744445800781,6689734,INFY.NS
2018-03-07,454.2096469904882,456.17592251858554,447.5439921521476,449.92315673828125,6370416,INFY.NS
2018-03-08,451.85029128963725,458.4569988237264,451.85029128963725,454.85870361328125,6093014,INFY.NS
2018-03-09,457.1002463647635,458.5356376788678,454.4261393732857,457.51318359375,4220964,INFY.NS
2018-03-12,462.468069309377,468.70115400991205,460.79673487522314,466.30230712890625,7676970,INFY.NS
2018-03-13,464.1198261942552,470.7265335868645,462.1339159874276,465.53558349609375,8581052,INFY.NS
2018-03-14,464.0411505539995,468.20964620378146,459.7546591386027,464.35577392578125,4429710,INFY.NS
2018-03-15,464.0410625949723,467.3444153533835,460.8950214926335,465.0242004394531,6101500,INFY.NS
2018-03-16,464.8276725861583,464.9849842759775,459.8136685036934,460.8558044433594,17954826,INFY.NS
2018-03-19,457.74907612972123,464.23778726042605,449.3530867827668,450.9654235839844,7526620,INFY.NS
2018-03-20,451.6928230046,460.10849220659884,451.6928230046,457.96527099609375,8553766,INFY.NS
2018-03-21,460.10859578886175,462.27149944427947,457.0411859483548,459.1254577636719,7692994,INFY.NS
2018-03-22,457.94577562945625,463.0384123265519,454.3278462390248,456.6873779296875,6813168,INFY.NS
2018-03-23,451.06368686225034,461.6029447807354,449.2350406929334,459.16473388671875,12008084,INFY.NS
2018-03-26,458.88950768407545,458.88950768407545,449.88395390100897,454.3080749511719,8930722,INFY.NS
2018-03-27,456.17593695840554,456.6871878138035,452.28270168858137,453.81640625,3802088,INFY.NS
2018-03-28,452.5384403433953,452.5384403433953,442.90368754008165,445.0862731933594,12558322,INFY.NS
2018-04-02,448.70423917235865,452.06659075369987,440.9571299678812,447.1902160644531,8072702,INFY.NS
2018-04-03,446.2265456117618,449.7068916727594,443.6310715361762,448.4877624511719,4077168,INFY.NS
2018-04-04,449.8839452449148,450.10025480511956,440.44582051949703,442.09747314453125,4813302,INFY.NS
2018-04-05,448.13401796451166,452.7547669316132,444.0244719951523,451.2800598144531,7763544,INFY.NS
2018-04-06,449.49056776667874,450.6703330364075,441.2715267866136,443.198486328125,5937742,INFY.NS
2018-04-09,442.412142329865,442.72676572188215,435.15660239757113,437.0048828125,7202882,INFY.NS
2018-04-10,437.29980540453306,442.2154956631272,434.7043305489529,437.8503723144531,8926058,INFY.NS
2018-04-11,439.6592816434915,444.9682264576124,439.06939888636697,442.11712646484375,9025574,INFY.NS
2018-04-12,444.16209648291266,461.1900669966639,442.4121299264523,457.1985168457031,17044366,INFY.NS
2018-04-13,461.6815613225547,466.36130736281103,452.34175120210267,460.6787414550781,21227038,INFY.NS
2018-04-16,433.3672365723189,448.3109343851575,433.3672365723189,445.63677978515625,24745084,INFY.NS
2018-04-17,443.19860120347533,443.3559128811681,438.4795389013975,442.49072265625,10397940,INFY.NS
2018-04-18,441.5665630912429,446.246309268801,438.02726652070385,442.78564453125,10430380,INFY.NS
2018-04-19,442.0188465747955,448.23229796165776,441.6649072924173,445.4991455078125,8525542,INFY.NS
2018-04-20,447.9176218802382,469.42865967292596,447.1114296099729,463.4315185546875,24272692,INFY.NS
2018-04-23,459.32201506366425,477.569063619204,454.30801190265254,467.0691223144531,21830638,INFY.NS
2018-04-24,466.0073746804708,470.4904932024037,452.2827596986297,454.0130920410156,8526216,INFY.NS
2018-04-25,453.03010955556977,460.50196032080925,450.35595429030184,456.31378173828125,11594178,INFY.NS
2018-04-26,461.6816549412616,464.69006714894937,456.1760815433249,462.6451110839844,11302084,INFY.NS
2018-04-27,464.0411820468881,468.60293321859444,461.76028245863995,466.0860900878906,7663370,INFY.NS
2018-04-30,464.7095730974928,475.03252037502466,464.29668400925783,471.70953369140625,5511678,INFY.NS
2018-05-02,471.47372843124515,472.53549840343976,464.4344498611801,470.7462158203125,10295042,INFY.NS
2018-05-03,470.8248083151397,473.75454047839315,462.5074508788386,465.0439758300781,5332230,INFY.NS
2018-05-04,466.0073829075544,466.40063808300386,454.209727644072,461.32763671875,6023368,INFY.NS
2018-05-07,464.5326896532047,467.9736725395247,462.27147232790867,465.22088623046875,4638960,INFY.NS
2018-05-08,463.21524243942355,463.21524243942355,456.58890288227735,458.3585510253906,5718556,INFY.NS
2018-05-09,459.12542220720485,462.82203049659626,457.35577389891154,460.3838195800781,3783504,INFY.NS
2018-05-10,462.46815490722656,465.2209415435791,457.2968389822636,459.3221130371094,3182862,INFY.NS
2018-05-11,461.01310275900477,465.2995461523028,458.55525769184464,464.3360900878906,3311706,INFY.NS
2018-05-14,465.75181365426226,468.563598099037,460.10861080644,467.6984558105469,4432094,INFY.NS
2018-05-15,467.22653644751216,475.05232524749755,467.22653644751216,469.7630615234375,5611974,INFY.NS
2018-05-16,466.8921792659983,471.11967215048725,465.8107275978732,467.9539489746094,6205004,INFY.NS
2018-05-17,470.33324389697464,470.90344476500155,461.5046833953052,465.1816101074219,9519598,INFY.NS
2018-05-18,465.2208371669452,466.61691213550296,461.2882857116033,465.2994689941406,7139660,INFY.NS
2018-05-21,463.8641338638137,467.3444323589605,460.108527959328,463.8444519042969,8475320,INFY.NS
2018-05-22,462.07482061128917,471.11968944027615,461.64224952911997,469.4876708984375,5636804,INFY.NS
2018-05-23,469.93997716113853,474.91466518141664,464.6310318124562,465.9681091308594,9538442,INFY.NS
2018-05-24,471.1197120360328,482.7404219647114,471.1197120360328,480.1645812988281,9740570,INFY.NS
2018-05-25,483.7432615379362,491.0381654481088,480.0860166056735,483.0354309082031,8901438,INFY.NS
2018-05-28,484.09711806915004,484.72631674513167,474.2657387419943,477.569091796875,5739794,INFY.NS
2018-05-29,477.4315143759385,482.34720457788677,474.3444225252853,478.4736022949219,3388934,INFY.NS
2018-05-30,478.5915960575629,483.21234482804476,474.10847701120196,476.50732421875,6323066,INFY.NS
2018-05-31,476.5074258505868,488.42308059355616,475.93722486984814,484.4118957519531,19720340,INFY.NS
2018-06-01,483.861208341777,490.09429366933267,478.67021089181645,480.0859680175781,4998356,INFY.NS
2018-06-04,480.2037728772189,488.8160688071158,476.6251612182014,487.4003601074219,4270156,INFY.NS
2018-06-05,488.4229477193894,488.4229477193894,478.5915679343775,480.1055908203125,4710862,INFY.NS
2018-06-06,481.8161695446748,488.2459293703105,479.7909440144081,486.633544921875,4038184,INFY.NS
2018-06-07,486.84989176487096,494.71499502440037,486.84989176487096,492.53240966796875,6676226,INFY.NS
2018-06-08,490.7825562639443,496.288129811777,490.01572772169857,495.52130126953125,6459878,INFY.NS
2018-06-11,497.68407582729617,499.43404204830966,493.5548967394952,496.4453125,5171290,INFY.NS
2018-06-12,497.76281309677205,499.92571688664543,491.74598880666304,494.9117126464844,7839820,INFY.NS
2018-06-13,498.17573556061956,504.9397061924348,498.17573556061956,501.32177734375,5766928,INFY.NS
2018-06-14,504.8269629866098,504.8269629866098,497.2122447700703,499.46844482421875,7598848,INFY.NS
2018-06-15,498.38053515625,520.3382871093751,497.57474609375004,516.2086181640625,19957760,INFY.NS
2018-06-18,517.3167031076497,520.2376891649164,508.5940245624138,510.628662109375,8214846,INFY.NS
2018-06-19,508.8558092826334,509.0169769365927,498.8036100782576,500.2338562011719,7545700,INFY.NS
2018-06-20,503.0139052164277,504.56503958124176,498.7835119406788,500.8584289550781,5371802,INFY.NS
2018-06-21,501.98634287045485,506.23689918160846,497.97756258533076,502.2281188964844,5798790,INFY.NS
2018-06-22,500.79789399970866,505.83407555642333,500.07266418295757,502.7519226074219,4343118,INFY.NS
2018-06-25,506.4988899086456,515.2215666928494,505.2297622485229,512.6631469726562,7731178,INFY.NS
2018-06-26,511.27325972782,517.2763992488616,510.16529955110485,514.8388671875,4483504,INFY.NS
2018-06-27,517.2962915488057,521.1237886916875,509.90318848279225,511.6759338378906,6952142,INFY.NS
2018-06-28,514.2144072058924,522.957200515732,514.1942428029298,519.5728759765625,10996818,INFY.NS
2018-06-29,522.9772507803067,529.8062932141715,517.0143922183162,526.6636962890625,9966600,INFY.NS
2018-07-02,529.4033893970858,539.8786467215335,529.4033893970858,537.7432861328125,4830144,INFY.NS
2018-07-03,536.6153416962175,547.0906015718523,536.5548976683331,545.4185791015625,8127452,INFY.NS
2018-07-04,544.7336833733119,544.9754103057913,539.4154449514084,541.9738159179688,5025722,INFY.NS
2018-07-05,542.7392249929536,542.7996690102456,510.9105563332324,517.3165893554688,17019902,INFY.NS
2018-07-06,519.8347258505618,524.5082930883754,511.27321612428824,517.4173583984375,11215356,INFY.NS
2018-07-09,522.554215488292,524.9715827149148,515.322278207897,523.299560546875,6644998,INFY.NS
2018-07-10,527.1876908403838,529.9877892047355,521.4666060346161,524.3271484375,5974488,INFY.NS
2018-07-11,530.833903078868,540.7249379224711,520.2780329982796,532.0022583007812,11899832,INFY.NS
2018-07-12,534.2784122185087,534.6813067378172,517.4978456530241,521.4865112304688,13272240,INFY.NS
2018-07-13,529.8064195510418,536.4944603341751,523.0982143645385,530.7733764648438,19496158,INFY.NS
2018-07-16,530.7732847762649,557.7672193602774,518.8072872502948,536.9979858398438,35344680,INFY.NS
2018-07-17,535.7287816445892,543.706112188857,528.879575340617,535.0036010742188,11161690,INFY.NS
2018-07-18,539.7981365381414,541.2485470785587,529.4034374991347,532.8482055664062,6919016,INFY.NS
2018-07-19,533.0295274904356,536.6152990762868,527.4292830115745,530.4912719726562,5118864,INFY.NS
2018-07-20,534.2381908674092,550.8173119813748,532.3446060927276,543.1421508789062,11705738,INFY.NS
2018-07-23,544.7740224819322,551.1598929846771,538.3679875736658,546.3049926757812,7675702,INFY.NS
2018-07-24,553.7383533160784,556.9615101465777,546.3250827696359,554.8463134765625,6172246,INFY.NS
2018-07-25,555.5916826780572,561.5545427448704,550.1324408877832,557.5054321289062,6936922,INFY.NS
2018-07-26,555.410324253683,560.1846150298348,551.6432207121932,553.2749633789062,7362218,INFY.NS
2018-07-27,553.2548061422392,559.6205600471839,551.2806620862378,553.3555297851562,6493232,INFY.NS
2018-07-30,551.9655434631754,553.1742271349926,543.1018632031828,544.310546875,6409970,INFY.NS
2018-07-31,543.323578393812,551.965648621167,538.0859481514215,549.991455078125,7943996,INFY.NS
2018-08-01,549.4676508874627,551.3410713495545,544.310580562617,545.5394287109375,4675706,INFY.NS
2018-08-02,547.7753765363275,550.6560821747407,543.9680430158978,545.378173828125,5940742,INFY.NS
2018-08-03,550.4346309093004,550.4346309093004,546.3251253030617,549.5885620117188,3970390,INFY.NS
2018-08-06,550.374249317109,553.9801367162355,542.9005339819108,548.1986083984375,6178930,INFY.NS
2018-08-07,553.5772417453624,555.9744452084236,548.1986080756162,551.1397094726562,7351528,INFY.NS
2018-08-08,552.6907710649621,552.9727775813067,545.2372217860884,549.0445556640625,3992358,INFY.NS
2018-08-09,553.4362803601114,559.8019867186403,553.4362803601114,555.9744873046875,6409524,INFY.NS
2018-08-10,558.3312379721441,559.6204807462038,553.1943329112988,558.190185546875,4779520,INFY.NS
2018-08-13,560.0233647127329,568.0208108401446,555.47063711119,567.57763671875,9979746,INFY.NS
2018-08-14,569.6727995179082,573.9435216194893,565.6640179238703,567.396484375,6151320,INFY.NS
2018-08-16,570.0755259421176,578.1133003430457,568.584836035722,575.9578247070312,6626774,INFY.NS
2018-08-17,576.5018851370744,579.2214236500944,573.319008004061,576.2802734375,6390408,INFY.NS
2018-08-20,559.2177028893692,567.2554304593195,553.375731209329,557.7068481445312,16101876,INFY.NS
2018-08-21,560.0234693954955,562.440836889289,553.476432433138,557.5859375,8361482,INFY.NS
2018-08-23,561.232076022531,564.6566795014911,558.1499230551747,563.0048217773438,7717182,INFY.NS
2018-08-24,562.6422931903314,564.8179338058787,554.4232337435237,555.3096313476562,7053000,INFY.NS
2018-08-27,557.2031050654176,572.0900374768307,556.5584836883293,570.2568969726562,7012950,INFY.NS
2018-08-28,570.9821360924632,579.5235300539373,568.6856568320393,574.0038452148438,6496890,INFY.NS
2018-08-29,577.5896657904779,577.5896657904779,566.1273345481783,568.1216430664062,5646496,INFY.NS
2018-08-30,569.2095433294234,572.7348712824225,562.5013380168504,570.579345703125,11507962,INFY.NS
2018-08-31,574.1650756607855,585.9296273060185,572.5534972859429,580.6113891601562,10875864,INFY.NS
2018-09-03,583.7943193323629,591.4090376816883,576.1393213563001,577.8516235351562,10976328,INFY.NS
2018-09-04,581.7797027952718,603.1331129394196,576.9449684230119,593.9874267578125,15370124,INFY.NS
2018-09-05,597.855319071041,599.5474567532515,584.5195173730874,588.1455688476562,8658978,INFY.NS
2018-09-06,590.2809200502065,592.6580082335973,583.4719908807045,585.9296875,5598659,INFY.NS
2018-09-07,591.7312631942992,592.3759338818768,583.2301972026557,590.4822998046875,6510605,INFY.NS
2018-09-10,594.470914222908,601.9244634693491,587.7425948460037,588.9109497070312,5629871,INFY.NS
2018-09-11,592.9802711876397,600.1114856853314,589.8376737450991,591.6909790039062,6963561,INFY.NS
2018-09-12,599.829472318131,601.5216098870213,593.2622709702872,598.6207885742188,4636617,INFY.NS
2018-09-14,597.814938795805,600.3128652740247,587.4605195973018,591.2074584960938,7896514,INFY.NS
2018-09-17,592.2550902915891,596.2840364840489,583.8748625386839,584.9627075195312,5427054,INFY.NS
2018-09-18,588.2261151032607,588.2261151032607,577.75085551923,579.4429931640625,7729732,INFY.NS
2018-09-19,585.8087687782216,585.8087687782216,574.6888872676941,579.966796875,4849498,INFY.NS
2018-09-21,575.2125462530424,578.0731369872121,557.6060735736288,568.3230590820312,14350769,INFY.NS
2018-09-24,569.2900941704692,588.185861555663,569.2900941704692,578.7581176757812,8637881,INFY.NS
2018-09-25,578.7580895954392,593.060847813774,577.7508531011902,585.1641235351562,9602273,INFY.NS
2018-09-26,589.1929826264388,589.716716017334,573.7218225199456,578.4356689453125,6599606,INFY.NS
2018-09-27,581.7797499865896,588.8706844714627,578.1134192931888,584.0359497070312,14592616,INFY.NS
2018-09-28,580.9739151931935,591.8923471750257,576.3003484578901,588.2662963867188,7490031,INFY.NS
2018-10-01,594.2694660574568,608.2902161834658,590.6434150781232,601.6424560546875,8252398,INFY.NS
2018-10-03,599.3460214793906,605.9132233988506,585.2447099063543,587.0174560546875,7792464,INFY.NS
2018-10-04,587.0173630430927,588.0245994244295,566.0668463112871,569.8540649414062,6173037,INFY.NS
2018-10-05,574.5276220732648,589.4347202617015,571.5461925992848,583.874755859375,8543578,INFY.NS
2018-10-08,584.237451836798,587.178602100527,571.5059922648652,575.6961059570312,7259306,INFY.NS
2018-10-09,577.8313809530799,582.1021028018317,566.1877670573652,578.3551635742188,6777212,INFY.NS
2018-10-10,580.0875229369552,580.0875229369552,560.3456923632963,564.4149169921875,8866251,INFY.NS
2018-10-11,551.9656507162782,558.3314056307051,534.4800136967086,542.5781860351562,10985897,INFY.NS
2018-10-12,545.0358010750087,551.2000585675015,533.0295230598791,546.9696655273438,8909221,INFY.NS
2018-10-15,554.8663900373487,568.0813517942266,549.145306734419,563.08544921875,6222176,INFY.NS
2018-10-16,572.110367013327,575.2529647582428,555.5111281500365,560.2249755859375,11588963,INFY.NS
2018-10-17,572.1102814063898,581.6185832892453,565.1401857701907,568.3633422851562,20360697,INFY.NS
2018-10-19,553.5771013197899,554.1411635155058,546.3249995557751,550.797119140625,10421001,INFY.NS
2018-10-22,554.9470176236057,560.0637592396047,542.9407391793748,547.8963623046875,6672840,INFY.NS
2018-10-23,544.6732243490736,549.5482392154977,526.4220791365574,529.886962890625,9041701,INFY.NS
2018-10-24,534.238171526451,537.0584333670884,521.4664340064356,523.6017456054688,7058164,INFY.NS
2018-10-25,523.7646820244761,534.6390921610283,518.2663747092892,528.4484252929688,8270469,INFY.NS
2018-10-26,525.638135730253,528.4076731984894,513.093880044633,516.1077270507812,5464141,INFY.NS
2018-10-29,516.189262492544,529.9146472221893,514.3972115903088,525.190185546875,7137446,INFY.NS
2018-10-30,522.2169434456373,540.7075555847193,519.2438147730322,537.286376953125,8793411,INFY.NS
2018-10-31,540.789187969846,564.4522678484144,540.0967785751158,559.1168823242188,11947995,INFY.NS
2018-11-01,561.8047960626571,561.8047960626571,537.2863900367108,543.06982421875,5860244,INFY.NS
2018-11-02,542.458965434426,550.4824018304912,537.6937356798456,539.445068359375,6654067,INFY.NS
2018-11-05,540.4632237523168,544.6174803404614,535.1685576567779,542.4996337890625,5799426,INFY.NS
2018-11-06,544.0472775634202,549.8306616734668,538.1416889750756,542.8661499023438,6975525,INFY.NS
2018-11-07,548.2015660961499,551.867104056674,547.3870021049223,550.2379760742188,758956,INFY.NS
2018-11-09,553.0890796768385,553.0890796768385,533.9468213964177,537.205078125,9694143,INFY.NS
2018-11-12,542.4995301983881,550.9710142204312,539.4856339761018,541.0333251953125,7118080,INFY.NS
2018-11-13,540.4631983319808,543.9250952316205,534.5983277585951,542.2552490234375,4137808,INFY.NS
2018-11-14,542.2552927126854,542.2552927126854,521.7282689105028,532.0732421875,7323026,INFY.NS
2018-11-15,532.7248969683084,542.4996657200204,526.7785892544258,534.6798706054688,5513390,INFY.NS
2018-11-16,537.530779187257,539.6486256047015,524.7421150219718,530.158935546875,8583785,INFY.NS
2018-11-19,536.7977484892699,539.2414408192666,528.8557484167807,530.8514404296875,6018930,INFY.NS
2018-11-20,530.8514259418517,534.3540415758451,521.4024526935144,522.46142578125,5384830,INFY.NS
2018-11-21,521.3210094432462,521.3617277036998,498.59465180101137,504.2966003417969,14359086,INFY.NS
2018-11-22,506.8624098705179,511.66835698631803,502.38230821637916,505.64056396484375,6632975,INFY.NS
2018-11-26,505.84428217619273,511.5462306065202,488.61623238917116,506.2108459472656,15075209,INFY.NS
2018-11-27,509.50974995744065,522.1354911634204,509.3468272242785,520.4249267578125,12285851,INFY.NS
2018-11-28,522.094835560918,544.6989878518702,521.3209897733144,542.8255004882812,17719890,INFY.NS
2018-11-29,546.5725131000994,549.7493329885433,536.6348211003245,538.4675903320312,13399070,INFY.NS
2018-11-30,538.4268380570767,547.3870426238359,538.3861197979093,543.6807861328125,10445773,INFY.NS
2018-12-03,548.3237264804691,553.0889055590751,542.4588562719288,546.0429077148438,8260890,INFY.NS
2018-12-04,547.835199427883,560.6238686339954,546.8169940725725,558.18017578125,7827923,INFY.NS
2018-12-05,556.3472890413145,556.8767756014527,547.7943658569312,555.0440063476562,5177288,INFY.NS
2018-12-06,550.7267387200067,558.3429424786075,541.318533810718,544.5360717773438,8039771,INFY.NS
2018-12-07,547.386984261636,558.587238775918,542.1737550009001,556.1842651367188,5553948,INFY.NS
2018-12-10,545.6765280739851,556.998939598886,541.8480667371141,545.1063232421875,5121196,INFY.NS
2018-12-11,545.1063428679722,555.4513175874463,538.1010612996199,549.4235229492188,7120933,INFY.NS
2018-12-12,551.5414139346968,554.4331566917497,546.2467465002856,552.6818237304688,6926183,INFY.NS
2018-12-13,555.5326768799266,570.1948296421534,553.9035487952347,568.362060546875,7521474,INFY.NS
2018-12-14,568.117694016859,581.3543595358117,565.6332836628642,575.1229248046875,9560576,INFY.NS
2018-12-17,579.8474037950681,579.8474037950681,564.2892502010627,565.63330078125,4778465,INFY.NS
2018-12-18,559.1982374316376,559.1982374316376,549.464186792951,551.134033203125,8021298,INFY.NS
2018-12-19,547.0203934119153,547.0203934119153,538.5081904597029,541.5628051757812,8295459,INFY.NS
2018-12-20,537.612192647654,547.0203960755806,534.6797823927541,543.3548583984375,11705260,INFY.NS
2018-12-21,537.2050306115577,537.2050306115577,524.1312865878474,526.371337890625,12802132,INFY.NS
2018-12-24,535.1686123934659,536.6348178264769,527.5116899853404,528.652099609375,8379825,INFY.NS
2018-12-26,527.0229691393621,527.0229691393621,519.1624057406502,524.6199951171875,6178552,INFY.NS
2018-12-27,531.7067016983813,540.2596245139049,528.6520864071229,535.0056762695312,15333902,INFY.NS
2018-12-28,540.3410488011674,540.4632532968692,532.1546899493487,535.1278686523438,4736598,INFY.NS
2018-12-31,537.6124236620593,539.241552218611,534.1912437498892,536.7571411132812,3373319,INFY.NS
2019-01-01,538.3860159277066,542.7439128757759,532.8469913893929,541.7257080078125,2943390,INFY.NS
2019-01-02,542.4996594054854,549.0161718307766,539.2821214520891,544.9840698242188,7416655,INFY.NS
2019-01-03,547.3871006992933,551.4599213890202,540.1374599847597,545.0656127929688,6827249,INFY.NS
2019-01-04,547.183436177335,548.9347688855626,530.2812310404839,538.4675903320312,7889310,INFY.NS
2019-01-07,541.6851109386865,548.6903421106242,538.8341366705881,547.1427001953125,8046340,INFY.NS
2019-01-08,549.7899673668197,551.8263773135692,544.5767380163253,545.798583984375,8621545,INFY.NS
2019-01-09,558.9538725093123,561.8862832625952,540.8705402852809,550.7267456054688,18130292,INFY.NS
2019-01-10,555.2068215102297,555.5326670081953,547.8350270014034,553.6591796875,9572493,INFY.NS
2019-01-11,554.0664652358487,558.3836446676972,547.7943122378211,556.7545166015625,12281903,INFY.NS
2019-01-14,575.8968106762389,578.5034257033313,566.8958874400549,571.7425537109375,19312937,INFY.NS
2019-01-15,576.0596708446352,594.6317201044906,576.0596708446352,591.8621826171875,19671304,INFY.NS
2019-01-16,594.5502538424925,600.985279291417,593.409844412537,600.1707153320312,9658944,INFY.NS
2019-01-17,599.3561653231668,601.9627799972801,593.8985767248444,597.3604736328125,6903771,INFY.NS
2019-01-18,594.6317938089753,599.6821011792555,591.6178966914656,595.4056396484375,5902151,INFY.NS
2019-01-21,601.3111941073665,611.737604046508,597.8900151399959,606.8502197265625,8129422,INFY.NS
2019-01-22,603.7956828117427,610.1085550435013,597.8900926594525,607.1353759765625,6723375,INFY.NS
2019-01-23,604.6915640482205,604.8952050477271,593.9800773043954,595.9757690429688,7212099,INFY.NS
2019-01-24,596.3444127471191,602.8967482256882,590.5292350060301,599.5386962890625,7429783,INFY.NS
2019-01-25,596.2625273126797,604.3710624467266,593.1911200634729,598.187255859375,5543112,INFY.NS
2019-01-28,598.7196866903954,600.030133860744,588.8911829417159,596.2216186523438,7944693,INFY.NS
2019-01-29,594.2148216899769,600.2347588811879,586.8434455422033,596.1805419921875,6760819,INFY.NS
2019-01-30,596.1805641179376,601.831922713427,590.6110397184234,594.54248046875,5763026,INFY.NS
2019-01-31,594.6242969516134,615.3460427564046,594.6242969516134,613.9127197265625,13825233,INFY.NS
2019-02-01,615.387115206831,624.5194524419586,609.7766981548041,620.0556640625,6276585,INFY.NS
2019-02-04,620.0146344681399,624.5193643090577,613.6261185099979,619.1137084960938,3945391,INFY.NS
2019-02-05,611.824324990851,622.4309280392984,611.824324990851,618.2537841796875,4694366,INFY.NS
2019-02-06,618.8270473717,628.1641442707773,617.8441871733214,625.1746215820312,5880482,INFY.NS
2019-02-07,624.9699470280665,630.2118354797051,623.2909210364857,625.748046875,3961797,INFY.NS
2019-02-08,622.4718266893599,632.5050896853397,618.2947331116629,623.208984375,5915169,INFY.NS
2019-02-11,628.1231770612493,629.6383843966678,621.6527268384662,624.7650756835938,5500216,INFY.NS
2019-02-12,622.7584476607594,622.7584476607594,606.9100079355055,614.6499633789062,7310690,INFY.NS
2019-02-14,615.1004150192755,616.7384986811111,603.8385898441556,606.1318969726562,4610535,INFY.NS
2019-02-15,607.9747550028037,611.4147407694353,600.0300390630551,607.6881103515625,5586389,INFY.NS
2019-02-18,608.015733239308,612.3566952928098,602.8148371809656,606.9509887695312,5346825,INFY.NS
2019-02-19,605.3537415787811,606.5413621224909,590.7748083269055,593.23193359375,9401334,INFY.NS
2019-02-20,595.4434233281191,608.5480928924244,594.6653235746692,606.664306640625,5210675,INFY.NS
2019-02-21,604.4528263450181,604.4528263450181,595.5252510546255,600.7261962890625,7202786,INFY.NS
2019-02-22,599.9482322310631,604.61678137414,596.262543432374,601.9548950195312,3750833,INFY.NS
2019-02-25,602.4463672473694,620.8338711876072,602.4463672473694,618.2948608398438,6547552,INFY.NS
2019-02-26,613.134623361266,616.4107903041322,606.2137606867335,608.1384887695312,8319610,INFY.NS
2019-02-27,610.1862201087534,611.3328987735545,600.1529567579719,602.2005615234375,5936354,INFY.NS
2019-02-28,605.0261670747846,608.0566316297555,599.7842797369784,601.42236328125,8559921,INFY.NS
2019-03-01,602.4051470182941,608.8755961938228,602.4051470182941,607.6470336914062,3998826,INFY.NS
2019-03-05,606.5005162366015,608.1386000076659,598.1053369098963,599.9481811523438,4826505,INFY.NS
2019-03-06,602.8967119441199,602.8967119441199,595.4434507819166,599.9481811523438,6076668,INFY.NS
2019-03-07,601.1767456354103,601.5862665793036,590.1606222466097,592.1263427734375,5951551,INFY.NS
2019-03-08,592.126331852435,592.126331852435,582.0521268165346,583.4444580078125,7193994,INFY.NS
2019-03-11,584.2224826562593,588.4815098445738,581.0282497577801,582.54345703125,9932198,INFY.NS
2019-03-12,580.7006321254626,585.5739407993375,577.9158700288644,579.0216064453125,11997387,INFY.NS
2019-03-13,581.519687919054,588.5634275230623,578.4892232092941,580.2501831054688,11348867,INFY.NS
2019-03-14,584.795880370228,585.5330380306991,578.4073639440849,580.1682739257812,6415187,INFY.NS
2019-03-15,583.1578077561155,592.7815496678211,581.1920872843938,588.5225219726562,14638664,INFY.NS
2019-03-18,590.9796997403197,592.7406599012969,577.7112103606929,581.68359375,8065544,INFY.NS
2019-03-19,583.8130230042669,595.0339063919718,579.390226990882,591.552978515625,8917337,INFY.NS
2019-03-20,595.6482179006665,607.9747884174195,595.5663337073393,605.2310180664062,13471173,INFY.NS
2019-03-22,610.1861432695822,611.2918297075571,599.7843023728237,608.6299438476562,8883260,INFY.NS
2019-03-25,608.0567311488095,608.0567311488095,598.351054566292,602.2005615234375,7644966,INFY.NS
2019-03-26,602.200491807912,602.200491807912,588.97294655819,596.0576782226562,9406261,INFY.NS
2019-03-27,597.9004876873682,599.784273746397,595.5662386562325,597.65478515625,7387487,INFY.NS
2019-03-28,597.9005461149236,610.1861737748193,597.9005461149236,604.2890625,9277241,INFY.NS
2019-04-01,607.7290675919719,622.4718212532326,607.7290675919719,618.45849609375,6584982,INFY.NS
2019-04-02,621.6526489690974,627.222122519106,618.0488455006777,621.9802856445312,7283600,INFY.NS
2019-04-03,619.1955535486884,621.243157892434,611.6603595656362,616.984130859375,6897127,INFY.NS
2019-04-04,615.42804775681,617.393718144058,610.2680442632128,612.5614013671875,7688525,INFY.NS
2019-04-05,615.0185766372562,623.2499376529606,612.6433351545545,621.8984985351562,6276040,INFY.NS
2019-04-08,624.969926052837,630.6622773857528,618.7042853691245,628.409912109375,4919911,INFY.NS
2019-04-09,630.6622089976705,633.1193344872718,620.9975254033078,622.9631958007812,6730692,INFY.NS
2019-04-10,625.7479605687112,627.9593835164342,615.3461192889368,616.4927978515625,7031088,INFY.NS
2019-04-11,615.7147483970157,615.7147483970157,606.1319481678248,608.3024291992188,8200995,INFY.NS
2019-04-12,608.6299123791141,615.5508252550869,606.5823079773671,612.4384765625,7043212,INFY.NS
2019-04-15,593.5597198482641,599.0063189012487,583.6492821140388,595.85302734375,31574803,INFY.NS
2019-04-16,596.1805752533975,596.1805752533975,584.877757870613,593.0681762695312,12524411,INFY.NS
2019-04-18,591.7577333685049,591.7577333685049,583.7720753749506,587.2939453125,13801105,INFY.NS
2019-04-22,587.2939619199173,594.4196361752723,585.6149360872473,590.5701293945312,6455426,INFY.NS
2019-04-23,592.9043996666542,597.900534824529,588.399669609757,596.42626953125,5516668,INFY.NS
2019-04-24,596.4263753949793,604.3710925399192,592.9863891065114,603.1834716796875,8285120,INFY.NS
2019-04-25,603.1833408111345,604.1662009646459,595.4843279306967,596.712890625,8005235,INFY.NS
2019-04-26,598.7195274952627,605.9270849964533,597.0814439727038,604.4528198242188,6895168,INFY.NS
2019-04-30,604.4527761634779,617.393625058883,604.4527761634779,615.386962890625,9920046,INFY.NS
2019-05-02,611.8242743702367,612.9709529796536,597.4910417042673,598.5557861328125,6351352,INFY.NS
2019-05-03,592.0852801234931,598.7194980676418,588.2357740366182,592.6585693359375,6348116,INFY.NS
2019-05-06,585.6148960439806,591.1843703719243,582.0520841550958,588.399658203125,8858265,INFY.NS
2019-05-07,590.0377131797176,596.1805264763262,588.6453321677511,593.4367065429688,5747536,INFY.NS
2019-05-08,590.529112247504,594.6243210703022,586.8434243069856,589.1776733398438,6247642,INFY.NS
2019-05-09,589.0139798382986,598.146266679576,586.2701595841004,590.5701293945312,7396525,INFY.NS
2019-05-10,590.3652908694593,594.6243180214,585.6148586574394,587.1300659179688,8352335,INFY.NS
2019-05-13,586.8844147369002,594.992948870051,583.2396685863355,589.4644165039062,6808993,INFY.NS
2019-05-14,586.8435769398681,587.8673794118497,576.2779154328756,584.673095703125,10513001,INFY.NS
2019-05-15,585.5329979459187,593.9691184176818,583.6491618293123,586.5158081054688,6668929,INFY.NS
2019-05-16,589.7100867446889,603.6337971261607,588.9729291401206,600.4395141601562,6468556,INFY.NS
2019-05-17,600.4805561055279,602.650987027489,589.7920199034324,592.9044189453125,8155948,INFY.NS
2019-05-20,589.4644801370605,594.9520710020631,578.2435958289941,591.6759033203125,11213708,INFY.NS
2019-05-21,591.8807127034435,591.8807127034435,579.6360249831358,580.9464721679688,8645535,INFY.NS
2019-05-22,581.5197629213081,588.2768587580698,579.0626371624857,581.3150024414062,5795713,INFY.NS
2019-05-23,585.6149758971854,587.0073571666198,571.2408001232341,574.1893310546875,7233736,INFY.NS
2019-05-24,576.4416558761096,582.953048715469,573.6978856183721,580.864501953125,7016424,INFY.NS
2019-05-27,579.3902116867029,584.6320494148865,577.8340122104795,579.9635009765625,10247544,INFY.NS
2019-05-28,583.1578660411981,600.7263257957065,581.3559637604159,596.3444213867188,23860490,INFY.NS
2019-05-29,594.2148466049299,600.8900575036598,592.6996392182714,596.0986328125,10293077,INFY.NS
2019-05-30,595.4433311591821,603.8385087993219,591.7985855027121,600.8080444335938,15089296,INFY.NS
2019-05-31,603.2244274898206,608.5072583396358,600.5215989125811,604.2482299804688,8290306,INFY.NS
2019-06-03,597.7367944335415,615.0186092640191,597.0815708833176,609.8995971679688,7744761,INFY.NS
2019-06-04,603.8385966645237,605.6404987109646,600.4805451159699,602.241455078125,11733702,INFY.NS
2019-06-06,603.2244014098823,609.8996133564523,600.8901518282667,602.4872436523438,7563925,INFY.NS
2019-06-07,602.6918739799049,609.3261423939055,602.6918739799049,605.353759765625,3218358,INFY.NS
2019-06-10,606.1728898393411,617.639476432635,606.1728898393411,617.1480712890625,4435148,INFY.NS
2019-06-11,618.3767450483423,621.6529132340288,614.6910558394449,618.2948608398438,5733127,INFY.NS
2019-06-12,619.973800912091,619.973800912091,610.1862398189382,617.393798828125,8738342,INFY.NS
2019-06-13,614.6527402577572,620.6331554374073,614.6527402577572,616.8538818359375,4808577,INFY.NS
2019-06-14,617.8506614612808,619.2211914190895,613.1992549498897,615.026611328125,5556353,INFY.NS
2019-06-17,617.1446283910446,618.390546214176,612.8254364648843,615.109619140625,3085588,INFY.NS
2019-06-18,614.8189583184542,624.9939544211218,614.8189583184542,623.0835571289062,6202838,INFY.NS
2019-06-19,625.0353340698572,627.4441283933845,621.7959280067022,624.5369873046875,4596253,INFY.NS
2019-06-20,612.8254370489138,628.6901544298207,611.247304889359,627.0289306640625,7148684,INFY.NS
2019-06-21,627.1118037613179,627.1118037613179,620.5915225041264,623.1248779296875,13200318,INFY.NS
2019-06-24,624.5370048979119,624.5370048979119,616.8538460899207,619.2210693359375,4758178,INFY.NS
2019-06-25,617.9751274183376,623.7063686367112,612.4100186853476,621.380615234375,3677911,INFY.NS
2019-06-26,617.144412050711,624.1630901332543,612.9913540961302,613.9880981445312,5447130,INFY.NS
2019-06-27,616.313920468905,618.5565823403731,604.8099679732611,606.8034057617188,11122346,INFY.NS
2019-06-28,610.9150150069773,614.2374624033442,605.1007320633352,608.0078735351562,5919494,INFY.NS
2019-07-01,610.4995426744916,612.5760717312077,606.2218725390527,607.42626953125,3224968,INFY.NS
2019-07-02,609.6692209604624,616.0234231741546,606.4298138129852,614.6528930664062,4837606,INFY.NS
2019-07-03,615.48321241061,617.310568119822,606.3464845610597,607.42626953125,5958379,INFY.NS
2019-07-04,605.5160031803492,611.662550788909,605.1837381812029,609.5029296875,3274064,INFY.NS
2019-07-05,610.4996105821019,611.662487261817,592.6414587079316,596.3792114257812,4926289,INFY.NS
2019-07-08,595.0918239347808,602.1520241124088,591.6447647459191,596.0469970703125,7177092,INFY.NS
2019-07-09,596.3793250936299,597.9159367807902,588.9453386874891,594.3027954101562,5022638,INFY.NS
2019-07-10,588.9038602470645,600.2832538636409,586.8273304154458,595.7564086914062,7573816,INFY.NS
2019-07-11,597.5835721450997,600.9475392469167,589.4020168321234,599.2863159179688,6252688,INFY.NS
2019-07-12,600.1169947574014,606.8449297141365,597.7082003821898,603.6470947265625,7874441,INFY.NS
2019-07-15,633.7569172526621,649.2478503841735,626.4475422388575,647.33740234375,31064152,INFY.NS
2019-07-16,645.3852969854069,654.3558932906885,644.5546852775749,651.9055786132812,9924322,INFY.NS
2019-07-17,651.1166605222003,660.3364319347548,645.1777654154979,659.6304321289062,6754348,INFY.NS
2019-07-18,655.3942110973113,663.2435025124355,653.0269878165446,658.4259643554688,6534471,INFY.NS
2019-07-19,655.1035577163394,659.9210961708561,648.9154894694542,652.362548828125,6812754,INFY.NS
2019-07-22,652.8192983919035,657.8444892118575,649.5798923709658,651.5318603515625,7107151,INFY.NS
2019-07-23,653.6914976222131,667.8118984603041,652.4871003526009,656.224853515625,10782564,INFY.NS
2019-07-24,654.5220965821011,659.2981144188359,650.8673843936434,653.1100463867188,5745146,INFY.NS
2019-07-25,654.7296971872665,664.6555175154539,654.2313504271008,659.9210205078125,9773568,INFY.NS
2019-07-26,658.0936381095852,660.3362998332274,649.7044802393665,653.69140625,4941763,INFY.NS
2019-07-29,655.7679313373975,661.9559985868507,653.0269228909963,657.3876342773438,6244316,INFY.NS
2019-07-30,657.7614850745973,662.6620641304783,654.9789052097018,658.4259643554688,8673253,INFY.NS
2019-07-31,656.8893950689794,664.3233816480152,649.2062350614366,659.2151489257812,7350584,INFY.NS
2019-08-01,653.2346424255967,654.8543455307068,634.9196628746307,638.6158447265625,10066407,INFY.NS
2019-08-02,635.4594688426785,647.7940829647666,633.1337662296781,644.222412109375,10838336,INFY.NS
2019-08-05,641.7305700587284,652.7777460695853,638.4496944473759,645.1361083984375,9976238,INFY.NS
2019-08-06,646.8803523659374,650.950369789221,639.4048474063237,643.2672119140625,9331718,INFY.NS
2019-08-07,646.9635097956751,650.7427831039292,641.5229622974713,644.6377563476562,5130457,INFY.NS
2019-08-08,650.1198891368655,658.4675278846511,648.9154918446972,655.1450805664062,8009009,INFY.NS
2019-08-09,657.8444902835985,661.7898960018398,651.8640756871715,656.0586547851562,4362520,INFY.NS
2019-08-13,651.3242777407403,652.860889326322,631.3895940971885,635.2103881835938,7517099,INFY.NS
2019-08-14,643.8071567878654,646.4236041181558,637.909833553156,643.5579833984375,5940968,INFY.NS
2019-08-16,647.8772475858785,647.9187680393676,633.3415401079902,643.3504028320312,5128088,INFY.NS
2019-08-19,644.2225590788631,650.369107319368,642.3536823336925,645.9253540039062,3881451,INFY.NS
2019-08-20,652.1965410172826,662.828364290149,651.0751844191732,658.4676513671875,8435344,INFY.NS
2019-08-21,658.6750761498403,667.6041518984036,658.6750761498403,664.0325317382812,5926896,INFY.NS
2019-08-22,664.4064265229881,665.5692526730729,658.1352666169197,660.9178466796875,5222488,INFY.NS
2019-08-23,661.5407547803723,672.7540136825688,661.0008368509182,666.3167724609375,6895015,INFY.NS
2019-08-26,661.0840659752397,670.1377057396227,653.6085584852665,666.6076049804688,5412074,INFY.NS
2019-08-27,657.0139275898189,660.2948543081113,648.7908505689361,651.7395629882812,16061642,INFY.NS
2019-08-28,654.0237010369791,668.6424473082166,653.1099977097036,666.56591796875,5881134,INFY.NS
2019-08-29,660.7517518817881,672.5464507410447,660.7517518817881,670.2622680664062,7830413,INFY.NS
2019-08-30,672.7954610037867,678.9004365750304,666.1505675617741,676.865478515625,8174186,INFY.NS
2019-09-03,676.9485202844354,683.0950670048874,674.4982056852074,676.3255615234375,5647088,INFY.NS
2019-09-04,673.4185132161217,683.1366813629851,673.0032073183628,682.1814575195312,6199015,INFY.NS
2019-09-05,689.4908626693439,695.637410515493,686.6252924011552,692.7717895507812,7926895,INFY.NS
2019-09-06,700.4550201701353,703.5282944054269,693.6024718480045,697.838623046875,6106841,INFY.NS
2019-09-09,695.0559382304439,697.963079505891,687.3727791453338,688.6602172851562,4377870,INFY.NS
2019-09-11,683.0121096152328,688.2034336435265,676.2426535002521,681.1847534179688,7981036,INFY.NS
2019-09-12,678.1115112304688,680.9770814569157,673.5015750647467,678.1115112304688,4400017,INFY.NS
2019-09-13,679.523492689541,690.27992562916,679.0251458885981,688.8263549804688,4832021,INFY.NS
2019-09-16,691.110577782548,696.011207962893,681.5585415334028,687.4974365234375,4846496,INFY.NS
2019-09-17,690.6538810282543,693.561023041001,681.5586694490686,690.4462280273438,5540901,INFY.NS
2019-09-18,689.3247742734939,691.85813020201,684.4241442243464,689.283203125,3199389,INFY.NS
2019-09-19,685.1300526318915,686.9158880972077,677.1146800024757,681.6830444335938,6601607,INFY.NS
2019-09-20,683.5104265983616,693.560808454241,666.1506208147322,668.6424560546875,22462366,INFY.NS
2019-09-23,670.2206856484727,670.2206856484727,616.2309183302906,634.8781127929688,17279260,INFY.NS
2019-09-24,635.4179215301796,663.3680242394912,635.4179215301796,659.5471801757812,13717998,INFY.NS
2019-09-25,654.2729825732683,665.3201103460766,649.2477908803714,658.384521484375,9313576,INFY.NS
2019-09-26,654.314430659483,661.9975896358084,646.2990066920602,649.9952392578125,18442824,INFY.NS
2019-09-27,653.7329755659696,659.7133903772483,647.9602136946899,649.7045288085938,5087642,INFY.NS
2019-09-30,652.1134395543996,671.1344740097744,651.3243987374797,669.1825561523438,8178091,INFY.NS
2019-10-01,670.3037584904476,670.7605848656035,657.4707953540209,659.1320190429688,5881438,INFY.NS
2019-10-03,658.301449351483,662.703682269778,651.3243398290514,652.5286865234375,5497672,INFY.NS
2019-10-04,656.183329314067,662.4959587858216,653.7330143374506,659.0489501953125,8201713,INFY.NS
2019-10-07,660.2117414949626,666.1506358965884,652.943888547213,655.8095092773438,3679845,INFY.NS
2019-10-09,660.7102062734932,661.0839917453272,646.8804986913017,650.9089965820312,6335025,INFY.NS
2019-10-10,652.3625517149693,660.0872315964925,645.0531270520215,650.4105834960938,10402917,INFY.NS
2019-10-11,649.122991384889,684.2578533320626,645.0529741033596,676.7823486328125,20636344,INFY.NS
2019-10-14,653.4838877198442,661.9976593742814,647.8772576059466,652.9439697265625,15150858,INFY.NS
2019-10-15,642.1459842541828,644.5132583830244,635.4180487227859,638.1590576171875,13762133,INFY.NS
2019-10-16,635.6256486147287,644.5132045758913,632.5523749669317,640.7754516601562,10767032,INFY.NS
2019-10-17,637.0792322784681,640.0278939443645,635.5010496252461,639.15576171875,9860495,INFY.NS
2019-10-18,634.421310522096,642.7274288863458,631.2649956829857,637.7852783203125,10037200,INFY.NS
2019-10-22,574.0358037405917,574.0358037405917,530.2210306006513,534.5402221679688,90152532,INFY.NS
2019-10-23,529.8723984303101,552.2868624850809,517.3404751399141,547.1983642578125,60516887,INFY.NS
2019-10-24,546.6936639289946,549.3850891568092,531.5544547740378,534.3720092773438,25666433,INFY.NS
2019-10-25,544.1703633892095,548.7962320115289,534.9186261445707,536.13818359375,16549337,INFY.NS
2019-10-27,547.6187804114672,548.7962949114259,542.9508681699579,545.7263793945312,2945281,INFY.NS
2019-10-29,547.5347704791163,549.8477053774536,544.1705015360803,547.2404174804688,16709764,INFY.NS
2019-10-30,555.4408364055968,564.6925762217521,551.9083436634032,555.6090087890625,22879467,INFY.NS
2019-10-31,562.1692466354746,584.9201004709493,560.2347513187437,576.6355590820312,27405901,INFY.NS
2019-11-01,580.3362887041756,583.7005570444895,574.1123717407302,578.570068359375,9713519,INFY.NS
2019-11-04,573.4396120692132,616.0817297759278,570.3697475612332,596.316650390625,29381982,INFY.NS
2019-11-05,596.1063785335464,596.1063785335464,581.5979693205605,585.4668579101562,12897805,INFY.NS
2019-11-06,585.2144348859575,606.829868033644,582.0183904078748,599.092041015625,21372589,INFY.NS
2019-11-07,603.0451172805697,609.2269399991624,598.9238679117328,605.6524047851562,13733737,INFY.NS
2019-11-08,607.250443316127,609.1428442821399,593.3728362320327,595.6016845703125,8585630,INFY.NS
2019-11-11,587.8218237656781,594.8026705123729,587.0648428327452,592.4476928710938,6951494,INFY.NS
2019-11-13,585.8033184727783,588.7470537414857,578.4439803010097,581.4718017578125,9973690,INFY.NS
2019-11-14,585.6771498769315,596.9895144800834,585.6771498769315,593.2047119140625,10539902,INFY.NS
2019-11-15,596.3586869520519,599.6388695607433,590.6814833610102,592.0272216796875,7362623,INFY.NS
2019-11-18,592.9523207423371,597.1576563504387,588.1582278821685,593.1205444335938,7490916,INFY.NS
2019-11-19,597.0733981682347,600.5217518396169,592.9521499256721,599.5545043945312,6495885,INFY.NS
2019-11-20,599.5126844977053,601.3630425879865,592.952370663679,599.680908203125,6142171,INFY.NS
2019-11-21,601.783514269519,606.7878738165402,597.5781787400324,599.89111328125,9692973,INFY.NS
2019-11-22,598.6294313552173,598.8396981031468,576.2149754920731,583.0276489257812,14415826,INFY.NS
2019-11-25,583.1538570303593,593.078489942407,583.027727765339,587.14892578125,7334511,INFY.NS
2019-11-26,592.9524542656117,594.8448557153955,576.9721753563256,580.841064453125,27253106,INFY.NS
2019-11-27,583.9108236890622,586.770472311573,580.4203747528793,585.1724243164062,3861635,INFY.NS
2019-11-28,587.9900437754582,591.5645792829888,583.742664792267,590.302978515625,4837683,INFY.NS
2019-11-29,589.5040208501088,590.6814841289809,581.6400117314926,585.6771240234375,4262379,INFY.NS
2019-12-02,591.3543065343835,592.1112875210467,580.5886570282067,582.6072387695312,9383736,INFY.NS
2019-12-03,582.607193554897,588.4946632864052,579.1167445373522,587.3591918945312,5239013,INFY.NS
2019-12-04,586.2237444632668,597.5781498438323,583.1538291413242,596.1903686523438,7427886,INFY.NS
2019-12-05,594.1719436440509,602.1200390839109,591.9430949929077,601.2368774414062,4814422,INFY.NS
2019-12-06,602.1620814866246,605.5683934327501,596.8212738826318,601.4471435546875,5226096,INFY.NS
2019-12-09,602.2041590874434,607.5449156627999,600.7322913801765,603.2554931640625,6435865,INFY.NS
2019-12-10,599.6807924055539,604.306661070674,597.1575913154885,600.9844360351562,4457939,INFY.NS
2019-12-11,602.7087178502597,607.8392584251918,599.6808965502122,606.4514770507812,6043554,INFY.NS
2019-12-12,604.3068293308839,606.157187579068,588.3685944072756,590.5133056640625,11112042,INFY.NS
2019-12-13,589.0414023790205,599.5968369750725,589.0414023790205,598.2510986328125,10302412,INFY.NS
2019-12-16,599.092087278873,605.736537927313,597.3258668962052,600.5219116210938,5616324,INFY.NS
2019-12-17,605.3160134136265,615.0303283326663,601.3629877030515,613.7266845703125,10525565,INFY.NS
2019-12-18,614.8201760749025,620.1188896236614,607.8813710781611,616.0397338867188,12215295,INFY.NS
2019-12-19,616.922757182373,618.9833819756819,609.4372389812634,614.6939086914062,7199210,INFY.NS
2019-12-20,614.8201381394435,618.1844070211915,612.5072032832418,615.28271484375,7794167,INFY.NS
2019-12-23,615.7873027975793,620.1187675969433,615.3667692441655,619.025390625,4975608,INFY.NS
2019-12-24,619.82433961259,619.82433961259,612.5490894853496,616.8385620117188,2890759,INFY.NS
2019-12-26,615.6611306746806,617.8058415596886,611.0773046124243,613.0958862304688,3821806,INFY.NS
2019-12-27,613.7688294220009,620.2871006491616,613.0118483585267,619.8245239257812,3399094,INFY.NS
2019-12-30,619.1094031390497,620.6654079023416,611.6659806631237,616.4180297851562,5368416,INFY.NS
2019-12-31,613.7266704707096,620.4972503293636,610.1521353112385,614.9462280273438,6927885,INFY.NS
2020-01-01,618.184280868582,622.3896161125859,616.1236563320883,619.740234375,2112415,INFY.NS
2020-01-02,621.4645602966463,623.062557139031,614.7360228516574,617.9320678710938,5658200,INFY.NS
2020-01-03,617.2592041731061,629.1182304975495,617.2592041731061,627.4360961914062,7882938,INFY.NS
2020-01-06,627.5200993341153,633.9963258227109,619.4458762669432,621.42236328125,6519403,INFY.NS
2020-01-07,620.707402049017,624.5762894412069,609.857617983405,612.212646484375,7899363,INFY.NS
2020-01-08,609.7315234603232,613.1378344961485,595.7277375706849,604.0543212890625,8639443,INFY.NS
2020-01-09,606.9982342365573,615.2406828790071,600.7743161588688,611.91845703125,13521186,INFY.NS
2020-01-10,622.7681844215654,624.8288092157168,614.3995559726637,620.833740234375,9341405,INFY.NS
2020-01-13,639.2110333069456,653.9297084159871,635.0056975615051,650.6074829101562,36952038,INFY.NS
2020-01-14,647.579625512934,653.4670952274895,645.2666909822158,652.3737182617188,11414418,INFY.NS
2020-01-15,650.8597475603698,650.8597475603698,641.0193036675736,645.56103515625,6047430,INFY.NS
2020-01-16,648.2104081668134,649.7243186423489,639.4212469227776,645.0984497070312,5740586,INFY.NS
2020-01-17,648.2104265364883,650.0607844299849,641.1033992493434,645.8133544921875,3762957,INFY.NS
2020-01-20,648.9674461755833,651.3224754584385,641.6922455261039,646.318115234375,3887680,INFY.NS
2020-01-21,646.3179576366163,648.0421347496158,639.8417313572618,641.3135986328125,4448374,INFY.NS
2020-01-22,646.3179886109423,654.3501687183814,644.257364059486,647.7898559570312,9733935,INFY.NS
2020-01-23,653.5933028182379,660.658287856233,653.2569067378898,659.6910400390625,12528017,INFY.NS
2020-01-24,652.4578061489128,661.4992775199742,650.6494913408358,658.3452758789062,7540490,INFY.NS
2020-01-27,655.2334113376766,660.069547881193,651.3224795424171,654.4343872070312,3741610,INFY.NS
2020-01-28,656.873421087976,657.5462645174204,649.3038170037356,654.3502197265625,5121009,INFY.NS
2020-01-29,661.5833351166798,666.7979612049103,659.606848040858,664.190673828125,6832757,INFY.NS
2020-01-30,664.1906976328585,664.1906976328585,654.3502023182101,656.62109375,3859680,INFY.NS
2020-01-31,656.4949871864937,660.1957033693199,648.9674255427001,652.6260986328125,6092028,INFY.NS
2020-02-03,657.714558292072,665.2421200893305,642.995882115459,645.4349975585938,6416745,INFY.NS
2020-02-04,647.7058229908439,664.35899443358,647.7058229908439,662.634765625,5771311,INFY.NS
2020-02-05,656.8734746753693,661.0788106207942,651.3224517612754,659.8592529296875,6310409,INFY.NS
2020-02-06,659.690952260605,661.7515769003892,647.6216600391936,648.757080078125,7341622,INFY.NS
2020-02-07,652.6259935803769,655.0650572465045,648.4627013785246,653.7614135742188,2853344,INFY.NS
2020-02-10,650.986075980243,654.3503451067559,647.411540033323,650.313232421875,3827682,INFY.NS
2020-02-11,655.1913091396193,655.2753953206621,646.9488613454889,650.6074829101562,4312817,INFY.NS
2020-02-12,652.4999245366876,658.7658854536431,651.9111672288124,656.91552734375,2948825,INFY.NS
2020-02-13,660.2377123846245,667.8073167304354,657.8827346328608,666.33544921875,4387430,INFY.NS
2020-02-14,668.2277940725314,672.1808196096221,659.9012094589717,661.4572143554688,5321680,INFY.NS
2020-02-17,664.6954774920548,667.3448600231924,658.808006387015,663.9805908203125,2929629,INFY.NS
2020-02-18,660.2377379139069,672.0547215548595,659.1023177519982,670.8772583007812,5083346,INFY.NS
2020-02-19,672.8537482691964,676.9329035842115,669.6156601395177,673.2322387695312,3985192,INFY.NS
2020-02-20,675.5872364690342,677.9842574837965,667.6811841607392,670.33056640625,4564569,INFY.NS
2020-02-24,672.9378166933391,682.6100890694331,666.2513738141197,669.36328125,6627536,INFY.NS
2020-02-25,672.0126764144537,677.9001466709008,668.9848551021477,671.508056640625,6996695,INFY.NS
2020-02-26,667.7652377138281,674.0732409959639,656.4528748942655,658.3452758789062,8760569,INFY.NS
2020-02-27,654.3501796176391,656.6631140571616,649.4720008848509,654.2239990234375,5223386,INFY.NS
2020-02-28,630.8003312931837,636.5195773633094,607.2924953467252,615.4088134765625,14123957,INFY.NS
2020-03-02,619.8663939131052,644.173251331756,617.1329260973419,623.272705078125,9821523,INFY.NS
2020-03-03,635.0056978401889,638.3699664380177,623.4410245351523,628.2771606445312,7826587,INFY.NS
2020-03-04,634.080573675277,640.472663771301,627.0576318534781,638.1597290039062,11013444,INFY.NS
2020-03-05,642.3649118896909,650.6073581026538,632.2721080367596,634.6691284179688,7755293,INFY.NS
2020-03-06,623.2308304225414,625.7540321651428,613.2221096430209,621.5066528320312,9216022,INFY.NS
2020-03-09,609.3531944446008,610.4886146457234,586.2238461392502,592.4898071289062,10308654,INFY.NS
2020-03-11,580.8830899998828,585.3407359526984,562.7160074355749,576.9721069335938,16165009,INFY.NS
2020-03-12,561.832917036573,563.5150515187185,527.7696937731281,530.8816528320312,13965574,INFY.NS
2020-03-13,497.9116376996316,560.9916593676593,479.4081646770102,540.2593383789062,16903113,INFY.NS
2020-03-16,523.1437605776648,523.2699411824093,487.8189407315845,490.46832275390625,19140152,INFY.NS
2020-03-17,494.6315904961684,497.9117730484286,462.58695131188466,466.750244140625,16059887,INFY.NS
2020-03-18,477.72614508318566,486.1368166515516,444.0834588097219,449.3821716308594,15390183,INFY.NS
2020-03-19,428.3133927391713,469.31541118990197,428.3133927391713,458.8441162109375,16583991,INFY.NS
2020-03-20,462.16634014457986,519.3168559853499,460.904739580036,492.19244384765625,21354894,INFY.NS
2020-03-23,454.1762967028495,471.79666514742166,433.90659732831216,442.77984619140625,17146150,INFY.NS
2020-03-24,439.03708511900146,505.6075755516601,439.03708511900146,496.0614318847656,20027097,INFY.NS
2020-03-25,502.1171815068917,534.0777391237458,475.79178510520734,509.8550109863281,18339548,INFY.NS
2020-03-26,517.2562732370237,547.4085086308779,514.8171580813906,540.80615234375,14843813,INFY.NS
2020-03-27,559.3516973334354,567.6362395542232,540.1753765977544,548.9645385742188,13495283,INFY.NS
2020-03-30,525.7510634950928,558.0480631150446,522.3867948402923,527.0968017578125,14624804,INFY.NS
2020-03-31,546.6936880038849,556.786494551649,532.9843027101059,539.5446166992188,15175521,INFY.NS
2020-04-01,533.5309603116438,536.1803425380521,499.5939191648673,506.99530029296875,13083824,INFY.NS
2020-04-03,507.584084914,509.68675303709034,489.6273196766772,492.61309814453125,10221655,INFY.NS
2020-04-07,517.2563422117995,541.8575584877266,515.4901215771391,537.4419555664062,15145605,INFY.NS
2020-04-08,529.8722697251504,551.4456612406818,526.8023542952592,531.2179565429688,11806896,INFY.NS
2020-04-09,544.002215336272,549.0486181711811,531.6385181238118,535.1289672851562,11931114,INFY.NS
2020-04-13,529.0311469840265,548.1233782947373,526.5499890484102,536.0961303710938,8330276,INFY.NS
2020-04-15,547.8710955615969,549.4690921518867,534.5821951364273,537.48388671875,11963447,INFY.NS
2020-04-16,521.419576034334,533.9935398591708,507.5840115180687,524.69970703125,17783287,INFY.NS
2020-04-17,541.647133216327,543.3292671704149,526.5079276295353,528.8208618164062,8878320,INFY.NS
2020-04-20,538.282934250477,555.9453430305707,537.4418671657106,549.4691162109375,13322913,INFY.NS
2020-04-21,528.0219376355332,543.7499033433327,528.0219376355332,532.563720703125,11660575,INFY.NS
2020-04-22,532.5637281957789,542.488310271803,528.2322118512158,539.8389282226562,8266728,INFY.NS
2020-04-23,544.2124980318446,574.995587025574,536.6849366494273,571.3369140625,14451289,INFY.NS
2020-04-24,562.2954282688096,567.7203216088942,550.7307550508507,553.4221801757812,7319940,INFY.NS
2020-04-27,555.9873667512646,572.7666647748156,555.9873667512646,558.97314453125,7183306,INFY.NS
2020-04-28,566.0382938092135,569.4025630146175,549.2589908803266,555.6931762695312,7296571,INFY.NS
2020-04-29,560.1506783062439,573.6077516589464,553.4221416298926,569.02392578125,8639056,INFY.NS
2020-04-30,588.7470280016161,605.5683716588051,587.1489798203163,601.7835693359375,16253821,INFY.NS
2020-05-04,580.168113799409,589.7562999093207,563.8093473522927,566.626953125,9122740,INFY.NS
2020-05-05,573.3975334622045,576.6356214781432,563.5149943816311,566.626953125,6393053,INFY.NS
2020-05-06,569.3183892829877,573.1452346488045,558.5106453215642,560.066650390625,7934250,INFY.NS
2020-05-07,559.7721978508764,567.1735780601467,557.1649103760788,559.267578125,4779548,INFY.NS
2020-05-08,565.4073941347407,572.6826455488828,562.2533923080315,567.0474853515625,8400321,INFY.NS
2020-05-11,574.0282987181456,587.5274154760135,570.2434967485754,574.36474609375,7370186,INFY.NS
2020-05-12,570.6640780980144,581.1774177829448,568.1408765736312,578.35986328125,7356039,INFY.NS
2020-05-13,584.3735061651205,588.6629798758297,575.0797234605891,583.8268432617188,8287101,INFY.NS
2020-05-14,554.2633485824617,564.9869566164926,548.880497349157,553.5484619140625,16888262,INFY.NS
2020-05-15,559.1415147773635,559.1415147773635,543.9182176167352,548.628173828125,9255353,INFY.NS
2020-05-18,554.9780976739177,563.9775257855467,549.2168086529995,558.3844604492188,10435442,INFY.NS
2020-05-19,558.4686357245373,567.552151460352,550.899030722247,562.3375244140625,5902208,INFY.NS
2020-05-20,562.25336440865,566.0381664128967,554.8099410008298,563.136474609375,5794636,INFY.NS
2020-05-21,560.5712028383799,571.46303167509,559.6460495941161,565.3652954101562,7213225,INFY.NS
2020-05-22,567.720311047897,585.2565401219556,566.4587103566795,582.3128051757812,11867731,INFY.NS
2020-05-26,582.8594788706966,588.2843717331784,571.0845399036119,572.38818359375,7099606,INFY.NS
2020-05-27,577.0140285152447,596.4847508898008,567.7202480547613,593.3307495117188,8774636,INFY.NS
2020-05-28,594.6344998577227,597.1577014129889,580.3363577112145,594.970947265625,9440091,INFY.NS
2020-05-29,590.3673971924181,597.4432703910662,575.405750096254,589.088623046875,28290128,INFY.NS
2020-06-01,595.6956220416533,602.430520013001,589.5148803460512,596.3776245117188,12276438,INFY.NS
2020-06-02,597.1874037086551,606.6929770578658,594.6724713306025,603.66650390625,7059304,INFY.NS
2020-06-03,605.8829990022348,606.9060283850225,593.3510061383159,598.0824584960938,11378568,INFY.NS
2020-06-04,598.4661368070581,604.8173904035074,594.6298154172692,603.3681030273438,10782424,INFY.NS
2020-06-05,602.7287881465396,606.7356235946554,597.2726651490909,599.78759765625,7718679,INFY.NS
2020-06-08,603.2830232478441,618.7561588393119,600.1713187506001,614.5361938476562,10719105,INFY.NS
2020-06-09,613.8115010447252,621.99563357861,609.5915365683536,611.7654418945312,10078029,INFY.NS
2020-06-10,609.5489417815735,613.3426483993511,604.6043593738111,610.2735595703125,7263049,INFY.NS
2020-06-11,606.9913439239739,608.1848870428197,596.9742817173634,600.1286010742188,8825715,INFY.NS
2020-06-12,576.1301990284367,592.6264118888807,575.8744546810099,589.9835815429688,9795316,INFY.NS
2020-06-15,590.793561263612,600.5122640371706,584.1865625626119,586.1473388671875,7857344,INFY.NS
2020-06-16,598.4662431286489,606.9914032871766,596.0365932968477,597.7842407226562,10131760,INFY.NS
2020-06-17,596.6759289850708,605.5420635672415,595.0561278809,599.8728637695312,7291916,INFY.NS
2020-06-18,603.7517937976373,610.9128964105056,601.876248339466,608.6111450195312,6670195,INFY.NS
2020-06-19,604.4337438301982,606.9060606338522,597.6136169604639,601.4925537109375,22438862,INFY.NS
2020-06-22,602.8141118911145,604.1781688675535,596.7612684106167,599.9155883789062,7804096,INFY.NS
2020-06-23,593.0953775196116,617.6478273297574,590.0262887724396,614.3656616210938,12157390,INFY.NS
2020-06-24,611.1686986217766,619.6085752135434,604.7748290673575,608.8242797851562,10220838,INFY.NS
2020-06-25,600.8958626332601,601.5352496128797,591.2198271550594,597.1874389648438,14945284,INFY.NS
2020-06-26,605.4567543385962,640.7508785659869,605.286240765496,637.8523559570312,26030458,INFY.NS
2020-06-29,626.9402563060698,634.8686443085215,622.4218801020619,623.8285522460938,8954428,INFY.NS
2020-06-30,624.7237333924511,629.9667277652803,617.4347317774669,627.4091796875,10411290,INFY.NS
2020-07-01,628.5174217254794,632.8226171237593,622.1235517180992,623.9564819335938,5477468,INFY.NS
2020-07-02,628.6026176947248,652.5583472155681,626.94025321164,645.0135498046875,17263756,INFY.NS
2020-07-03,643.6495449731943,651.3221885556562,641.5182550891772,650.2139282226562,7796572,INFY.NS
2020-07-06,652.3452952970697,660.6999422243128,649.1909754887926,651.322265625,8810958,INFY.NS
2020-07-07,655.9258627511214,679.4126692737071,652.6436447732398,677.025634765625,19362533,INFY.NS
2020-07-08,669.1398264021884,669.1398264021884,658.3128628409852,660.4441528320312,8476642,INFY.NS
2020-07-09,664.9625165129492,673.4876769810639,660.6999362788918,666.4118041992188,6854166,INFY.NS
2020-07-10,659.4211240508266,673.4024072228784,659.4211240508266,666.5396118164062,5206452,INFY.NS
2020-07-13,671.7824837330834,686.5736127836284,670.1200674339092,679.4977416992188,10804688,INFY.NS
2020-07-14,676.0025698700881,687.4689204303594,666.1133530900535,667.733154296875,8961822,INFY.NS
2020-07-15,681.160296262345,723.3172236279495,677.5797185911975,708.398193359375,30060599,INFY.NS
2020-07-16,767.3495841598553,814.5789885034153,762.3623866762733,776.6420288085938,90432109,INFY.NS
2020-07-17,776.6421203051116,784.2295339513297,760.5722136017504,769.9498901367188,31682878,INFY.NS
2020-07-20,774.5107742110097,805.6276077373739,773.0188712337183,796.5056762695312,18421053,INFY.NS
2020-07-21,805.627555755542,809.6343910427079,792.1578144363707,798.5942993164062,12877784,INFY.NS
2020-07-22,800.4699893359641,800.5126047335725,775.7896382402033,782.5245361328125,14354201,INFY.NS
2020-07-23,780.6061302579891,780.733976410741,767.8183929766379,774.041748046875,13051307,INFY.NS
2020-07-24,770.0350916608719,789.2167020260749,770.0350916608719,786.744384765625,18209580,INFY.NS
2020-07-27,785.6360860879965,812.2772102977073,783.1638209814028,808.5687866210938,16827870,INFY.NS
2020-07-28,806.4800976004691,824.851806119034,802.3880314019972,820.844970703125,15818463,INFY.NS
2020-07-29,812.6609373858569,818.4154208134515,804.4341365611746,813.42822265625,11152710,INFY.NS
2020-07-30,820.1203626343344,829.1996785226145,817.3496857335426,819.6514892578125,12492320,INFY.NS
2020-07-31,826.3010723042933,840.9643568338954,812.7034326964146,823.5303955078125,12704346,INFY.NS
2020-08-03,818.4154230331327,823.0190306010745,807.7163568157961,815.7726440429688,8479792,INFY.NS
2020-08-04,818.7989067938773,827.5371947713552,801.83381956569,809.76220703125,11133170,INFY.NS
2020-08-05,811.5952436899812,819.2252724065713,799.915763915064,805.3718872070312,9614176,INFY.NS
2020-08-06,812.8739689845713,830.6915733865991,803.4962934115978,827.6651000976562,10976491,INFY.NS
2020-08-07,826.4716318133721,826.4716318133721,809.0376695187394,810.657470703125,8010948,INFY.NS
2020-08-10,808.9523932066882,815.6872378870407,805.8833046142795,811.041015625,5716319,INFY.NS
2020-08-11,809.8049451911135,820.1203676717353,806.5653428604561,808.5687866210938,6802442,INFY.NS
2020-08-12,808.1850506404202,817.3922116967243,803.2404689651308,814.1100463867188,6908726,INFY.NS
2020-08-13,813.9823059788431,825.6617861535282,808.3983363139733,810.9132690429688,5097703,INFY.NS
2020-08-14,814.8775118544447,820.9730229210827,811.6379610076567,812.9593505859375,4663873,INFY.NS
2020-08-17,813.3855432662033,829.0292440186709,813.3855432662033,816.2841186523438,9008210,INFY.NS
2020-08-18,821.7401546068832,826.2584787879165,817.3070612084666,824.851806640625,6141761,INFY.NS
2020-08-19,827.7077587453504,828.2618628941742,816.2414087823889,817.8185424804688,6622744,INFY.NS
2020-08-20,817.4776357718137,823.1042207137014,810.998482772952,814.2807006835938,5656501,INFY.NS
2020-08-21,821.0155407569249,821.3565679775162,806.9490264594328,808.8671875,6513773,INFY.NS
2020-08-24,807.3326178205901,811.5951976401286,800.6830037087991,807.6736450195312,5798574,INFY.NS
2020-08-25,807.7589104759129,808.7393246898694,795.9089172555522,799.7452392578125,6233918,INFY.NS
2020-08-26,802.4306871744709,813.5133952045035,800.0010373812659,810.5722045898438,5153601,INFY.NS
2020-08-27,818.415336429356,819.22523701272,805.7981103994258,807.375244140625,6154280,INFY.NS
2020-08-28,811.1263207194082,812.0214520709077,795.4400062387288,797.3155517578125,7593610,INFY.NS
2020-08-31,797.31549175631,810.3163591706738,779.711017690041,791.646240234375,12808355,INFY.NS
2020-09-01,789.6428136488533,797.1023274080193,777.5796934420838,779.327392578125,6907773,INFY.NS
2020-09-02,780.0521483978669,789.7708517158751,778.7733743840998,787.7247924804688,5678118,INFY.NS
2020-09-03,789.8559696532847,809.378604287557,787.7246799348462,797.5712280273438,8827948,INFY.NS
2020-09-04,780.0520649823359,792.4135457935314,779.5831916341169,783.5900268554688,8650342,INFY.NS
2020-09-07,783.3769311484731,790.7511629324314,778.3896815962045,788.619873046875,6700385,INFY.NS
2020-09-08,792.7973063406491,811.595274723511,789.0462149298075,800.768310546875,12891964,INFY.NS
2020-09-09,797.1023711705908,806.4800461255389,789.4297280256333,790.921630859375,5528947,INFY.NS
2020-09-10,797.3582635433515,803.0701315737617,788.4068448793129,801.40771484375,5171884,INFY.NS
2020-09-11,797.0172031422388,813.4281356054228,793.6923700376182,806.224365234375,6671903,INFY.NS
2020-09-14,815.8577614521076,844.885919046928,808.4408623049452,834.1016235351562,21871587,INFY.NS
2020-09-15,835.0394496343016,847.4009320433852,828.3472196262118,837.5543823242188,11608203,INFY.NS
2020-09-16,840.5808070739487,857.3327679066014,837.1707429478881,854.0079345703125,10059251,INFY.NS
2020-09-17,848.2533606766004,870.4187751264412,848.2533606766004,861.8936157226562,15628241,INFY.NS
2020-09-18,861.8936838435625,868.5432982973871,851.7487225378605,854.3489379882812,12897633,INFY.NS
2020-09-21,853.3685193738115,878.9439994749248,852.9422613721263,860.9559326171875,14140637,INFY.NS
2020-09-22,860.188563920014,871.6975288485771,845.0137909394118,858.9097900390625,12625762,INFY.NS
2020-09-23,869.6941766111281,884.0590497105984,859.4213176757776,869.3531494140625,13486204,INFY.NS
2020-09-24,855.073549238675,860.1886452460848,826.9405211979209,831.5441284179688,14427432,INFY.NS
2020-09-25,831.885067766525,865.2184731991076,831.2030654016025,862.2772827148438,13311078,INFY.NS
2020-09-28,865.133180092462,866.2841078509341,851.2371804428481,861.3821411132812,8554526,INFY.NS
2020-09-29,867.8612422281498,876.3864017785245,856.0112496397511,860.1885986328125,8708463,INFY.NS
2020-09-30,860.188642369882,872.9337669524186,856.7785783763444,859.5492553710938,8048817,INFY.NS
2020-10-01,870.0778078165321,875.1076730243029,862.5330620383229,867.5629272460938,5563358,INFY.NS
2020-10-05,867.9039235150535,899.3191700634624,867.9039235150535,894.0335083007812,14212509,INFY.NS
2020-10-06,899.4044362022333,903.6670164685946,879.2424107289642,900.0438232421875,9090819,INFY.NS
2020-10-07,890.7939246516647,913.8970857638473,882.7802540190894,909.2509155273438,9284008,INFY.NS
2020-10-08,929.2424608715354,958.2280055225741,927.8784560542776,932.396728515625,21482613,INFY.NS
2020-10-09,933.590198187459,949.106050953421,927.9209462934899,943.564697265625,10567867,INFY.NS
2020-10-12,957.375426332274,971.8681977015069,948.0829815233288,965.13330078125,14633537,INFY.NS
2020-10-13,968.0746093515298,994.0763479941307,968.0746093515298,987.0430908203125,17523825,INFY.NS
2020-10-14,990.6235060612152,993.0958230601151,964.2807431331294,969.3106079101562,16649573,INFY.NS
2020-10-15,1005.9689943058454,1011.0840908870615,931.3738358297763,944.8009643554688,44288251,INFY.NS
2020-10-16,949.5748071622162,968.4153875952021,935.1247043941344,961.211669921875,18365685,INFY.NS
2020-10-19,967.6057761081548,971.0158405173465,950.8112505196483,959.847900390625,12902123,INFY.NS
2020-10-20,953.8801618783683,975.8750119768656,946.2927487551511,969.7369384765625,10448776,INFY.NS
2020-10-21,972.8486209724251,984.1017901611614,967.6056269381925,978.9866943359375,19811433,INFY.NS
2020-10-22,973.5732433736274,987.2134989725573,958.0574942566011,962.533203125,11271335,INFY.NS
2020-10-23,976.276888365204,978.000236800094,965.2043957080036,967.2293090820312,9069862,INFY.NS
2020-10-26,967.0138459886165,973.3471301581686,950.555890230411,958.5693969726562,6309368,INFY.NS
2020-10-27,952.7529924283772,956.1996887637388,928.1522604456292,939.9571533203125,10172479,INFY.NS
2020-10-28,943.963997423546,951.9344830247945,922.0344331675559,927.6353149414062,7608392,INFY.NS
2020-10-29,921.9914332157773,932.3315240555805,913.4608372359711,926.1705322265625,6935616,INFY.NS
2020-10-30,923.7147081148677,933.7101074269049,906.7827896763548,913.8916015625,8800386,INFY.NS
2020-11-02,917.683003004685,930.564989940065,905.7057108486894,923.9732666015625,7183119,INFY.NS
2020-11-03,923.7148626960357,930.0912736434079,911.2205851688972,915.5720825195312,7204782,INFY.NS
2020-11-04,920.2680152891693,961.6283755268847,919.2340483571605,942.62841796875,15702690,INFY.NS
2020-11-05,956.372290327396,967.6602021922236,946.9800197767174,951.2883911132812,9568890,INFY.NS
2020-11-06,954.7351110968742,966.0230232326201,940.6897781286392,958.8280639648438,8807127,INFY.NS
2020-11-09,973.0887990178928,987.4787173096352,966.0661326527613,979.3359375,10160320,INFY.NS
2020-11-10,959.7757464994585,959.7757464994585,928.884748758151,940.129638671875,15622869,INFY.NS
2020-11-11,944.3949423197383,970.5467337822264,936.6398743627332,967.2293090820312,12514800,INFY.NS
2020-11-12,972.0547212158386,984.03201458444,959.6897165003679,963.1364135742188,9180976,INFY.NS
2020-11-13,965.0749806231559,976.2767437911033,962.4899583536296,968.6939697265625,6363212,INFY.NS
2020-11-14,979.723597400256,982.0070551418073,974.6396984172352,976.6646118164062,1136144,INFY.NS
2020-11-17,986.4015905696144,986.61700913056,958.7418683811762,968.2633056640625,12813968,INFY.NS
2020-11-18,972.3993836414027,976.018373389613,949.0910532843459,956.932373046875,9839468,INFY.NS
2020-11-19,947.8416399393806,960.5082088719068,942.4993018609314,945.0411987304688,10092343,INFY.NS
2020-11-20,953.0116069414402,955.5966293834152,940.1726411093314,950.7281494140625,8063554,INFY.NS
2020-11-23,952.1500554582732,986.4447330138761,949.5219068964183,982.1793823242188,10546363,INFY.NS
2020-11-24,986.6169909596982,995.1475868529994,976.5784651675503,982.3517456054688,8515426,INFY.NS
2020-11-25,979.7237530233095,985.3246363959142,957.535638124145,961.3270263671875,8958701,INFY.NS
2020-11-26,965.032060624021,965.032060624021,946.3768967488529,959.2157592773438,10962256,INFY.NS
2020-11-27,963.3516872336647,965.9367096502131,940.08648548473,947.841552734375,25306145,INFY.NS
2020-12-01,952.1931422474431,982.5240328246149,952.1931422474431,980.4559936523438,8933802,INFY.NS
2020-12-02,977.1383514869542,988.727825133926,965.9365890801373,983.0839233398438,6741637,INFY.NS
2020-12-03,988.340258507969,988.340258507969,967.4015344098475,970.6328125,16212632,INFY.NS
2020-12-04,969.3833711868023,979.7234604794616,960.7666301095862,977.6985473632812,10564055,INFY.NS
2020-12-07,988.5987444990683,993.5102448323746,978.8617850213161,985.3243408203125,7792141,INFY.NS
2020-12-08,986.616931317283,1005.573763185388,986.616931317283,993.8118896484375,12308330,INFY.NS
2020-12-09,1006.4785183617317,1016.3446451619873,996.9569770686047,1012.639404296875,10039346,INFY.NS
2020-12-10,997.3017249409595,1009.5805821041114,990.925314921022,1006.2200317382812,9488782,INFY.NS
2020-12-11,999.2837003257841,1009.839211099602,995.4492915471972,1002.299560546875,10574009,INFY.NS
2020-12-14,1007.6418062519265,1010.399121551592,989.3742505409245,1003.4627075195312,6728187,INFY.NS
2020-12-15,996.0952808182877,1002.730129455689,992.648584344868,994.888916015625,6905926,INFY.NS
2020-12-16,999.5421122175665,1007.2110339431009,994.0273760787078,1004.45361328125,7788404,INFY.NS
2020-12-17,1004.6260639894623,1007.2110868292062,996.2677603633811,998.852783203125,6658153,INFY.NS
2020-12-18,1019.2312721039293,1029.7006343182745,1012.9841343643415,1025.219970703125,15995676,INFY.NS
2020-12-21,1023.6690918976961,1042.4105083528939,992.691942175575,1014.44921875,10858352,INFY.NS
2020-12-22,1018.4988838142667,1054.559927318439,1013.4149851000539,1051.67333984375,10901851,INFY.NS
2020-12-23,1066.7528284987432,1084.7187173763107,1060.3333967662916,1079.7210693359375,15878346,INFY.NS
2020-12-24,1077.0064303379504,1077.0064303379504,1056.412399234346,1065.072265625,7313885,INFY.NS
2020-12-28,1067.1404376231014,1075.3694688214343,1065.0293777750744,1068.734619140625,4607051,INFY.NS
2020-12-29,1064.167540154912,1080.9270597457682,1064.167540154912,1077.3511962890625,6878105,INFY.NS
2020-12-30,1079.6776645800098,1079.9362088880785,1066.8818250271804,1074.3353271484375,5194690,INFY.NS
2020-12-31,1071.0612244124286,1084.331030530616,1067.614526988736,1082.0906982421875,7430470,INFY.NS
2021-01-01,1083.8998401178012,1090.4485420516723,1082.090345597035,1086.0970458984375,4253550,INFY.NS
2021-01-04,1093.4646501620718,1111.5598098574253,1086.700528170064,1110.0518798828125,7208454,INFY.NS
2021-01-05,1104.666187996577,1119.3146475877952,1098.6775951199797,1114.833984375,8145280,INFY.NS
2021-01-06,1120.17655398767,1121.8999025322664,1092.6461030616813,1104.7525634765625,7161715,INFY.NS
2021-01-07,1116.7299103354087,1118.1516939897044,1081.8321006374272,1087.562255859375,10954918,INFY.NS
2021-01-08,1101.435011419496,1134.6525928560131,1101.435011419496,1130.6026611328125,13186251,INFY.NS
2021-01-11,1156.452988712158,1191.997051488517,1154.6434938259667,1185.8360595703125,20528626,INFY.NS
2021-01-12,1187.3870506780231,1187.3870506780231,1171.8769150378166,1182.0015869140625,8309868,INFY.NS
2021-01-13,1183.8111745128651,1200.1399650362782,1171.8770069132547,1195.271484375,14442997,INFY.NS
2021-01-14,1171.8769809148123,1192.5571629309559,1136.0743737254254,1180.924560546875,27521697,INFY.NS
2021-01-15,1171.8771772663038,1175.7115862503256,1154.6436893653288,1158.908935546875,15018441,INFY.NS
2021-01-18,1152.9202206039013,1154.6435692146695,1125.3466428316106,1130.559814453125,8861765,INFY.NS
2021-01-19,1137.410025239206,1146.8884421161995,1130.5166311468472,1134.5234375,5585744,INFY.NS
2021-01-20,1137.8839961542835,1161.8816034699987,1137.8839961542835,1154.1695556640625,8225838,INFY.NS
2021-01-21,1163.2601740602263,1172.7817160773957,1150.3350610151126,1154.3848876953125,6142421,INFY.NS
2021-01-22,1143.4414459876753,1168.4299930363886,1143.0537347453296,1155.3756103515625,9646591,INFY.NS
2021-01-25,1158.9519046092023,1161.4507810538796,1131.378327696567,1141.8045654296875,6542611,INFY.NS
2021-01-27,1137.0653281460511,1143.915701597975,1107.3375662888109,1121.0382080078125,8133665,INFY.NS
2021-01-28,1113.1107808566571,1117.1174817647845,1096.5235523990264,1099.6685791015625,4660690,INFY.NS
2021-01-29,1108.3285780131775,1112.5508031568647,1060.7210725241762,1067.6575927734375,12183519,INFY.NS
2021-02-01,1077.566678701436,1101.176466884617,1069.3376482785413,1086.4849853515625,8880279,INFY.NS
2021-02-02,1102.943092428712,1115.351223255505,1088.811613019999,1095.4034423828125,6892490,INFY.NS
2021-02-03,1100.91823085043,1123.6233284520413,1096.9114241713562,1106.949951171875,8182968,INFY.NS
2021-02-04,1107.2511699180425,1114.4892530774284,1096.0925328865717,1102.3826904296875,5032240,INFY.NS
2021-02-05,1108.4573551444971,1110.4822678257829,1087.4324903946754,1096.1353759765625,5477481,INFY.NS
2021-02-08,1107.682211859104,1128.7932302881572,1099.0654696431639,1123.2354736328125,6921922,INFY.NS
2021-02-09,1126.1219793119321,1147.7499796635198,1118.3237860998943,1124.958740234375,7965949,INFY.NS
2021-02-10,1116.5576366457155,1123.924889041508,1106.0451467299135,1117.1607666015625,5951207,INFY.NS
2021-02-11,1110.6978861575487,1116.729604701461,1105.570967469153,1113.843017578125,4673317,INFY.NS
2021-02-12,1124.485014839865,1140.6414087312423,1121.5122804377938,1128.62109375,5797875,INFY.NS
2021-02-15,1137.410006642959,1144.648091358565,1126.2943878137974,1128.49169921875,4363513,INFY.NS
2021-02-16,1132.2397849125675,1137.1944110642016,1108.1129097393925,1111.904296875,6896421,INFY.NS
2021-02-17,1111.9042009994464,1115.4370435224996,1098.6343997614424,1104.06298828125,4575741,INFY.NS
2021-02-18,1099.4962778682911,1125.3465038369814,1098.6346036693349,1113.6707763671875,6437551,INFY.NS
2021-02-19,1116.8159046715325,1119.7456179756161,1100.1856557955718,1112.679931640625,5389696,INFY.NS
2021-02-22,1115.8681194822566,1127.543847285139,1085.7095216584119,1090.190185546875,7371303,INFY.NS
2021-02-23,1095.3173533010224,1112.4215678345515,1083.5986033677766,1091.1812744140625,6612942,INFY.NS
2021-02-24,1085.7525158728329,1100.0131594333943,1078.8159971399741,1098.0313720703125,4537258,INFY.NS
2021-02-25,1110.2241360693142,1119.9610970869585,1096.049636849095,1098.2469482421875,8788221,INFY.NS
2021-02-26,1093.4646452909378,1098.031560981931,1072.5690443072458,1079.9364013671875,15132388,INFY.NS
2021-03-01,1088.5530584727862,1106.820509431112,1084.8478173404203,1091.7412109375,5756286,INFY.NS
2021-03-02,1104.8817047902842,1128.793163014445,1102.2535564971179,1124.053955078125,10461434,INFY.NS
2021-03-03,1136.7205420391444,1160.6751264405077,1127.0698332473528,1157.702392578125,9056399,INFY.NS
2021-03-04,1150.3351756207683,1175.194457817251,1142.4939606291623,1146.328369140625,12041941,INFY.NS
2021-03-05,1144.7340809811906,1154.643333469925,1124.527864719399,1134.5662841796875,6486176,INFY.NS
2021-03-08,1141.5460327392925,1159.8996302572925,1134.9972246111543,1150.9813232421875,5119392,INFY.NS
2021-03-09,1145.5958680350614,1163.6479007526516,1136.33287023034,1159.42578125,6518173,INFY.NS
2021-03-10,1169.2057017251611,1183.9403089878242,1167.568499766013,1178.8995361328125,7925984,INFY.NS
2021-03-12,1183.0786532905622,1199.1919184391575,1180.5367565245792,1184.6727294921875,9462061,INFY.NS
2021-03-15,1180.4935751787755,1189.0241702261578,1170.5843225404135,1183.5955810546875,6658635,INFY.NS
2021-03-16,1194.3237253947968,1211.51408589093,1189.5413908765495,1192.5572509765625,9352771,INFY.NS
2021-03-17,1199.6658792970159,1206.3438542042177,1190.8337189358776,1195.14208984375,7626744,INFY.NS
2021-03-18,1200.9585220891945,1200.9585220891945,1131.809161445135,1152.1446533203125,10961755,INFY.NS
2021-03-19,1146.0267544140797,1167.7409034764084,1135.6866633968098,1158.4779052734375,12767112,INFY.NS
2021-03-22,1163.346265133308,1185.663646967112,1151.2828268647472,1181.1829833984375,4862758,INFY.NS
2021-03-23,1182.604890521496,1191.9110153467443,1171.5323964330696,1181.8294677734375,7165335,INFY.NS
2021-03-24,1170.0241758418215,1180.8812486522415,1160.0287771462733,1166.4913330078125,6134303,INFY.NS
2021-03-25,1160.4595403235624,1165.4141661686415,1143.958461037334,1149.3009033203125,8749994,INFY.NS
2021-03-26,1158.6931263734227,1169.033215628549,1147.7499073190118,1151.368896484375,4922071,INFY.NS
2021-03-30,1160.5890562717839,1206.3439374331733,1151.326058180779,1193.6773681640625,10546381,INFY.NS
2021-03-31,1190.833913354307,1196.003959287828,1174.7206456021086,1178.8135986328125,8220987,INFY.NS
2021-04-01,1189.1104006694657,1199.1058003917483,1181.3553328390126,1193.591064453125,5675155,INFY.NS
2021-04-05,1198.5886069499645,1227.8855247330691,1195.1419107401873,1214.874267578125,9479572,INFY.NS
2021-04-06,1226.162320506341,1228.747342967001,1211.9015711911009,1215.8653564453125,5793571,INFY.NS
2021-04-07,1215.17609607656,1236.4594077151494,1212.030964065878,1232.366455078125,5879234,INFY.NS
2021-04-08,1232.1940491134949,1250.8923363163185,1224.4389816715218,1240.6815185546875,5654434,INFY.NS
2021-04-09,1253.7358884927696,1253.7358884927696,1232.2371605200397,1241.715576171875,6052712,INFY.NS
2021-04-12,1270.107636092024,1273.1666212515227,1219.2688636839985,1228.5318603515625,20384532,INFY.NS
2021-04-13,1234.7789336079577,1236.7177002517942,1184.8018379001687,1203.887939453125,14855206,INFY.NS
2021-04-15,1148.0084843876693,1177.3915511559262,1137.4098505247566,1172.5230712890625,25342491,INFY.NS
2021-04-16,1176.1851668001211,1181.225939335156,1160.3303420495129,1166.4913330078125,10879878,INFY.NS
2021-04-19,1154.6434235411007,1188.851847075062,1148.0515948995885,1174.07421875,12508028,INFY.NS
2021-04-20,1188.2485265249893,1188.2485265249893,1156.711277024742,1164.4232177734375,8560766,INFY.NS
2021-04-22,1168.04239869778,1176.0128843300108,1159.0809667878193,1164.2078857421875,6622446,INFY.NS
2021-04-23,1157.2282625985106,1161.8813235595494,1146.8881738783452,1149.3009033203125,7316262,INFY.NS
2021-04-26,1147.9654322200197,1164.380367507534,1138.271597645071,1157.702392578125,7088606,INFY.NS
2021-04-27,1159.813465880782,1165.8451852427174,1154.7726928795603,1161.9676513671875,3636115,INFY.NS
2021-04-28,1170.1535241231102,1171.4460353795055,1158.6070691956795,1168.43017578125,4879234,INFY.NS
2021-04-29,1178.7702141412208,1179.6318882743649,1164.4664445679937,1168.731689453125,5412357,INFY.NS
2021-04-30,1160.0721300500113,1183.854319239692,1159.727439299612,1167.008544921875,8354677,INFY.NS
2021-05-03,1155.3327768515082,1172.7385531266991,1152.920047085616,1165.026611328125,4560337,INFY.NS
2021-05-04,1166.706806746648,1167.5253551205797,1140.9427284558226,1145.5096435546875,4887060,INFY.NS
2021-05-05,1155.5913444106986,1158.0040744447103,1144.131139711262,1155.93603515625,3939788,INFY.NS
2021-05-06,1158.951723413913,1175.9266619728828,1152.403020957983,1173.2554931640625,4810090,INFY.NS
2021-05-07,1176.4436194997431,1183.1215933699916,1161.9674534232122,1165.457275390625,4991435,INFY.NS
2021-05-10,1163.1310416212618,1165.7591903300936,1150.3783249956527,1154.255859375,7195348,INFY.NS
2021-05-11,1151.972133083135,1155.5049758799562,1141.804336560745,1146.586669921875,6420988,INFY.NS
2021-05-12,1146.0265506149326,1146.0265506149326,1132.6706020927286,1143.4415283203125,5241898,INFY.NS
2021-05-14,1143.3123140362059,1143.3123140362059,1129.913344241812,1134.307861328125,4824609,INFY.NS
2021-05-17,1137.6684297752622,1150.2918720076307,1137.6684297752622,1145.5096435546875,5017129,INFY.NS
2021-05-18,1152.9200842102962,1158.6071129160698,1145.5958534810081,1154.6434326171875,5620150,INFY.NS
2021-05-19,1156.3668429275547,1169.6796680095263,1148.827193243787,1152.0584716796875,4435878,INFY.NS
2021-05-20,1161.8816201844372,1162.4847501064953,1150.3351637955125,1154.0404052734375,4490092,INFY.NS
2021-05-21,1161.10597595688,1169.7227178934802,1160.1150295972031,1167.1376953125,4969733,INFY.NS
2021-05-24,1168.990210343967,1174.4618199428319,1159.0378322316353,1161.579833984375,4225371,INFY.NS
2021-05-25,1170.153487283341,1178.7702287213629,1167.0945019989106,1173.2554931640625,4099340,INFY.NS
2021-05-26,1178.6842466258772,1206.3439694601002,1173.6434732190312,1203.974365234375,6850024,INFY.NS
2021-05-27,1209.9628153141646,1220.346031032541,1199.1918882971079,1208.2825927734375,15365391,INFY.NS
2021-05-28,1214.7452614296749,1218.4073769544673,1202.983387001314,1210.6954345703125,4261312,INFY.NS
2021-05-31,1220.6680058856502,1220.6680058856502,1204.5550140134528,1213.91796875,4429904,INFY.NS
2021-06-01,1219.361380056322,1220.232352470648,1200.7661402744382,1208.212890625,4791325,INFY.NS
2021-06-02,1202.5952563024946,1212.3501055873878,1188.877439690679,1200.7662353515625,9272276,INFY.NS
2021-06-03,1208.9969958950846,1218.4906181150707,1199.3728128462976,1210.3470458984375,5115645,INFY.NS
2021-06-04,1214.09216769656,1216.6616005621086,1199.895378641077,1206.8631591796875,4194328,INFY.NS
2021-06-07,1211.5228375969002,1212.3938101616714,1199.5905559874905,1210.3470458984375,5154576,INFY.NS
2021-06-08,1215.8776827694026,1238.305225986675,1215.485787648902,1230.640625,7360630,INFY.NS
2021-06-09,1231.0325089745763,1241.1357683512133,1223.3679087192618,1232.6873779296875,5394317,INFY.NS
2021-06-10,1240.2649108243102,1244.619773572991,1235.9100480756292,1240.5262451171875,3496575,INFY.NS
2021-06-11,1245.577823696013,1264.3037335391286,1245.011670273987,1260.210205078125,6140828,INFY.NS
2021-06-14,1281.2004035718885,1286.426237984826,1265.9147953860963,1273.1875,7132294,INFY.NS
2021-06-15,1275.103669819977,1285.5553392447312,1274.2326973679144,1283.726318359375,5403104,INFY.NS
2021-06-16,1282.681306907179,1297.2700979732745,1278.1522919101415,1289.56201171875,7661710,INFY.NS
2021-06-17,1284.7715259128947,1308.7668610479423,1284.7715259128947,1302.365234375,7677951,INFY.NS
2021-06-18,1314.297631090584,1320.2202871980096,1295.4846445139028,1309.3331298828125,13533974,INFY.NS
2021-06-21,1300.3618294777948,1311.5103190367672,1292.6972296160168,1306.719970703125,5454052,INFY.NS
2021-06-22,1314.907051074631,1325.1409772519048,1308.2876817899016,1316.7796630859375,6427862,INFY.NS
2021-06-23,1328.2329974366169,1328.2329974366169,1305.2828944498028,1309.2022705078125,5529809,INFY.NS
2021-06-24,1321.2652671274627,1366.3380934780537,1316.2135841582835,1358.020263671875,10785137,INFY.NS
2021-06-25,1369.1687419344182,1374.3945768272977,1343.9105399521675,1371.0848388671875,9780240,INFY.NS
2021-06-28,1369.9526773998857,1376.2672280750623,1359.239673036804,1368.99462890625,5019178,INFY.NS
2021-06-29,1359.5882429201095,1370.6060676901361,1358.0204496956374,1361.373779296875,5913567,INFY.NS
2021-06-30,1369.212243234457,1385.7171281600788,1369.212243234457,1376.833251953125,6058722,INFY.NS
2021-07-01,1373.3931306494867,1373.3931306494867,1357.889882075595,1359.065673828125,4814317,INFY.NS
2021-07-02,1357.8026718078984,1366.9478839702683,1343.5622912761874,1365.5108642578125,5166064,INFY.NS
2021-07-05,1366.6865788207563,1380.491472279574,1359.6317225292362,1375.2220458984375,4058338,INFY.NS
2021-07-06,1370.6494852954324,1382.015719815571,1356.1913619563304,1360.63330078125,4089574,INFY.NS
2021-07-07,1363.986728987557,1367.9061058203963,1345.3478934518514,1362.7237548828125,4797120,INFY.NS
2021-07-08,1365.684912101554,1372.6526922653372,1349.1364342125682,1359.370361328125,3326813,INFY.NS
2021-07-09,1355.2331885032247,1367.3397273251671,1350.8783260723017,1361.242919921875,3436594,INFY.NS
2021-07-12,1367.9060290680072,1374.3947322658926,1335.8541955721248,1348.1348876953125,4588982,INFY.NS
2021-07-13,1355.5815853790407,1355.5815853790407,1338.0750598435359,1345.60888671875,4456160,INFY.NS
2021-07-14,1353.491352701451,1378.575404854763,1339.642867790141,1373.4366455078125,5657716,INFY.NS
2021-07-15,1356.8879621568644,1390.8122955822987,1355.2330932854072,1376.833251953125,10021355,INFY.NS
2021-07-16,1370.6928663714386,1371.4767628250784,1349.6588608514694,1354.7540283203125,6265593,INFY.NS
2021-07-19,1345.3912379284575,1352.5332765373414,1339.1638693330044,1342.7783203125,5669162,INFY.NS
2021-07-20,1339.8170980665798,1356.7138802520703,1339.5557637771587,1350.051025390625,5069939,INFY.NS
2021-07-22,1359.9364422808278,1387.3284840624563,1359.9364422808278,1385.0203857421875,7854575,INFY.NS
2021-07-23,1383.5833964986373,1392.2495302773834,1380.5349927726625,1385.2381591796875,4179719,INFY.NS
2021-07-26,1388.4171860985402,1403.7027953972172,1388.4171860985402,1396.9527587890625,4586710,INFY.NS
2021-07-27,1397.9111843383157,1401.6564094785256,1391.7272994285893,1395.77734375,5892859,INFY.NS
2021-07-28,1397.9981074473674,1400.1755389605307,1380.927065648147,1398.43359375,4686788,INFY.NS
2021-07-29,1393.643092143495,1410.9754663584183,1393.643092143495,1408.362548828125,4660873,INFY.NS
2021-07-30,1402.2658076696387,1413.9368611216748,1398.9125846109287,1402.7012939453125,6234257,INFY.NS
2021-08-02,1417.4640841166172,1423.8222255873973,1410.2785613387637,1421.03515625,5553389,INFY.NS
2021-08-03,1434.4917348838053,1444.638585966481,1424.562626930286,1441.6336669921875,5513668,INFY.NS
2021-08-04,1453.7401991220645,1463.146744783546,1427.5675389174712,1436.451416015625,6740391,INFY.NS
2021-08-05,1436.6690522625252,1451.0400976473882,1434.5352122939364,1440.196533203125,5420536,INFY.NS
2021-08-06,1443.201464252009,1446.380535210929,1431.8788215028985,1437.27880859375,3754855,INFY.NS
2021-08-09,1446.6851974576966,1452.3029270691816,1433.9690213207793,1448.6884765625,5018477,INFY.NS
2021-08-10,1452.782006038996,1463.2336751471903,1446.7287902084508,1460.8385009765625,6846517,INFY.NS
2021-08-11,1458.7048011852285,1466.7177057432823,1452.7821455937024,1461.0999755859375,4899639,INFY.NS
2021-08-12,1462.4937154428749,1477.605069335375,1458.008185126683,1471.5953369140625,5659579,INFY.NS
2021-08-13,1478.0403134331104,1500.2501118966013,1473.0758127751071,1491.279052734375,5612790,INFY.NS
2021-08-16,1487.359618942514,1498.0290315167445,1472.0305249977998,1484.4854736328125,4564109,INFY.NS
2021-08-17,1484.0501084300226,1523.2438721030503,1468.9387563667328,1516.9293212890625,9510390,INFY.NS
2021-08-18,1505.9114463640587,1528.9922175200145,1504.1695013711565,1509.7872314453125,6686090,INFY.NS
2021-08-20,1494.6759407419665,1519.8470681780625,1494.6759407419665,1509.351806640625,6206972,INFY.NS
2021-08-23,1511.790524868996,1526.9454677131089,1508.5243779767254,1514.4034423828125,6189051,INFY.NS
2021-08-24,1524.201733492807,1530.2985404267783,1491.7144197309817,1498.8128662109375,7602939,INFY.NS
2021-08-25,1496.330844263311,1521.5019722788666,1496.330844263311,1511.616455078125,6153253,INFY.NS
2021-08-26,1510.2660991578086,1520.717767664091,1498.0724859004793,1504.7789306640625,5302248,INFY.NS
2021-08-27,1502.4277064883427,1504.7792899357576,1485.1824068076487,1488.3179931640625,6698514,INFY.NS
2021-08-30,1483.3095738715613,1496.8967219149827,1472.2917518551153,1478.9547119140625,6559667,INFY.NS
2021-08-31,1480.783933076624,1493.7178535768544,1468.3289836646177,1486.27099609375,12255438,INFY.NS
2021-09-01,1488.927672275753,1488.927672275753,1457.2678392623277,1461.2742919921875,7801974,INFY.NS
2021-09-02,1460.9256195979472,1475.688666436114,1448.122367094647,1471.1595458984375,6830050,INFY.NS
2021-09-03,1477.2130299720811,1485.835573126243,1467.0661785417021,1481.219482421875,5339139,INFY.NS
2021-09-06,1485.1390439762965,1508.5246384996808,1480.087360049202,1507.131103515625,4876026,INFY.NS
2021-09-07,1506.7823763845429,1511.0501627608223,1484.13709211518,1486.4451904296875,3520341,INFY.NS
2021-09-08,1481.3934169692038,1481.3934169692038,1465.802989411685,1474.7740478515625,4584896,INFY.NS
2021-09-09,1468.37241383131,1476.2111655562676,1465.1062672792443,1473.3369140625,3331674,INFY.NS
2021-09-13,1465.8467121859994,1481.9597033775865,1459.0530841826737,1473.598388671875,4662374,INFY.NS
2021-09-14,1477.1257989130531,1477.1257989130531,1462.0144469944478,1468.59033203125,4945167,INFY.NS
2021-09-15,1474.7741973936459,1493.8049254065334,1472.117688719493,1490.6258544921875,4062344,INFY.NS
2021-09-16,1493.8918432115127,1497.4193240191062,1473.2062483617503,1482.61279296875,3246568,INFY.NS
2021-09-17,1478.0403062981004,1496.3307284738578,1467.1095590889208,1473.0758056640625,7454864,INFY.NS
2021-09-20,1467.5885506094764,1487.3595823241576,1461.4481524246728,1470.07080078125,5660743,INFY.NS
2021-09-21,1480.6532560868934,1503.9517705576725,1467.2838494209095,1496.72265625,4672222,INFY.NS
2021-09-22,1495.4597566485802,1514.5340753328271,1492.0194578610053,1495.3726806640625,4553892,INFY.NS
2021-09-23,1508.5243325905415,1519.8469748097546,1499.0307113119939,1517.713134765625,3826090,INFY.NS
2021-09-24,1531.1697244858785,1557.2989006716446,1526.3357843635558,1536.264892578125,8280446,INFY.NS
2021-09-27,1540.5327360352849,1540.7504791781873,1496.4179540192567,1499.074462890625,5045337,INFY.NS
2021-09-28,1489.3630166815442,1489.3630166815442,1458.878978328413,1469.417724609375,6557197,INFY.NS
2021-09-29,1445.1612257222725,1481.8727405310417,1441.4595923280765,1473.9033203125,7792548,INFY.NS
2021-09-30,1483.2663028944044,1483.2663028944044,1454.6112837647613,1459.05322265625,6914031,INFY.NS
2021-10-01,1450.2560914701553,1462.3190376924388,1446.9028690646644,1450.2996826171875,5733906,INFY.NS
2021-10-04,1456.7014416476638,1470.2015147989575,1450.517558435886,1462.14501953125,2947154,INFY.NS
2021-10-05,1455.3950807569224,1483.2226102398492,1448.4273005977032,1474.38232421875,4373310,INFY.NS
2021-10-06,1482.4822902737767,1488.492021865943,1454.524093924005,1457.6160888671875,4271698,INFY.NS
2021-10-07,1469.330685011527,1484.3113702738483,1460.3161404249604,1472.8145751953125,5476108,INFY.NS
2021-10-08,1485.2259570483295,1508.0889867346034,1479.2598162798897,1501.426025390625,4738376,INFY.NS
2021-10-11,1464.9757128474757,1506.7823919299244,1449.0368739193389,1472.7708740234375,8840633,INFY.NS
2021-10-12,1460.6206701041795,1471.0723385843523,1447.5560845039631,1467.7191162109375,7439300,INFY.NS
2021-10-13,1477.1257522003684,1492.5420290685638,1463.277374662343,1488.6661376953125,7104171,INFY.NS
2021-10-14,1527.685542890773,1553.4663038785475,1479.0852419287858,1494.370849609375,19655776,INFY.NS
2021-10-18,1515.4923316359125,1566.8797152948314,1515.4923316359125,1560.91357421875,13438109,INFY.NS
2021-10-19,1579.9442767437083,1597.7992148215726,1552.334488195164,1587.042724609375,10324260,INFY.NS
2021-10-20,1593.3570895202022,1609.5571565198998,1562.5682333583247,1569.7972412109375,5876115,INFY.NS
2021-10-21,1579.9440255087377,1579.9440255087377,1521.4582041825172,1527.380859375,8779629,INFY.NS
2021-10-22,1524.11481075835,1535.6986813056806,1486.7500689564513,1497.8985595703125,7369809,INFY.NS
2021-10-25,1499.858350257659,1506.564796489911,1469.5048712675496,1487.229248046875,5905209,INFY.NS
2021-10-26,1502.6062654350915,1517.1485436893581,1490.1727607226414,1497.0264892578125,5871709,INFY.NS
2021-10-27,1501.7713769207796,1523.782638320306,1494.785823536902,1519.21337890625,5090259,INFY.NS
2021-10-28,1510.7781326616437,1515.5230879740864,1486.789920282188,1497.202392578125,5329972,INFY.NS
2021-10-29,1492.8967290645846,1504.8469109760645,1459.5504324355952,1465.4376220703125,5875091,INFY.NS
2021-11-01,1474.0048022483252,1500.1018935472132,1472.6867651673283,1493.8193359375,3636806,INFY.NS
2021-11-02,1489.3819492239559,1499.4429230262488,1481.7812470277015,1491.93017578125,3471772,INFY.NS
2021-11-03,1501.6836622957965,1509.108562016102,1492.896747946494,1495.97216796875,3530713,INFY.NS
2021-11-04,1506.955597967376,1508.7129805889124,1498.1686848596946,1501.4197998046875,483407,INFY.NS
2021-11-08,1520.1360112691098,1529.8016159650406,1496.4113451972798,1526.7261962890625,5245903,INFY.NS
2021-11-09,1524.3097711593211,1537.7098138226327,1516.621222090208,1531.11962890625,4016134,INFY.NS
2021-11-10,1516.6214263051052,1538.544734840755,1513.0626830662195,1529.054931640625,4780368,INFY.NS
2021-11-11,1522.7281388179986,1528.7032829292987,1501.6835237971957,1523.0357666015625,4731349,INFY.NS
2021-11-12,1531.5591812690018,1566.5750137314162,1527.2097015420263,1564.2464599609375,5069009,INFY.NS
2021-11-15,1565.915958976433,1581.6445568553665,1560.116617053724,1570.3533935546875,4354074,INFY.NS
2021-11-16,1572.8576289550256,1589.508788323187,1561.4346405883132,1574.878662109375,6034233,INFY.NS
2021-11-17,1575.0982330141132,1583.4018234229952,1564.6856546363958,1570.6168212890625,4732492,INFY.NS
2021-11-18,1565.4764129337543,1572.374118249365,1545.6180108247017,1563.5433349609375,4326924,INFY.NS
2021-11-22,1567.5853905552658,1568.8155799150782,1538.7204007522319,1545.9696044921875,6621839,INFY.NS
2021-11-23,1524.6174092729004,1535.293531113381,1502.5622768372482,1526.1990966796875,8436160,INFY.NS
2021-11-24,1528.9230418655106,1529.3623875671963,1483.2310888902196,1490.2606201171875,7333061,INFY.NS
2021-11-25,1493.7754205362603,1516.7970929361409,1491.0953687886788,1513.4581298828125,4476260,INFY.NS
2021-11-26,1496.0161123736239,1509.8993723813282,1479.716343711144,1486.4383544921875,4494181,INFY.NS
2021-11-29,1485.867137758942,1504.319656915026,1466.6677523751573,1490.568115234375,3942776,INFY.NS
2021-11-30,1497.7734901514705,1520.0482960069558,1493.8193787950365,1504.890869140625,14808963,INFY.NS
2021-12-01,1506.9558896878457,1530.5927119756113,1505.1985067261105,1506.8680419921875,5193264,INFY.NS
2021-12-02,1506.9557521388576,1538.1492968624316,1503.748507074007,1536.1722412109375,5559574,INFY.NS
2021-12-03,1556.2503551294296,1569.914049638286,1522.3768651886874,1525.012939453125,6754012,INFY.NS
2021-12-06,1520.135930577831,1523.6067182659208,1486.3063159378041,1489.6453857421875,3991449,INFY.NS
2021-12-07,1494.7419695434742,1515.654868474255,1488.5032818453103,1504.01220703125,4202122,INFY.NS
2021-12-08,1522.7723363402492,1546.3213109323074,1522.4208382954744,1540.6536865234375,3029169,INFY.NS
2021-12-09,1545.6179429277577,1554.7563535822555,1530.680191347444,1549.528076171875,2082171,INFY.NS
2021-12-10,1546.496909194259,1549.7920020405534,1534.1952292347592,1545.837890625,1823469,INFY.NS
2021-12-13,1552.691619157812,1556.4699276693766,1527.8685881008832,1533.0089111328125,4040584,INFY.NS
2021-12-14,1520.9271704705898,1549.1331467554546,1502.8700168647522,1539.599365234375,4768144,INFY.NS
2021-12-15,1533.3164478312353,1535.9085444800232,1512.4035502224383,1523.8265380859375,3053149,INFY.NS
2021-12-16,1548.8254519662987,1561.9618457823942,1544.7395154133753,1556.689697265625,4481031,INFY.NS
2021-12-17,1599.2182217120308,1618.5494309854728,1587.5755615814348,1599.965087890625,18887243,INFY.NS
2021-12-20,1583.1384945952357,1607.6979873385656,1570.4854223098228,1580.67822265625,5773891,INFY.NS
2021-12-21,1582.5232944672757,1615.0348779738215,1582.5232944672757,1591.83740234375,5353584,INFY.NS
2021-12-22,1603.6116727640501,1607.258263225774,1592.4962060182195,1603.3480224609375,4156428,INFY.NS
2021-12-23,1609.1035837520574,1635.771845585297,1605.3691454006876,1632.257080078125,4112933,INFY.NS
2021-12-24,1645.744996985642,1648.2053757839751,1629.0938380399784,1637.44140625,3780347,INFY.NS
2021-12-27,1634.3660458305121,1647.1070714566104,1621.2296519691486,1639.77001953125,2647733,INFY.NS
2021-12-28,1652.5547486394014,1665.910921270975,1650.5338229288552,1658.96923828125,3340933,INFY.NS
2021-12-29,1655.0154120118143,1664.0659772122503,1648.7767239206892,1656.8167724609375,3236635,INFY.NS
2021-12-30,1655.893905461335,1678.1248402781916,1646.9751665027095,1663.23095703125,4584738,INFY.NS
2021-12-31,1660.7268115874554,1668.0638636147924,1644.6028452130947,1658.749755859375,4619420,INFY.NS
2022-01-03,1658.7496564451544,1681.8592826976471,1658.7496564451544,1668.151611328125,3329616,INFY.NS
2022-01-04,1668.1518193720126,1675.3571539606305,1650.1826212731244,1668.7669677734375,3921999,INFY.NS
2022-01-05,1669.5137232070176,1672.061949815919,1616.7922372110065,1620.878173828125,6995719,INFY.NS
2022-01-06,1606.2480104983958,1606.2480104983958,1581.6446492872608,1597.285400390625,6449205,INFY.NS
2022-01-07,1595.2202481604722,1613.2773992100788,1587.619653412898,1594.2098388671875,4834389,INFY.NS
2022-01-10,1594.8248209393573,1643.0649981325935,1593.0674382165591,1626.238037109375,7857560,INFY.NS
2022-01-11,1629.9725624667992,1643.1529335918676,1625.7109305887875,1630.499755859375,5142287,INFY.NS
2022-01-12,1642.1862281862043,1659.8479022527206,1634.3658539915618,1649.698974609375,5362535,INFY.NS
2022-01-13,1673.9072535300188,1680.4974395675385,1639.9458066975717,1666.7020263671875,14277630,INFY.NS
2022-01-14,1653.697325601296,1698.5105900038816,1652.8186341424216,1695.3033447265625,7688506,INFY.NS
2022-01-17,1703.3873319362635,1716.8752240721528,1696.3138229476326,1704.2220458984375,5262464,INFY.NS
2022-01-18,1688.9326718657662,1709.0547258227377,1679.5745872616628,1687.7464599609375,3690315,INFY.NS
2022-01-19,1683.5726913474412,1683.5726913474412,1636.8702228464153,1640.560791015625,5747770,INFY.NS
2022-01-20,1620.3068375307487,1623.8216029050018,1595.2641342391942,1602.4693603515625,5533463,INFY.NS
2022-01-21,1577.2509740263736,1588.6739615819963,1560.5558383681557,1569.0791015625,8252758,INFY.NS
2022-01-24,1550.8901355972848,1554.0973802762983,1518.378557683914,1526.111083984375,7116712,INFY.NS
2022-01-25,1517.1485371127924,1528.923023226851,1494.214713216816,1513.2384033203125,9137653,INFY.NS
2022-01-27,1495.5327130043718,1502.29859365424,1463.0211322868854,1474.9713134765625,11231734,INFY.NS
2022-01-28,1477.0805050186957,1517.9836398382624,1475.7624676852465,1481.649658203125,10998502,INFY.NS
2022-01-31,1509.591964395572,1537.270746047761,1507.2634105184352,1525.5841064453125,8788872,INFY.NS
2022-02-01,1551.8568050061044,1564.0706364850143,1524.2658745729877,1557.0850830078125,5119935,INFY.NS
2022-02-02,1571.978861227617,1575.3179313391013,1557.041107934789,1570.309326171875,4253717,INFY.NS
2022-02-03,1563.1920737397209,1563.1920737397209,1523.6509588896436,1527.6490478515625,3832922,INFY.NS
2022-02-04,1521.8933349019508,1541.1805660739483,1502.6939514077194,1529.889404296875,4700077,INFY.NS
2022-02-07,1513.2823459720125,1521.8935649371356,1489.733479878767,1506.955810546875,4310209,INFY.NS
2022-02-08,1502.5623164200595,1515.7426876167267,1490.2606366365032,1508.976806640625,6053401,INFY.NS
2022-02-09,1524.5296259925371,1531.5591574092173,1515.7427117216866,1526.5506591796875,3867244,INFY.NS
2022-02-10,1542.6746701881318,1558.7107891978585,1536.6116777128484,1554.932373046875,4334630,INFY.NS
2022-02-11,1528.9230162412698,1534.1511870988509,1505.1983487478708,1512.535400390625,7551371,INFY.NS
2022-02-14,1484.9883568052496,1510.0750373354194,1474.663733614444,1478.134521484375,7459637,INFY.NS
2022-02-15,1492.8968567131544,1534.8543757879354,1485.384001492288,1527.385498046875,4669915,INFY.NS
2022-02-16,1527.3852458984643,1542.4986942805128,1517.368143011698,1523.0357666015625,5350642,INFY.NS
2022-02-17,1532.4377256704772,1536.8311824527893,1511.612783427169,1515.56689453125,3937950,INFY.NS
2022-02-18,1502.5621314630687,1513.5457727749333,1496.8506379808991,1499.882080078125,5602215,INFY.NS
2022-02-21,1494.6540080635389,1526.550547436766,1486.3064401172699,1520.7510986328125,5120890,INFY.NS
2022-02-22,1493.687498875911,1538.5886069583632,1485.911101612414,1523.9583740234375,8878515,INFY.NS
2022-02-23,1537.7100334675147,1544.9592379110045,1523.1237768881938,1531.4273681640625,5478811,INFY.NS
2022-02-24,1485.0763695246333,1506.9118301831932,1467.8540388895212,1474.5760498046875,13592379,INFY.NS
2022-02-25,1506.9558447051804,1518.5106587861058,1473.565569428914,1489.030517578125,9737281,INFY.NS
2022-02-28,1478.134596610253,1518.4226821951142,1463.0211477782968,1507.48291015625,15076542,INFY.NS
2022-03-02,1502.5622527750063,1506.4285162813565,1485.8671166330619,1496.2357177734375,6771489,INFY.NS
2022-03-03,1511.5246544269576,1523.5627889815564,1498.6519133468057,1512.0958251953125,7344147,INFY.NS
2022-03-04,1489.6018053662485,1525.4084849525482,1477.0804511550884,1514.2491455078125,9074499,INFY.NS
2022-03-07,1491.1392344591268,1538.5885677889987,1490.2605431011661,1528.7911376953125,9742588,INFY.NS
2022-03-08,1509.9873201847918,1581.6446527750986,1509.9873201847918,1562.4891357421875,10984500,INFY.NS
2022-03-09,1573.7363895823908,1609.411241059636,1573.7363895823908,1593.3751220703125,10193515,INFY.NS
2022-03-10,1620.9658987002945,1620.9658987002945,1590.6070690763233,1604.402587890625,6547182,INFY.NS
2022-03-11,1593.9461769078878,1609.2354285026502,1591.310102745416,1600.9757080078125,4758657,INFY.NS
2022-03-14,1609.3674043195065,1665.1203351700804,1609.3674043195065,1661.3419189453125,10289724,INFY.NS
2022-03-15,1659.27699787109,1659.27699787109,1608.0053726067936,1616.17724609375,7140443,INFY.NS
2022-03-16,1638.759613424633,1664.197688915831,1624.7005497169687,1660.19970703125,5233979,INFY.NS
2022-03-17,1689.9872589454178,1689.9872589454178,1610.6853579171534,1629.62109375,17731459,INFY.NS
2022-03-21,1635.2447090569246,1658.0028379594185,1617.7587285984619,1628.2591552734375,8362085,INFY.NS
2022-03-22,1625.579059476518,1660.7267148165508,1615.9134542580089,1658.442138671875,5709382,INFY.NS
2022-03-23,1666.877628359794,1669.5137026271,1631.7299714623814,1645.2618408203125,6192824,INFY.NS
2022-03-24,1630.9830683752546,1664.7687099000984,1630.9830683752546,1657.8270263671875,3784303,INFY.NS
2022-03-25,1662.4841869657494,1664.2415698272353,1632.6086783204876,1648.908447265625,3438588,INFY.NS
2022-03-28,1639.6381504800765,1652.7306737771728,1627.9076417562392,1646.579833984375,4008555,INFY.NS
2022-03-29,1646.5798912876753,1660.1996084457126,1634.8493821555994,1657.2120361328125,3917785,INFY.NS
2022-03-30,1678.3006231006957,1686.2088459320603,1665.1202517150882,1672.9844970703125,7795839,INFY.NS
2022-03-31,1669.5138216935436,1680.9368109998677,1664.4173681750951,1675.5328369140625,5399145,INFY.NS
2022-04-01,1657.9588459097863,1678.5642235880214,1650.4460988003643,1672.633056640625,6171518,INFY.NS
2022-04-04,1660.506882018338,1663.3626287396291,1645.7888027624538,1654.53173828125,7364074,INFY.NS
2022-04-05,1655.278878381211,1660.3752240705198,1631.8617314560988,1635.33251953125,5472024,INFY.NS
2022-04-06,1629.9724288024402,1632.1691571431443,1601.1074398580135,1606.99462890625,5407453,INFY.NS
2022-04-07,1600.1410724456011,1606.3797601498356,1588.2787381336382,1591.3101806640625,5797544,INFY.NS
2022-04-08,1601.854417864324,1615.0347888286492,1588.6740468999988,1594.473388671875,5131446,INFY.NS
2022-04-11,1593.946057575753,1593.946057575753,1548.7374319787987,1552.252197265625,8248407,INFY.NS
2022-04-12,1544.3000311752362,1544.3000311752362,1518.1589637911889,1531.07568359375,6456184,INFY.NS
2022-04-13,1542.0595748364601,1544.3002810224598,1521.8936482110387,1536.43603515625,6257693,INFY.NS
2022-04-18,1410.7391117521547,1449.8408809660887,1397.1193943855035,1424.7103271484375,30523965,INFY.NS
2022-04-19,1438.11007103157,1438.11007103157,1361.9714519583767,1372.5157470703125,17044923,INFY.NS
2022-04-20,1383.9389289365774,1402.6550983089535,1373.3946323351558,1395.0982666015625,10678747,INFY.NS
2022-04-21,1401.5127612789481,1429.8065810155888,1396.4602858072528,1422.4256591796875,7766514,INFY.NS
2022-04-22,1409.728504477574,1415.3081733294175,1390.4412714487692,1393.1212158203125,8134245,INFY.NS
2022-04-25,1382.0058512029284,1382.0058512029284,1365.5742579702844,1371.72509765625,7000570,INFY.NS
2022-04-26,1385.8719894508067,1398.8766646653621,1376.5140121457584,1389.2110595703125,5345435,INFY.NS
2022-04-27,1381.9619804602605,1381.9619804602605,1362.279270492614,1364.43212890625,8819356,INFY.NS
2022-04-28,1379.545574627146,1407.4880056040677,1368.517954039761,1390.6170654296875,9245177,INFY.NS
2022-04-29,1397.1194023690618,1403.533892844543,1371.4616549914167,1377.392822265625,9831395,INFY.NS
2022-05-02,1362.7624202077359,1364.387977733773,1345.2764410950936,1354.0633544921875,7072627,INFY.NS
2022-05-04,1359.5553049527848,1379.545534836563,1344.5297030639988,1349.274658203125,6220959,INFY.NS
2022-05-05,1370.8027740485338,1396.5923491853584,1368.5180902445354,1392.85791015625,6144870,INFY.NS
2022-05-06,1361.9718748919518,1372.3843480959538,1348.8354793905958,1355.689208984375,6171472,INFY.NS
2022-05-09,1353.1846449249074,1394.3074419742286,1337.5000261747937,1379.8529052734375,6832202,INFY.NS
2022-05-10,1369.0013676905587,1378.7987994444961,1358.50104708842,1364.60791015625,6212545,INFY.NS
2022-05-11,1361.9274642758544,1361.9274642758544,1328.2296761857892,1341.5418701171875,7846080,INFY.NS
2022-05-12,1330.3388057853947,1342.201139918884,1321.8155419424827,1325.7696533203125,7034979,INFY.NS
2022-05-13,1334.9959664754047,1343.7389035215306,1316.3676433280884,1321.9034423828125,6723761,INFY.NS
2022-05-16,1326.8240224148346,1328.4495800627174,1299.2770683025562,1308.4593505859375,6145331,INFY.NS
2022-05-17,1313.556023795679,1340.0046180837876,1301.2543420558934,1334.2491455078125,6516378,INFY.NS
2022-05-18,1337.3682641118933,1361.70797213733,1322.694161149026,1326.1209716796875,6594126,INFY.NS
2022-05-19,1301.3419230322806,1304.5930382065774,1245.676846021442,1254.0244140625,16561140,INFY.NS
2022-05-20,1276.7384777715263,1288.820483325111,1271.2026795948527,1278.627685546875,10488908,INFY.NS
2022-05-23,1278.5839899389152,1307.4929619615978,1274.1466621873956,1290.2706298828125,5887569,INFY.NS
2022-05-24,1290.446197671662,1291.2810188777573,1261.1418602736273,1266.1943359375,5693167,INFY.NS
2022-05-25,1260.9221361098096,1267.5123214901744,1229.5089191300704,1239.3502197265625,9630092,INFY.NS
2022-05-26,1245.9844752652336,1256.5287726581694,1236.3628467990359,1251.212646484375,13040065,INFY.NS
2022-05-27,1268.7865520688702,1289.0404341053775,1263.0311870850603,1284.0758056640625,8284860,INFY.NS
2022-05-30,1306.6139803923168,1344.3977067923636,1304.856597769059,1341.5859375,10904213,INFY.NS
2022-05-31,1341.49726302402,1347.9796856356543,1321.4729921530693,1335.1925048828125,16033857,INFY.NS
2022-06-01,1343.5395760270444,1345.0935709100895,1307.2204739379727,1312.9481201171875,8738508,INFY.NS
2022-06-02,1317.78779937987,1344.2944932066457,1310.3286014773466,1339.0997314453125,7205840,INFY.NS
2022-06-03,1354.1067924628962,1380.835483354974,1347.9795908249841,1351.26513671875,9395707,INFY.NS
2022-06-06,1346.2036506605543,1364.496369880414,1325.779716646575,1358.6800537109375,6624883,INFY.NS
2022-06-07,1349.622374002398,1349.622374002398,1334.304423990545,1337.9451904296875,4904592,INFY.NS
2022-06-08,1349.933350358208,1349.933350358208,1324.8918717447916,1331.995849609375,4697608,INFY.NS
2022-06-09,1318.6758791479733,1347.0473471279781,1315.5678888604193,1345.3157958984375,4361061,INFY.NS
2022-06-10,1319.6523502188877,1326.62310514879,1308.5523874648798,1311.39404296875,6516436,INFY.NS
2022-06-13,1281.912503994141,1281.912503994141,1253.585376766595,1264.9517822265625,6987685,INFY.NS
2022-06-14,1252.075869762069,1286.618977493986,1245.9931115070253,1279.2042236328125,6090247,INFY.NS
2022-06-15,1278.8933715213977,1284.3990185434857,1259.9346552426048,1262.909423828125,4651958,INFY.NS
2022-06-16,1276.93979675799,1282.0457799508679,1236.0919312149667,1240.70947265625,6641772,INFY.NS
2022-06-17,1235.248691056397,1240.4877884228918,1214.0255338460886,1231.918701171875,9692047,INFY.NS
2022-06-20,1234.360640156729,1263.0428867444693,1227.2122188224364,1255.7613525390625,4595194,INFY.NS
2022-06-21,1264.5081721606446,1292.9240861417825,1263.3981755207562,1287.50732421875,6270787,INFY.NS
2022-06-22,1275.2082505737685,1296.1205167768,1274.2758102801847,1276.2738037109375,6253366,INFY.NS
2022-06-23,1278.5381645462396,1294.6996671000559,1272.4997413953224,1289.771240234375,6254281,INFY.NS
2022-06-24,1294.6999234508755,1303.1358968889983,1268.8592264937179,1279.6927490234375,6114340,INFY.NS
2022-06-27,1303.6242355705597,1317.7877464947417,1301.049022203048,1309.4405517578125,4511097,INFY.NS
2022-06-28,1304.4677073865423,1321.561651135481,1290.2597541406712,1314.368896484375,4412178,INFY.NS
2022-06-29,1300.649368901304,1311.5717770934775,1293.8118342756918,1299.36181640625,5060038,INFY.NS
2022-06-30,1300.9602987057103,1316.01180739461,1292.035883778109,1298.1630859375,9165177,INFY.NS
2022-07-01,1291.147733707834,1318.6756427483724,1280.8025462113708,1313.702880859375,4651635,INFY.NS
2022-07-04,1314.4577439626057,1325.1137094600226,1298.2517964352844,1321.3397216796875,4800224,INFY.NS
2022-07-05,1330.9301027704544,1340.831183761111,1307.1317370251647,1310.6392822265625,7379669,INFY.NS
2022-07-06,1316.1892947506883,1331.9956869281368,1305.3557731895742,1324.5809326171875,5209162,INFY.NS
2022-07-07,1334.7043054068324,1344.3833886802468,1328.177438923174,1330.8414306640625,3323472,INFY.NS
2022-07-08,1345.315590195814,1347.0471411605954,1331.9511906435466,1344.8271484375,3652582,INFY.NS
2022-07-11,1327.555545243658,1331.906752322399,1302.1588521446984,1308.15283203125,4702638,INFY.NS
2022-07-12,1298.0742548130895,1304.1125702899615,1275.1638853794875,1277.47265625,4710356,INFY.NS
2022-07-13,1287.5959081661404,1296.4758799465965,1277.4727186568018,1282.66748046875,5264025,INFY.NS
2022-07-14,1288.4838556808252,1290.215406752036,1255.6279613595361,1268.814697265625,6157606,INFY.NS
2022-07-15,1284.043782478867,1284.043782478867,1252.6531072631665,1270.1466064453125,5620018,INFY.NS
2022-07-18,1287.5957507176618,1326.3124012665216,1285.8641997914458,1323.02685546875,5835171,INFY.NS
2022-07-19,1306.7322778541525,1320.3185695057068,1305.4446169198009,1317.9210205078125,3418540,INFY.NS
2022-07-20,1333.10587067717,1354.906246509433,1331.995874115407,1345.582275390625,5079392,INFY.NS
2022-07-21,1347.0916394538826,1363.475143060979,1334.7484577291702,1361.2108154296875,5008061,INFY.NS
2022-07-22,1362.1876887519136,1367.515671889144,1325.0250280493503,1337.5902099609375,7020642,INFY.NS
2022-07-25,1314.3245716730378,1347.224909731089,1314.3245716730378,1335.1925048828125,7859626,INFY.NS
2022-07-26,1329.0209351127858,1329.0209351127858,1283.1558613643324,1288.6170654296875,7268273,INFY.NS
2022-07-27,1288.483822375233,1308.019759034265,1283.1558396500427,1306.2882080078125,4517285,INFY.NS
2022-07-28,1328.7990796128186,1353.7073369309664,1322.982654384117,1347.447021484375,6636841,INFY.NS
2022-07-29,1361.122085160738,1381.457133330871,1356.859655449305,1376.129150390625,7009465,INFY.NS
2022-08-01,1388.8275224964943,1388.8275224964943,1365.6508188965988,1377.3280029296875,2983249,INFY.NS
2022-08-02,1373.332181323211,1373.731736723845,1357.1705664405404,1370.7125244140625,4374635,INFY.NS
2022-08-03,1375.5075317485316,1394.1554711718493,1367.4267796780443,1390.6922607421875,6011955,INFY.NS
2022-08-04,1409.6953575514096,1424.2140880582285,1398.5509508931095,1420.70654296875,7402209,INFY.NS
2022-08-05,1428.2545901627868,1443.6168753071975,1422.8378294078434,1435.58056640625,5361971,INFY.NS
2022-08-08,1435.8912463134488,1440.331231614356,1417.2433080496378,1438.0224609375,3763409,INFY.NS
2022-08-10,1439.6210168307325,1439.6210168307325,1410.22833119954,1422.9710693359375,4423829,INFY.NS
2022-08-11,1447.4354013336217,1448.6341758452916,1435.0034408313697,1438.510986328125,3462090,INFY.NS
2022-08-12,1432.6057616654232,1433.2273162748345,1412.0486071656317,1415.55615234375,3562286,INFY.NS
2022-08-16,1428.787474466892,1428.787474466892,1412.8923031334775,1417.64306640625,3004430,INFY.NS
2022-08-17,1417.6428006795595,1431.4511977140078,1407.4752781493191,1426.34521484375,4067324,INFY.NS
2022-08-18,1415.5562190867397,1419.1969856808453,1397.7074982537147,1405.655029296875,4635706,INFY.NS
2022-08-19,1407.7417924309402,1425.1465132491517,1407.5641279788495,1418.2200927734375,4739884,INFY.NS
2022-08-22,1408.3632325603467,1419.9071934829724,1397.707268631769,1399.1724853515625,3950555,INFY.NS
2022-08-23,1374.619368009142,1380.3913485595679,1361.2994128927742,1369.6466064453125,5551574,INFY.NS
2022-08-24,1363.0755394912346,1372.8435075266768,1359.5235511147102,1365.2955322265625,2888426,INFY.NS
2022-08-25,1374.6196086818957,1375.2411633369209,1344.205705841227,1348.1129150390625,4331088,INFY.NS
2022-08-26,1363.2089425597997,1371.9112502041487,1347.491326858414,1351.1322021484375,3079136,INFY.NS
2022-08-29,1304.068208908207,1304.068208908207,1287.5958190364718,1298.02978515625,8079050,INFY.NS
2022-08-30,1308.1085087048089,1328.5324420418817,1301.8037509629814,1325.7352294921875,6725875,INFY.NS
2022-09-01,1296.5202209856338,1303.668532666685,1288.5282470130728,1300.205322265625,8140604,INFY.NS
2022-09-02,1312.4596927692705,1312.4596927692705,1285.819780196146,1290.259765625,5175653,INFY.NS
2022-09-05,1288.4838352280558,1302.6917893036236,1284.3546268952266,1297.6302490234375,3669352,INFY.NS
2022-09-06,1297.6302811685841,1305.3558130293177,1283.5554395953404,1292.1246337890625,3428442,INFY.NS
2022-09-07,1278.7159876557116,1301.581915907194,1276.9844364483333,1294.38916015625,3600574,INFY.NS
2022-09-08,1309.7958736116145,1315.2126348669317,1299.672683824082,1310.5950927734375,4061475,INFY.NS
2022-09-09,1321.33978765346,1349.7556970653623,1314.2358103004844,1342.3409423828125,4816910,INFY.NS
2022-09-12,1354.9060300810474,1372.7547502634757,1350.7768218512558,1364.14111328125,5494819,INFY.NS
2022-09-13,1378.0827779506399,1379.0595531212691,1368.6700299824238,1371.9111328125,4947158,INFY.NS
2022-09-14,1329.3315936480085,1331.06314454904,1307.1316672343812,1310.15087890625,14332197,INFY.NS
2022-09-15,1309.7958248853374,1309.9733809599834,1268.9923983100107,1272.3223876953125,12784100,INFY.NS
2022-09-16,1265.395822315344,1265.395822315344,1215.0907667170163,1222.81640625,20464045,INFY.NS
2022-09-19,1236.0919491545515,1248.5239084132897,1225.9687606499624,1234.5823974609375,6595241,INFY.NS
2022-09-20,1250.255623540864,1255.2284946157747,1229.9649090518215,1233.028564453125,7219797,INFY.NS
2022-09-21,1225.3472325735095,1233.250428524418,1215.1352658184694,1222.9940185546875,7917054,INFY.NS
2022-09-22,1213.3149439431238,1228.9436728727633,1207.676183442698,1214.7357177734375,9168498,INFY.NS
2022-09-23,1214.3360624565184,1238.5784272088517,1209.4520782930736,1212.515625,10426200,INFY.NS
2022-09-26,1207.676258829922,1242.7077069492407,1203.2362725842238,1225.658203125,9414587,INFY.NS
2022-09-27,1237.3796194234526,1248.9680259096867,1223.6601064369345,1237.468505859375,8561254,INFY.NS
2022-09-28,1224.5479909555759,1248.3906912173352,1222.7719967699986,1238.489501953125,7022098,INFY.NS
2022-09-29,1247.5470517617227,1251.9425937102772,1236.9798654027875,1241.9970703125,6119965,INFY.NS
2022-09-30,1233.3837161802428,1260.334518980672,1221.8841953463611,1255.1396484375,8120130,INFY.NS
2022-10-03,1253.8519436659194,1253.8519436659194,1230.7640183576234,1237.64599609375,4943169,INFY.NS
2022-10-04,1260.6897059969506,1271.8341153169033,1255.628164816269,1269.3033447265625,6631341,INFY.NS
2022-10-06,1283.1558746803535,1296.2982757871803,1282.3566555701389,1292.1690673828125,6180672,INFY.NS
2022-10-07,1284.3546126015165,1294.5665794796807,1278.8490738177404,1288.661376953125,3994466,INFY.NS
2022-10-10,1266.5946414154234,1300.9157509967636,1266.5946414154234,1298.8289794921875,5274677,INFY.NS
2022-10-11,1298.829113538426,1313.925065790571,1261.0447896892608,1264.3304443359375,12824774,INFY.NS
2022-10-12,1276.0518156752744,1279.6925820570834,1255.2283273173289,1268.681396484375,5481467,INFY.NS
2022-10-13,1270.7236882341983,1276.8952239338298,1256.5157364440186,1260.866943359375,4821514,INFY.NS
2022-10-14,1318.6758527906138,1326.6678276560115,1302.913902361635,1309.1298828125,14990688,INFY.NS
2022-10-17,1311.4829914797187,1327.55571795731,1310.2397738100408,1323.0712890625,4286396,INFY.NS
2022-10-18,1340.8755527341007,1341.7191065769207,1329.553590285518,1335.2811279296875,4692004,INFY.NS
2022-10-19,1335.547831397756,1336.391385405423,1315.390337674064,1319.075439453125,3553171,INFY.NS
2022-10-20,1309.7956544303293,1335.5475689920102,1309.0852134280171,1332.7947998046875,4583939,INFY.NS
2022-10-21,1332.262019144321,1337.323558976435,1324.3143804980116,1332.4395751953125,3594485,INFY.NS
2022-10-24,1348.423655366755,1351.3540892842454,1341.7636768252662,1347.846435546875,982837,INFY.NS
2022-10-25,1356.9483052781436,1361.2107345868535,1350.6879909536958,1355.3499755859375,3914341,INFY.NS
2022-10-27,1374.201834673,1377.8823898027329,1357.7738493894442,1368.052490234375,6760137,INFY.NS
2022-10-28,1369.892717518689,1371.6431919026134,1352.8363861734367,1358.447021484375,3053981,INFY.NS
2022-10-31,1373.7079380791174,1388.205841518274,1373.7079380791174,1380.3509521484375,4542336,INFY.NS
2022-11-01,1394.1758534859791,1413.8803645750556,1388.8344619146062,1412.0849609375,4542692,INFY.NS
2022-11-02,1411.1870015279026,1411.8602777690894,1386.9490568451713,1394.4000244140625,2938906,INFY.NS
2022-11-03,1381.3384738631173,1385.9616594777258,1365.9877968987141,1374.1568603515625,3174027,INFY.NS
2022-11-04,1364.9104934069014,1364.9104934069014,1347.5849165055247,1359.120361328125,4509682,INFY.NS
2022-11-07,1365.763237456549,1371.598297862103,1338.5628351175721,1353.240234375,4898592,INFY.NS
2022-11-09,1372.5856991457824,1372.5856991457824,1347.5398034514983,1356.6065673828125,3334755,INFY.NS
2022-11-10,1333.0870997451718,1357.3250470132657,1333.0870997451718,1348.3031005859375,3435763,INFY.NS
2022-11-11,1388.430263614367,1412.5335307351531,1388.430263614367,1409.4813232421875,7214098,INFY.NS
2022-11-14,1414.0148924987643,1428.602545514008,1408.000225198226,1423.1265869140625,4908813,INFY.NS
2022-11-15,1416.4386189277827,1434.392653098893,1411.8603621306952,1430.9365234375,3497614,INFY.NS
2022-11-16,1433.764388917107,1444.4021328641024,1430.4877555742369,1438.83642578125,4497697,INFY.NS
2022-11-17,1433.8090069491304,1438.8362237690626,1421.0167586560885,1425.0115966796875,3469515,INFY.NS
2022-11-18,1428.8717905380126,1434.527355233414,1414.3290664394517,1430.39794921875,3126064,INFY.NS
2022-11-21,1420.2537091834579,1425.4154934915452,1404.0502607137878,1407.775634765625,3071764,INFY.NS
2022-11-22,1408.4939437323687,1425.5502757469735,1402.2100319375143,1422.902099609375,3399329,INFY.NS
2022-11-23,1426.3583182139566,1429.141171694554,1417.7404034167669,1421.196533203125,3245067,INFY.NS
2022-11-24,1426.4480659668009,1468.6400477795382,1422.6328335688406,1463.0743408203125,5282215,INFY.NS
2022-11-25,1464.510573443889,1475.8215929330347,1448.7110454604212,1468.3258056640625,4563255,INFY.NS
2022-11-28,1461.4583854460668,1484.3497790755966,1454.276771758371,1457.3289794921875,3825766,INFY.NS
2022-11-29,1455.3538334700106,1471.1085408527335,1449.8330561316118,1462.40087890625,3131710,INFY.NS
2022-11-30,1454.2319828051793,1477.3927330102415,1448.127676332754,1467.697509765625,11868134,INFY.NS
2022-12-01,1486.7735894799405,1501.49592004661,1483.2726403329877,1487.58154296875,5407928,INFY.NS
2022-12-02,1486.5939592971272,1491.8006727944214,1466.799593723397,1470.3455810546875,4283343,INFY.NS
2022-12-05,1470.4353696971718,1476.5846043633042,1457.2391986740056,1472.00634765625,3824966,INFY.NS
2022-12-06,1458.7653676788182,1459.6630694435437,1443.1005157174536,1447.9031982421875,4822398,INFY.NS
2022-12-07,1443.5042639072717,1457.6879939155688,1433.3601913539392,1441.260009765625,4898087,INFY.NS
2022-12-08,1441.260146588349,1457.7778805554876,1434.976234395189,1454.4114990234375,4206837,INFY.NS
2022-12-09,1461.4584776596478,1461.4584776596478,1401.4022074903794,1408.763427734375,8880658,INFY.NS
2022-12-12,1391.437558650479,1405.7558561467295,1373.5284545512598,1388.9239501953125,8037679,INFY.NS
2022-12-13,1388.9241738714206,1416.1245821024263,1383.4931437594348,1411.3218994140625,6135067,INFY.NS
2022-12-14,1420.164080614015,1425.9991416279158,1412.0847653639985,1417.830078125,4976020,INFY.NS
2022-12-15,1408.7632757795202,1409.3916231159728,1378.1964900565588,1382.909423828125,6443866,INFY.NS
2022-12-16,1368.9949315397396,1390.9886206038207,1357.369739724668,1366.4813232421875,9630453,INFY.NS
2022-12-19,1353.6893559876567,1361.7238526722738,1342.1090906861166,1353.1507568359375,6222740,INFY.NS
2022-12-20,1347.4502703396117,1360.9157960258838,1330.797859741164,1353.1058349609375,7396259,INFY.NS
2022-12-21,1360.0179181471094,1365.4041277239296,1348.6619710394373,1355.12548828125,6236361,INFY.NS
2022-12-22,1365.8531440573202,1373.4386796309227,1357.100552434212,1366.346923828125,6302640,INFY.NS
2022-12-23,1354.362536751784,1355.4398445619386,1340.2686636264464,1343.94921875,6283822,INFY.NS
2022-12-26,1347.0012542188153,1355.4396711967759,1343.2757706528168,1348.7069091796875,4115459,INFY.NS
2022-12-27,1355.484662525693,1365.8082322618604,1344.3083199922382,1359.8834228515625,4860076,INFY.NS
2022-12-28,1351.1307473515324,1368.9501033965662,1345.2059383085596,1355.6641845703125,5029860,INFY.NS
2022-12-29,1350.1433491771486,1365.673632332556,1347.4502440923538,1362.3072509765625,4624745,INFY.NS
2022-12-30,1371.688234257162,1373.8427403112848,1350.1883218006867,1353.9136962890625,5060544,INFY.NS
2023-01-02,1359.1202737002234,1370.341544123772,1350.1881862761663,1368.0972900390625,3801140,INFY.NS
2023-01-03,1364.3720378650721,1375.8626645617423,1360.1079543805422,1366.7958984375,4551130,INFY.NS
2023-01-04,1365.4042617792377,1365.4042617792377,1338.5629595029297,1341.884521484375,7059590,INFY.NS
2023-01-05,1351.8489350836053,1351.8489350836053,1318.948147732721,1324.2894287109375,9868404,INFY.NS
2023-01-06,1319.6213856737572,1324.109893788294,1298.5253975354353,1300.32080078125,6443714,INFY.NS
2023-01-09,1300.051455589557,1336.9918995481128,1300.051455589557,1332.5931396484375,11498717,INFY.NS
2023-01-10,1330.3939407278556,1332.0995959017448,1305.3032216437111,1319.3970947265625,7158624,INFY.NS
2023-01-11,1319.6214032298747,1341.166242466281,1314.2351934207732,1320.7435302734375,6173092,INFY.NS
2023-01-12,1330.348960311909,1333.0869942679058,1306.1559438786553,1329.1370849609375,6591385,INFY.NS
2023-01-13,1331.7403914839063,1363.9679024832087,1317.8260159746374,1349.8291015625,11610426,INFY.NS
2023-01-16,1355.5295931085607,1371.6882240197885,1348.617333718516,1369.4439697265625,6073063,INFY.NS
2023-01-17,1370.790568972145,1384.4355917064236,1368.0974637285847,1382.0118408203125,5922644,INFY.NS
2023-01-18,1386.7248215371396,1393.098482244262,1382.1016354639867,1387.308349609375,5843098,INFY.NS
2023-01-19,1382.370968365605,1391.0338123051622,1370.0275691100205,1381.4732666015625,6165284,INFY.NS
2023-01-20,1380.6653571577747,1386.9492697066073,1368.0975320601096,1369.489013671875,6496429,INFY.NS
2023-01-23,1377.9720899793838,1394.4000746897525,1371.777926420586,1389.6422119140625,4855020,INFY.NS
2023-01-24,1400.4145497993616,1408.3143680159328,1391.213108045872,1393.1431884765625,5200802,INFY.NS
2023-01-25,1388.744493228618,1396.8238083152746,1381.338454399183,1385.1536865234375,4158617,INFY.NS
2023-01-27,1387.8467984858346,1392.2903779726057,1353.1955355242728,1363.7435302734375,6209955,INFY.NS
2023-01-30,1372.4062845546568,1386.0513053859913,1364.5064664421677,1381.38330078125,6964719,INFY.NS
2023-01-31,1390.450178190422,1390.450178190422,1358.2226654027863,1376.8499755859375,9448126,INFY.NS
2023-02-01,1384.4354819888624,1395.9710362007636,1371.7330909295972,1392.425048828125,6194199,INFY.NS
2023-02-02,1393.23283839779,1424.6074644757896,1393.23283839779,1421.73486328125,6916834,INFY.NS
2023-02-03,1434.0784025458154,1440.4969913344742,1412.084711865144,1435.7840576171875,7040194,INFY.NS
2023-02-06,1434.5272821728975,1434.5272821728975,1401.8509191605494,1409.2569580078125,4570612,INFY.NS
2023-02-07,1408.4939008206854,1414.822741340062,1396.0158258630909,1402.569091796875,4336238,INFY.NS
2023-02-08,1405.3520131355485,1439.0158269283195,1405.3520131355485,1427.7945556640625,7983338,INFY.NS
2023-02-09,1432.9113793663391,1454.0522977867906,1423.79979497045,1451.5836181640625,6904911,INFY.NS
2023-02-10,1447.9478465069383,1450.955234729636,1433.1357691390035,1443.998046875,4786762,INFY.NS
2023-02-13,1433.6294203908712,1433.6294203908712,1405.8006714665648,1407.102294921875,4001199,INFY.NS
2023-02-14,1422.5876690783793,1432.7317409015575,1416.7077894001222,1430.2630615234375,5043736,INFY.NS
2023-02-15,1421.9595093920875,1435.4250350492096,1414.7778957082892,1433.674560546875,3465747,INFY.NS
2023-02-16,1436.3226917714796,1449.2944372484508,1434.3926112378667,1437.9385986328125,4290289,INFY.NS
2023-02-17,1430.9365430163343,1431.8342447371726,1414.3290611808247,1421.780029296875,2857734,INFY.NS
2023-02-20,1422.8121596263827,1439.0157179378093,1420.6128344582553,1429.544921875,2417716,INFY.NS
2023-02-21,1435.1556281819492,1437.80391388057,1414.7778439330089,1417.9197998046875,2723288,INFY.NS
2023-02-22,1403.1077157532914,1413.8801358358503,1396.1954567000723,1402.030517578125,3656244,INFY.NS
2023-02-23,1409.256926645148,1409.256926645148,1389.7768444892642,1392.06591796875,4766854,INFY.NS
2023-02-24,1400.4146068720393,1408.4939219116857,1386.9490818059621,1392.0211181640625,2790986,INFY.NS
2023-02-27,1382.4605194389667,1382.4605194389667,1348.3478572709923,1354.901123046875,4920268,INFY.NS
2023-02-28,1360.5566878842833,1368.0974041544362,1329.7655850233577,1335.376220703125,9679811,INFY.NS
2023-03-01,1339.7299588712954,1347.3154939495362,1329.9449890099597,1343.006591796875,5125043,INFY.NS
2023-03-02,1333.0869580251103,1336.3186620674148,1317.197682560526,1321.551513671875,4644499,INFY.NS
2023-03-03,1334.6578035381822,1337.3958371481567,1322.3144070030216,1327.969970703125,4615015,INFY.NS
2023-03-06,1341.6599713901492,1364.8655358556944,1340.40316723241,1353.240234375,6561742,INFY.NS
2023-03-08,1338.069174718111,1342.9616046452634,1329.5858287787105,1339.9991455078125,4137080,INFY.NS
2023-03-09,1342.0638181835122,1345.0710964615623,1323.7506846342324,1328.9573974609375,5104656,INFY.NS
2023-03-10,1310.6443201947616,1323.4814967530424,1308.5347433767442,1321.0128173828125,3699580,INFY.NS
2023-03-13,1314.4147222773474,1327.0724033065608,1281.9179661287412,1288.2916259765625,8798403,INFY.NS
2023-03-14,1293.5881864305952,1300.1862721963982,1266.6571346659055,1274.7364501953125,7402784,INFY.NS
2023-03-15,1290.8950455008883,1295.2488768323813,1271.9086326160925,1274.4222412109375,7556182,INFY.NS
2023-03-16,1272.7614692311392,1272.7614692311392,1255.615279699322,1260.462890625,7323117,INFY.NS
2023-03-17,1283.713538506324,1295.2939133226835,1267.0163074045372,1275.3648681640625,9090018,INFY.NS
2023-03-20,1274.4668824223245,1274.4668824223245,1243.1820044445224,1260.058837890625,8221829,INFY.NS
2023-03-21,1255.8846837960104,1261.2708940195814,1247.8053684606537,1248.4337158203125,8536755,INFY.NS
2023-03-22,1259.4753551088436,1263.2905869400715,1240.758298512187,1247.1319580078125,8356487,INFY.NS
2023-03-23,1242.3742213827816,1242.3742213827816,1229.851326526063,1233.9359130859375,7607718,INFY.NS
2023-03-24,1246.009705325728,1255.8394931016637,1236.5838393992724,1239.41162109375,7559127,INFY.NS
2023-03-27,1244.4389202610448,1252.9670859905164,1233.5318232273341,1246.8626708984375,4170193,INFY.NS
2023-03-28,1249.6905026499728,1254.9869645456447,1235.1028501650894,1236.673828125,6633366,INFY.NS
2023-03-29,1237.9306721291487,1247.7156427956638,1224.9589261056296,1242.0152587890625,8813966,INFY.NS
2023-03-31,1260.37313586201,1283.6684502024389,1251.3063709749888,1281.873046875,8711975,INFY.NS
2023-04-03,1288.2018554237902,1288.2018554237902,1261.4054833442367,1266.5223388671875,5242764,INFY.NS
2023-04-05,1256.7821801960295,1281.4689730213086,1256.7821801960295,1277.923095703125,7506334,INFY.NS
2023-04-06,1271.1455548730469,1282.277077411361,1266.073518560293,1276.4420166015625,6948465,INFY.NS
2023-04-10,1278.2820832335972,1287.3040276790762,1270.247698163105,1281.5587158203125,4993788,INFY.NS
2023-04-11,1282.7260596530837,1286.7207886297933,1246.9077377115614,1262.3033447265625,6942255,INFY.NS
2023-04-12,1268.497547814503,1285.0601018714028,1256.7824957177534,1282.1875,5831169,INFY.NS
2023-04-13,1265.5348481010121,1266.7019040302373,1241.5213299689306,1247.0870361328125,11267238,INFY.NS
2023-04-17,1122.3963899019734,1132.136430654267,1064.0457840517952,1129.5780029296875,53171705,INFY.NS
2023-04-18,1140.0361230223534,1140.0361230223534,1124.9098727143887,1130.5205078125,12430884,INFY.NS
2023-04-19,1126.0321873055573,1126.0321873055573,1103.6345720960464,1106.1480712890625,11307230,INFY.NS
2023-04-20,1104.801447731595,1111.2200368576048,1096.4528876003903,1098.248291015625,8621249,INFY.NS
2023-04-21,1102.467587891287,1107.0907742004015,1095.1962250350616,1101.7943115234375,8691352,INFY.NS
2023-04-24,1102.3777336910266,1104.1731371660935,1093.4007163156925,1100.8516845703125,8313774,INFY.NS
2023-04-25,1100.537247505562,1109.110341734084,1090.7074586862907,1099.5947265625,6808576,INFY.NS
2023-04-26,1102.3776768107684,1106.8661852668383,1095.6898430443146,1101.9737548828125,5680192,INFY.NS
2023-04-27,1104.1729691026203,1120.152101431663,1100.0435636550399,1118.7606201171875,8020704,INFY.NS
2023-04-28,1127.2440014255426,1130.2064609226888,1117.5937079744554,1124.5958251953125,10118277,INFY.NS
2023-05-02,1126.2116409241175,1148.833678512012,1126.2116409241175,1146.7689208984375,8886401,INFY.NS
2023-05-03,1136.4903330105763,1142.3253939620522,1132.9892745231455,1139.318115234375,5549783,INFY.NS
2023-05-04,1139.13855083866,1145.2878952710685,1133.3484185926052,1143.26806640625,4505401,INFY.NS
2023-05-05,1148.1604275980321,1148.1604275980321,1125.9423114267645,1130.296142578125,5373791,INFY.NS
2023-05-08,1133.303321607686,1140.3503667127331,1126.7949851195513,1136.131103515625,5260842,INFY.NS
2023-05-09,1136.49019700518,1141.8764064696595,1131.732334811805,1140.7093505859375,4969897,INFY.NS
2023-05-10,1145.8264050289897,1145.8264050289897,1130.3410516063245,1134.0216064453125,6515734,INFY.NS
2023-05-11,1140.3056511286572,1145.377687946898,1124.8652248185404,1127.6031494140625,6888461,INFY.NS
2023-05-12,1125.1342831512181,1127.513214317715,1112.2972159671344,1117.8179931640625,8292212,INFY.NS
2023-05-15,1122.0373891886634,1139.0937216777986,1118.2221569213568,1129.6229248046875,5534710,INFY.NS
2023-05-16,1135.5925807167341,1143.6269666049225,1133.5727520158546,1134.9642333984375,5236469,INFY.NS
2023-05-17,1131.642583960043,1131.9567575948706,1115.3492784510368,1119.3441162109375,10465667,INFY.NS
2023-05-18,1129.8471504412532,1130.7897809031113,1115.349248472607,1118.5361328125,6948732,INFY.NS
2023-05-19,1127.5583046568154,1143.0436595385552,1124.6407740269224,1139.09375,11094136,INFY.NS
2023-05-22,1142.7293613064382,1163.0623271928262,1140.3056104941186,1160.548828125,7625947,INFY.NS
2023-05-23,1166.2941167921063,1179.7148242453716,1164.364145617976,1167.0572509765625,7436031,INFY.NS
2023-05-24,1163.6907159656682,1171.500676643536,1159.202207626038,1165.80029296875,4824077,INFY.NS
2023-05-25,1162.0747750049484,1173.2960455245018,1157.361841386736,1170.9171142578125,4334121,INFY.NS
2023-05-26,1172.398361832931,1188.063211884976,1172.398361832931,1182.677001953125,5521606,INFY.NS
2023-05-29,1196.3669615854992,1196.3669615854992,1175.8545005172648,1179.9390869140625,4419365,INFY.NS
2023-05-30,1180.4776039676979,1190.7114241239608,1175.2260715243845,1188.4222412109375,6274719,INFY.NS
2023-05-31,1184.8315574211917,1194.9307014660071,1179.7147016049091,1183.440185546875,17800782,INFY.NS
2023-06-01,1187.2554902181837,1193.4944735314186,1183.2606516913986,1184.5174560546875,4277841,INFY.NS
2023-06-02,1190.8857617337856,1194.4338775054596,1179.104315999841,1181.7880859375,10909311,INFY.NS
2023-06-05,1186.3368642798964,1191.2950529177192,1180.2414662246276,1186.791748046875,5002553,INFY.NS
2023-06-06,1172.3265202842344,1172.3265202842344,1158.134167776339,1163.5927734375,10008100,INFY.NS
2023-06-07,1174.0549594386935,1177.2391456905614,1166.7768194344242,1172.644775390625,5397578,INFY.NS
2023-06-08,1170.1429253728747,1175.4196213460507,1165.5031332892086,1167.0498046875,5034942,INFY.NS
2023-06-09,1166.7767889359425,1166.7767889359425,1149.9460906160089,1151.7200927734375,5339073,INFY.NS
2023-06-12,1158.5890989066725,1178.7858962557063,1158.1342150829948,1175.374267578125,4785588,INFY.NS
2023-06-13,1182.6069242988215,1188.611368241848,1180.0141088524708,1187.1102294921875,4846587,INFY.NS
2023-06-14,1188.4749628140476,1188.7933592845616,1176.5114958499232,1183.0618896484375,3457981,INFY.NS
2023-06-15,1177.1938369363772,1177.1938369363772,1166.9135288571645,1170.6890869140625,6161155,INFY.NS
2023-06-16,1170.8708768960637,1184.0625068222432,1165.4578042106698,1175.101318359375,8536287,INFY.NS
2023-06-19,1177.2392578125,1182.2429795419966,1170.9164175038359,1177.2392578125,4451787,INFY.NS
2023-06-20,1177.239178669295,1187.24662145551,1174.6008306327171,1185.791015625,4009180,INFY.NS
2023-06-21,1182.652527885396,1186.155222525036,1178.1492219996196,1182.106689453125,4041529,INFY.NS
2023-06-22,1173.0541275854507,1173.0541275854507,1158.5888034699954,1165.9124755859375,6676607,INFY.NS
2023-06-23,1161.27275111336,1163.9110992338817,1149.354818354435,1150.85595703125,7239467,INFY.NS
2023-06-26,1155.6323120512568,1159.0439406048426,1148.3541711369407,1155.7232666015625,3403244,INFY.NS
2023-06-27,1164.502650447375,1166.3221858386987,1159.2259533902843,1163.7293701171875,3240024,INFY.NS
2023-06-28,1173.600249850804,1179.695648586696,1165.7762703962558,1176.64794921875,5662358,INFY.NS
2023-06-30,1190.1578094473005,1218.0877385740087,1186.7461812925758,1214.9945068359375,12821692,INFY.NS
2023-07-03,1209.9908380904787,1224.5471188494619,1208.5806539697087,1213.35693359375,7732412,INFY.NS
2023-07-04,1223.0004015356342,1224.5469617456158,1211.2643794682608,1223.773681640625,5797775,INFY.NS
2023-07-05,1235.3280854218515,1235.4190399833903,1219.9985214389094,1225.7301025390625,5414936,INFY.NS
2023-07-06,1221.4084327344483,1225.8662047537898,1216.495665897886,1222.6365966796875,5963897,INFY.NS
2023-07-07,1213.6300129632032,1224.365315371182,1205.7605007879629,1210.1728515625,6295647,INFY.NS
2023-07-10,1215.9499539497926,1220.817188493727,1200.2564625432983,1209.2176513671875,3940315,INFY.NS
2023-07-11,1213.129595917475,1229.0051076173486,1207.2616391546826,1226.91259765625,6126128,INFY.NS
2023-07-12,1229.0960058756348,1229.9148189122855,1207.26158386156,1212.9931640625,8102770,INFY.NS
2023-07-13,1214.4487694545699,1252.5680534152623,1210.7641663190607,1241.9237060546875,9977644,INFY.NS
2023-07-14,1256.0706748916025,1300.9676843031073,1256.0706748916025,1297.2830810546875,12833381,INFY.NS
2023-07-17,1297.2831359575227,1327.3054684043354,1286.684431680645,1294.5538330078125,11569884,INFY.NS
2023-07-18,1304.6066121862784,1344.5908499157708,1300.057774626354,1342.0889892578125,16743977,INFY.NS
2023-07-19,1351.9146708665796,1363.559740717556,1328.8975058703597,1341.8616943359375,13687062,INFY.NS
2023-07-20,1338.2681331891117,1338.2681331891117,1310.7021306189188,1318.7081298828125,8347221,INFY.NS
2023-07-21,1201.075039161913,1228.186155763225,1187.2466172377842,1211.4464111328125,45548305,INFY.NS
2023-07-24,1219.998361010124,1228.0953149237007,1213.8574296627578,1215.995361328125,8859789,INFY.NS
2023-07-25,1216.3593679271178,1221.681486555465,1204.7598302000642,1214.1759033203125,6801982,INFY.NS
2023-07-26,1221.8176532761424,1228.1860252589668,1218.5425127532374,1227.1397705078125,5528885,INFY.NS
2023-07-27,1236.0101907567564,1240.7410487249037,1225.5024420215238,1231.052001953125,9191861,INFY.NS
2023-07-28,1231.6889554588863,1240.7866322891853,1215.4496245279279,1219.5435791015625,6122735,INFY.NS
2023-07-31,1227.0489861059361,1235.0094521881804,1212.9475890459607,1233.371826171875,7902180,INFY.NS
2023-08-01,1239.1034366209878,1245.471809643269,1234.55459874793,1242.0146484375,6064652,INFY.NS
2023-08-02,1245.7447635687552,1248.1555587567932,1226.7760211098619,1234.4180908203125,7419145,INFY.NS
2023-08-03,1228.186323150697,1243.2430221271263,1227.2765555039189,1241.196044921875,6503741,INFY.NS
2023-08-04,1245.380890015176,1260.8469392172133,1239.1034713632262,1253.9781494140625,5712345,INFY.NS
2023-08-07,1262.6664818373094,1269.1258096249944,1252.7499927266074,1267.3062744140625,3729093,INFY.NS
2023-08-08,1267.1696952534337,1267.8065991644844,1259.482203966465,1264.7587890625,4161877,INFY.NS
2023-08-09,1259.1183508602219,1270.0355619948482,1257.7536994683937,1268.5799560546875,4090828,INFY.NS
2023-08-10,1266.0324754708959,1269.8535657391153,1260.5738702782457,1263.758056640625,3873025,INFY.NS
2023-08-11,1266.3962894397187,1270.8086393577535,1243.6976360016695,1248.064453125,5783517,INFY.NS
2023-08-14,1248.0644975682906,1269.125636980922,1242.3784508076233,1267.8065185546875,4304135,INFY.NS
2023-08-16,1283.5002048304689,1291.824489722674,1278.5874374632606,1290.50537109375,7735313,INFY.NS
2023-08-17,1291.8701096855618,1291.8701096855618,1279.1333621252818,1284.1826171875,5618346,INFY.NS
2023-08-18,1277.0408006474313,1281.589638878783,1261.0744450887594,1263.4853515625,5134103,INFY.NS
2023-08-21,1264.3493965362918,1280.042886077757,1261.9840232223223,1278.5872802734375,3032722,INFY.NS
2023-08-22,1277.9504163795991,1279.1786914005518,1270.626854331071,1277.086181640625,2890714,INFY.NS
2023-08-23,1288.230777273931,1288.7766155616553,1278.814705879977,1280.9071044921875,2559125,INFY.NS
2023-08-24,1293.2345299499723,1296.4642490688886,1286.820624510391,1295.14501953125,5171963,INFY.NS
2023-08-25,1285.50173125637,1294.1445242124462,1284.046125180156,1291.9610595703125,4307172,INFY.NS
2023-08-28,1291.9608968278883,1296.236871016697,1284.0459634347399,1287.9124755859375,3133464,INFY.NS
2023-08-29,1295.509057691945,1295.8729869417455,1287.594124022955,1289.7320556640625,3074444,INFY.NS
2023-08-30,1298.2384475504239,1307.0177276584382,1295.5091445772975,1305.653076171875,3070887,INFY.NS
2023-08-31,1305.653039664003,1314.5232740786394,1299.7395500542452,1305.9259033203125,9792735,INFY.NS
2023-09-01,1301.831847342556,1315.5238935615507,1299.32998654913,1313.56787109375,3582133,INFY.NS
2023-09-04,1312.7945503532342,1337.358273748617,1305.2434354057439,1332.900390625,4609014,INFY.NS
2023-09-05,1332.8094095252152,1346.5014550487228,1325.0763856474239,1345.4552001953125,5496840,INFY.NS
2023-09-06,1348.184640888555,1349.094408496813,1331.2629855860807,1344.1361083984375,5075786,INFY.NS
2023-09-07,1337.90412243496,1340.4515159698167,1330.1256765994524,1333.901123046875,4411743,INFY.NS
2023-09-08,1331.4448248574233,1341.679709913553,1328.442547485381,1336.994384765625,3125838,INFY.NS
2023-09-11,1336.9943110540305,1344.6819131501657,1332.3545189621761,1343.2261962890625,4182226,INFY.NS
2023-09-12,1348.7305652975347,1368.2905701230975,1343.8177976883615,1365.6522216796875,6793161,INFY.NS
2023-09-13,1369.2002453382354,1369.2002453382354,1354.3255672096375,1363.1502685546875,4804686,INFY.NS
2023-09-14,1369.200118850372,1376.068908054887,1363.878001064633,1370.97412109375,6444213,INFY.NS
2023-09-15,1381.0273694792074,1381.3912987705646,1372.8394601739947,1375.204833984375,8657816,INFY.NS
2023-09-18,1369.1092169496771,1369.1092169496771,1353.7341230453653,1357.1912841796875,3991916,INFY.NS
2023-09-20,1342.9989700048607,1360.193600922578,1342.9989700048607,1355.78125,4169337,INFY.NS
2023-09-21,1352.4149859666784,1368.790801746706,1342.8168939622524,1366.243408203125,6779195,INFY.NS
2023-09-22,1357.282291448548,1370.9742270619945,1351.1867819544711,1361.1488037109375,5455613,INFY.NS
2023-09-25,1355.417217832278,1355.417217832278,1338.7685376167728,1341.1339111328125,4217863,INFY.NS
2023-09-26,1345.682751173916,1346.3650768655104,1327.3509120486192,1328.85205078125,3996528,INFY.NS
2023-09-27,1324.6215850268404,1336.994401796738,1319.2085123948889,1334.6290283203125,3863586,INFY.NS
2023-09-28,1335.4480210194674,1339.7238847615324,1305.5166416581312,1309.5650634765625,5814602,INFY.NS
2023-09-29,1302.8782039633304,1316.251854791077,1288.2309672949007,1305.9259033203125,6068968,INFY.NS
2023-10-03,1306.4718796302209,1307.3361144764153,1292.143039127087,1304.6068115234375,4181867,INFY.NS
2023-10-04,1296.41872564626,1319.1173810169118,1290.2322620419864,1314.022705078125,4510406,INFY.NS
2023-10-05,1320.98237673146,1342.498399775706,1319.3447508504619,1331.399169921875,7384621,INFY.NS
2023-10-06,1336.9034978713848,1350.5500119701062,1331.2629831328265,1345.2733154296875,3598672,INFY.NS
2023-10-09,1332.7185470073355,1356.4634585781648,1330.2621079137662,1342.3165283203125,3567552,INFY.NS
2023-10-10,1350.0041284403374,1361.9220614766054,1336.5395238912695,1360.239013671875,5688951,INFY.NS
2023-10-11,1361.9220140294271,1381.254574348816,1347.7750842911132,1359.556640625,7220129,INFY.NS
2023-10-12,1357.2822909047482,1368.654385789573,1320.982541821264,1333.264404296875,11081662,INFY.NS
2023-10-13,1278.2234711912276,1308.2458018313064,1273.6746332154582,1302.013916015625,17973439,INFY.NS
2023-10-16,1302.8780961484347,1313.340423053773,1300.9676064898863,1304.7431640625,4850745,INFY.NS
2023-10-17,1310.2927452175127,1322.2106781963569,1308.2913009819003,1312.294189453125,3923764,INFY.NS
2023-10-18,1311.8849145317179,1322.8021260257406,1308.5642404911625,1310.5657958984375,4264837,INFY.NS
2023-10-19,1297.4195403384058,1309.746935628435,1297.4195403384058,1304.288330078125,6795691,INFY.NS
2023-10-20,1300.9674366269269,1308.7004598516323,1296.6460412954737,1298.465576171875,3928622,INFY.NS
2023-10-23,1296.9647063021316,1303.1056377818345,1278.4509573114844,1281.544189453125,2636516,INFY.NS
2023-10-25,1289.2389333048216,1292.5104566531788,1254.4967997562355,1262.560302734375,6940777,INFY.NS
2023-10-26,1248.7372916684367,1266.2004921783227,1246.940214740459,1252.7919921875,6357656,INFY.NS
2023-10-27,1256.6623976967833,1276.3373223697179,1256.6623976967833,1272.0521240234375,4634358,INFY.NS
2023-10-30,1272.0521334622172,1272.0521334622172,1256.155513264206,1269.0111083984375,2667696,INFY.NS
2023-10-31,1271.6835518717269,1272.7894712580314,1256.0634389161826,1261.039794921875,3451595,INFY.NS
2023-11-01,1265.3249033766447,1269.379603358429,1245.6038569027073,1247.90771484375,3090672,INFY.NS
2023-11-02,1262.5142118386507,1268.3199791238953,1254.819348447591,1262.6524658203125,3758060,INFY.NS
2023-11-03,1271.775812861255,1282.788209750896,1269.6562183795236,1280.0697021484375,3349045,INFY.NS
2023-11-06,1284.5391312922866,1296.8417109189295,1281.6823697767961,1293.20166015625,2736381,INFY.NS
2023-11-07,1290.1604881630135,1295.5976155760281,1285.4145181543718,1294.1231689453125,2272209,INFY.NS
2023-11-08,1294.7683051059266,1294.7683051059266,1277.6736323081873,1281.86669921875,3550635,INFY.NS
2023-11-09,1286.3821608724284,1287.8566074771882,1262.5602919196745,1266.9376220703125,5498051,INFY.NS
2023-11-10,1262.4681428598753,1265.4171487849635,1254.2203756878132,1261.4544677734375,2943649,INFY.NS
2023-11-13,1271.5914215374528,1273.9874114709824,1263.2975323492624,1265.7857666015625,3462092,INFY.NS
2023-11-15,1289.2389232333946,1303.062071087934,1283.7096640915788,1299.836669921875,8551860,INFY.NS
2023-11-16,1304.9972320134652,1339.3708365003445,1299.9287446892533,1331.5377197265625,6673907,INFY.NS
2023-11-17,1327.9898053316556,1337.1591147047359,1322.4605464148888,1324.764404296875,4901251,INFY.NS
2023-11-20,1328.8653942384274,1338.0808269307881,1321.170530438921,1323.8890380859375,3584210,INFY.NS
2023-11-21,1328.8653376978914,1336.2376835381015,1324.0272357402534,1326.1007080078125,3793135,INFY.NS
2023-11-22,1323.5202369954038,1344.4853438157159,1323.5202369954038,1343.4256591796875,3108786,INFY.NS
2023-11-23,1352.733312304696,1352.733312304696,1334.1180718038254,1335.5465087890625,3186928,INFY.NS
2023-11-24,1332.1368202960523,1338.6797545299087,1321.3546973396635,1324.626220703125,2973195,INFY.NS
2023-11-28,1330.7084271755414,1331.6299704076575,1315.088314388403,1329.5103759765625,3755373,INFY.NS
2023-11-29,1337.251355220777,1346.0981477081089,1336.0534165206054,1345.08447265625,3875778,INFY.NS
2023-11-30,1339.2326879569457,1346.0521303013406,1335.8230230312827,1340.983642578125,10120867,INFY.NS
2023-12-01,1345.3608832594507,1345.3608832594507,1332.6896647955414,1338.357177734375,3489187,INFY.NS
2023-12-04,1345.8678726800188,1356.4196110015737,1335.592754839841,1349.4619140625,5511948,INFY.NS
2023-12-05,1350.7979393545754,1351.8116142797555,1328.8651682789625,1339.8775634765625,5123039,INFY.NS
2023-12-06,1342.4580969426866,1361.1193473034825,1337.2053455420607,1358.6312255859375,5269178,INFY.NS
2023-12-07,1357.2948166644478,1357.2948166644478,1347.1118322726165,1350.89013671875,4424453,INFY.NS
2023-12-08,1355.0372784572535,1377.4307129471217,1351.2128512985264,1374.1593017578125,6323433,INFY.NS
2023-12-11,1373.0994779966725,1380.4718241872586,1365.7271318060862,1371.7171630859375,3862018,INFY.NS
2023-12-12,1361.5800891380788,1373.0993792323097,1352.5029110424384,1360.243896484375,6103494,INFY.NS
2023-12-13,1360.19782972632,1360.2439518858023,1320.7097241735976,1335.316162109375,8549258,INFY.NS
2023-12-14,1348.5863495012065,1392.4517835867966,1346.697140932601,1383.6510009765625,12489858,INFY.NS
2023-12-15,1403.5564479809898,1463.917528966799,1401.6672393803897,1454.5638427734375,18395389,INFY.NS
2023-12-18,1444.9336219034078,1468.0183241638513,1437.88390638634,1441.6160888671875,6467243,INFY.NS
2023-12-19,1446.91479043528,1450.4627088511306,1422.171380842129,1436.0406494140625,4221721,INFY.NS
2023-12-20,1442.2611198785871,1459.2635456213156,1409.9609881911038,1415.85888671875,6592367,INFY.NS
2023-12-21,1401.897594233354,1425.3048140325604,1401.897594233354,1415.4903564453125,5319038,INFY.NS
2023-12-22,1414.522706978693,1443.1366686825568,1403.5103106025122,1440.2799072265625,6741060,INFY.NS
2023-12-26,1414.5690046946413,1426.549067926583,1403.5104847882335,1422.8167724609375,6878067,INFY.NS
2023-12-27,1422.862643983342,1446.8227662265847,1422.862643983342,1444.1502685546875,4225849,INFY.NS
2023-12-28,1445.855092876647,1445.855092876647,1432.9996108186176,1440.0494384765625,5702253,INFY.NS
2023-12-29,1420.144166634131,1437.1004712006081,1419.1765012951132,1421.8489990234375,4388990,INFY.NS
2024-01-01,1418.254950581332,1434.8427277811138,1414.799163664711,1429.635986328125,2808451,INFY.NS
2024-01-02,1424.7057474638627,1427.6086309615123,1403.5102544550214,1414.015869140625,5396313,INFY.NS
2024-01-03,1400.6996635455614,1400.6996635455614,1371.2564007445471,1373.0994873046875,7550363,INFY.NS
2024-01-04,1386.8764724125788,1400.5153575424802,1375.771943719321,1394.0184326171875,7056038,INFY.NS
2024-01-05,1388.5351762892633,1418.8999788505123,1388.07440470264,1412.31103515625,8895403,INFY.NS
2024-01-08,1408.9934505703893,1415.4903752195028,1394.52526712299,1403.3260498046875,4440136,INFY.NS
2024-01-09,1420.9275847658068,1431.1566925228285,1406.1367703448866,1409.316162109375,4412074,INFY.NS
2024-01-10,1405.3072902245185,1414.983494047482,1386.9225479581153,1400.653564453125,4096845,INFY.NS
2024-01-11,1405.261293276588,1405.3534251009314,1369.9661425866611,1376.9698486328125,11296088,INFY.NS
2024-01-12,1439.450552270239,1491.056974118596,1433.3683893367258,1486.2188720703125,26754401,INFY.NS
2024-01-15,1515.8923891628679,1534.3232525223632,1507.6446228067189,1522.4814453125,13228305,INFY.NS
2024-01-16,1515.7542704008683,1519.1639351762556,1497.5076704042556,1503.5438232421875,6500917,INFY.NS
2024-01-17,1493.1303945709744,1518.2424471875822,1493.1303945709744,1511.51513671875,9209876,INFY.NS
2024-01-18,1513.7729287969016,1519.6247054977496,1500.5026844916376,1513.726806640625,6375464,INFY.NS
2024-01-19,1522.0207083253042,1534.830181149936,1515.1552565650597,1529.0244140625,4522736,INFY.NS
2024-01-23,1520.6384796288353,1543.3084208611072,1509.2113209406687,1513.312255859375,9401255,INFY.NS
2024-01-24,1529.6695716902016,1548.1925674088009,1515.938555587784,1543.9534912109375,8999681,INFY.NS
2024-01-25,1541.695501484098,1548.699319117299,1527.9184769813974,1538.1475830078125,8865304,INFY.NS
2024-01-29,1534.5076571987393,1547.5935254301967,1518.3345293026832,1526.62841796875,4253785,INFY.NS
2024-01-30,1532.0192984301252,1557.407856111292,1518.9334312635722,1521.88232421875,4995943,INFY.NS
2024-01-31,1518.93352092331,1536.442841049227,1509.5798353047996,1530.591064453125,6763779,INFY.NS
2024-02-01,1529.3470709031976,1545.4279548337279,1520.8688059210901,1527.043212890625,5760011,INFY.NS
2024-02-02,1535.3372961411437,1583.672198367883,1534.36963065611,1560.495361328125,7858483,INFY.NS
2024-02-05,1561.7853328521521,1567.3145920332188,1549.8974031142452,1554.82763671875,3634135,INFY.NS
2024-02-06,1554.4129683538292,1597.034340689009,1542.6171705805966,1593.7628173828125,7694265,INFY.NS
2024-02-07,1593.3481668011993,1593.3481668011993,1554.5050990563916,1560.86376953125,4613877,INFY.NS
2024-02-08,1564.7803892211357,1572.4752526176906,1550.7729772594932,1559.34326171875,5919715,INFY.NS
2024-02-09,1552.5237167662156,1560.0804381745947,1529.5773820750176,1538.3780517578125,4600004,INFY.NS
2024-02-12,1539.2997433619348,1560.126598289278,1539.2997433619348,1548.2847900390625,3555808,INFY.NS
2024-02-13,1550.957305138598,1556.578696520759,1532.9872115852988,1552.3857421875,2696481,INFY.NS
2024-02-14,1529.9459605809961,1538.4702350970776,1507.1838887623073,1535.4752197265625,3768579,INFY.NS
2024-02-15,1545.4281272111978,1555.334717770244,1531.2363377721808,1544.8291015625,4834391,INFY.NS
2024-02-16,1556.486619898813,1574.9174857353885,1555.5189544451616,1568.1441650390625,4880654,INFY.NS
2024-02-19,1571.2311682439513,1577.2211990906292,1555.2884257624896,1566.39306640625,3690993,INFY.NS
2024-02-20,1552.800375906301,1561.324650966914,1537.8252980971156,1553.03076171875,3706389,INFY.NS
2024-02-21,1542.6633157025528,1542.6633157025528,1516.2150708785946,1525.660888671875,4300508,INFY.NS
2024-02-22,1534.3694366019563,1552.4316609246032,1515.3856690741432,1549.4366455078125,5841277,INFY.NS
2024-02-23,1563.8587905950133,1565.194983220865,1540.728079066558,1545.2896728515625,5373072,INFY.NS
2024-02-26,1543.5386736406174,1543.5386736406174,1515.9385009458492,1529.89990234375,2782438,INFY.NS
2024-02-27,1530.683233844853,1539.9907975363865,1523.1266247075048,1533.0792236328125,5159088,INFY.NS
2024-02-28,1538.9772213327412,1555.380736114235,1531.6509975218291,1540.129150390625,3188916,INFY.NS
2024-02-29,1534.369410109207,1550.2660301238518,1523.5873997921522,1542.5711669921875,7814722,INFY.NS
2024-03-01,1538.0556768856939,1540.7741844629486,1521.4678984651173,1524.8775634765625,6387291,INFY.NS
2024-03-04,1527.7803779385492,1533.8625405850848,1505.479077403563,1508.75048828125,4445156,INFY.NS
2024-03-05,1505.8015436860508,1508.8886908149464,1476.3121621695554,1480.4591064453125,4596579,INFY.NS
2024-03-06,1477.049450044554,1493.0382016771937,1452.352047887815,1490.6422119140625,6420684,INFY.NS
2024-03-07,1489.7667940250446,1500.6870590284748,1478.3396352373709,1489.6285400390625,6348359,INFY.NS
2024-03-11,1481.9796685740168,1487.186409973432,1463.4105512344881,1475.02197265625,6752895,INFY.NS
2024-03-12,1474.469015504546,1497.5075938718044,1472.3034116366352,1486.4029541015625,4614222,INFY.NS
2024-03-13,1486.3571684259673,1497.0470479006656,1473.1330449489747,1484.974853515625,5688997,INFY.NS
2024-03-14,1487.7393497230903,1527.6882245455754,1481.8414508033693,1523.58740234375,8803799,INFY.NS
2024-03-15,1512.344570167545,1516.6758908384104,1491.3794617139743,1505.8016357421875,11809997,INFY.NS
2024-03-18,1502.1153151415704,1504.5574269562098,1473.4092238904066,1476.9111328125,4958904,INFY.NS
2024-03-19,1467.4191867817187,1473.5474711208267,1435.764202630549,1438.9434814453125,6870411,INFY.NS
2024-03-20,1440.371958643916,1451.3843544053573,1430.5575014942751,1432.9534912109375,4759059,INFY.NS
2024-03-21,1441.293418347309,1453.2273565774512,1422.3096528549004,1432.7230224609375,11062497,INFY.NS
2024-03-22,1401.6672315575609,1408.9474454626866,1380.6560012352104,1390.470458984375,14673890,INFY.NS
2024-03-26,1374.9423563000637,1389.1801527269931,1371.164051948253,1375.5413818359375,8351081,INFY.NS
2024-03-27,1378.628657389427,1381.3932870499673,1365.3124028550521,1367.431884765625,6857402,INFY.NS
2024-03-28,1370.4729789851785,1393.189041141791,1370.4729789851785,1380.517822265625,12499530,INFY.NS
2024-04-01,1405.353225596589,1409.9148189381892,1375.6795828140007,1378.12158203125,6580002,INFY.NS
2024-04-02,1368.353462463362,1376.0023163808078,1364.6672894897633,1366.5103759765625,7279400,INFY.NS
2024-04-03,1362.9624633692197,1377.799287158803,1359.2762903783632,1364.4830322265625,8736248,INFY.NS
2024-04-04,1373.6062588459959,1378.3061066574217,1352.8254147328123,1370.0582275390625,11186915,INFY.NS
2024-04-05,1363.93009899174,1370.0582714607572,1360.24392608138,1363.0545654296875,5072482,INFY.NS
2024-04-08,1366.6485404880466,1373.9747637962018,1358.4467836601393,1360.8427734375,6610887,INFY.NS
2024-04-09,1373.0993855776476,1395.0321590156452,1370.6112639030227,1377.56884765625,9423230,INFY.NS
2024-04-10,1382.6373994109804,1391.3920603288602,1368.0770834855082,1388.5814208984375,6744595,INFY.NS
2024-04-12,1386.0009366054892,1388.581302495331,1363.4231287950938,1368.26123046875,12275616,INFY.NS
2024-04-15,1363.884010132131,1374.8964069734686,1346.420810540168,1352.9637451171875,8531224,INFY.NS
2024-04-16,1337.1591322439795,1340.9835588768526,1302.1866141339272,1303.4766845703125,16173541,INFY.NS
2024-04-18,1309.6049788534715,1331.3533752077963,1297.072014216493,1307.900146484375,22107945,INFY.NS
2024-04-19,1276.3374429978132,1314.9040067731753,1270.5777974969205,1300.5279541015625,20603621,INFY.NS
2024-04-22,1308.4992564312556,1324.1193692022916,1302.1867077963823,1320.341064453125,5859087,INFY.NS
2024-04-23,1329.7867901203954,1333.334708815105,1320.5713584494295,1329.23388671875,4856174,INFY.NS
2024-04-24,1330.985003306902,1330.985003306902,1315.0883817387778,1318.498046875,4268213,INFY.NS
2024-04-25,1308.5913232271268,1331.5377710414832,1308.5913232271268,1325.59375,9089398,INFY.NS
2024-04-26,1326.7457701482465,1331.9986341616486,1315.0422158870554,1318.0372314453125,8062444,INFY.NS
2024-04-29,1317.7607514168,1326.838042603384,1316.1941728580287,1322.1842041015625,5055957,INFY.NS
2024-04-30,1322.1380131744238,1323.8429581264434,1306.3336369406475,1309.0982666015625,6936588,INFY.NS
2024-05-02,1302.1404919784582,1312.2774667921617,1301.0806948402314,1303.4766845703125,10076354,INFY.NS
2024-05-03,1310.526523531366,1313.0147575937467,1293.1093350669514,1305.181640625,8842345,INFY.NS
2024-05-06,1308.5914366893924,1332.27505360971,1305.9189387214822,1314.028564453125,6445422,INFY.NS
2024-05-07,1313.1528923189749,1330.1093091097507,1304.5364861962978,1327.8975830078125,6080661,INFY.NS
2024-05-08,1322.6448266752147,1326.791770914921,1313.751912640343,1315.318603515625,6234983,INFY.NS
2024-05-09,1315.5489046143746,1336.1913801730982,1313.060670734901,1326.607421875,6088406,INFY.NS
2024-05-10,1322.460619610937,1323.289918499904,1302.1405469699123,1313.10693359375,8777481,INFY.NS
2024-05-13,1313.1990668474873,1313.1990668474873,1300.481725623948,1311.7706298828125,3735954,INFY.NS
2024-05-14,1314.489298423798,1321.2626187308836,1306.7944348778417,1312.922607421875,3463230,INFY.NS
2024-05-15,1314.120547134986,1319.4655424641765,1307.255095585117,1308.545166015625,4327544,INFY.NS
2024-05-16,1321.4468679639122,1341.5365553493355,1315.0421875208667,1339.3248291015625,9249145,INFY.NS
2024-05-17,1342.6884167000094,1342.6884167000094,1326.3310252131012,1330.98486328125,7542860,INFY.NS
2024-05-21,1317.8067987413262,1331.3534390178734,1316.332352094495,1321.6312255859375,6752663,INFY.NS
2024-05-22,1316.6548867308702,1345.406990441256,1315.963729310014,1340.6611328125,7173285,INFY.NS
2024-05-23,1340.5689872639355,1362.17924504405,1336.237778771356,1356.88037109375,8641428,INFY.NS
2024-05-24,1353.0557154211108,1359.7369031866842,1345.4529845154584,1350.15283203125,5277938,INFY.NS
2024-05-27,1356.3732471556132,1363.5152064855856,1345.6833692377497,1355.9124755859375,5821844,INFY.NS
2024-05-28,1359.7369459532367,1360.1977175377685,1345.7295347806962,1351.949951171875,6186922,INFY.NS
2024-05-29,1350.4295268928772,1350.521658721026,1336.237738072663,1337.1131591796875,7401634,INFY.NS
2024-05-30,1329.6026885129104,1336.0995011368218,1310.0198938256992,1315.4569091796875,9663150,INFY.NS
2024-05-31,1325.18568552157,1350.5181357141773,1315.9738228639974,1322.459716796875,37113815,INFY.NS
2024-06-03,1353.5732408404072,1353.5732408404072,1319.733909819397,1321.5198974609375,10589244,INFY.NS
2024-06-04,1324.4336953647442,1330.0735833506835,1276.8236180013437,1310.0050048828125,13736134,INFY.NS
2024-06-05,1316.1148183429186,1351.6930870098186,1316.1148183429186,1344.2672119140625,9233424,INFY.NS
2024-06-06,1358.2260359203012,1385.8145809499692,1351.2232206049546,1383.8875732421875,12660930,INFY.NS
2024-06-07,1392.1124223339962,1447.289283385155,1388.5874921626576,1441.555419921875,24075302,INFY.NS
2024-06-10,1433.7536304630544,1437.983546630723,1407.4341520864498,1409.737060546875,6810606,INFY.NS
2024-06-11,1410.0190163300265,1416.0348049461413,1404.2850385180848,1405.97705078125,4853054,INFY.NS
2024-06-12,1416.5519427607585,1418.1969101793593,1393.7573942458623,1396.060302734375,9564320,INFY.NS
2024-06-13,1405.27206045412,1414.6718735675256,1399.9611430962834,1404.2850341796875,7307565,INFY.NS
2024-06-14,1413.4498626747718,1413.4498626747718,1396.8592841989566,1399.5382080078125,4237727,INFY.NS
2024-06-18,1407.152097561087,1416.5519111720494,1405.6481503320965,1408.280029296875,5420939,INFY.NS
2024-06-19,1414.6717670710855,1424.6825902320104,1406.86987687676,1420.640625,5493456,INFY.NS
2024-06-20,1425.2936379231433,1426.4215695435462,1409.125891319924,1424.4476318359375,7927010,INFY.NS
2024-06-21,1452.271166938704,1464.2559289959652,1432.249518545518,1440.7093505859375,17301941,INFY.NS
2024-06-24,1433.0486251290843,1437.325471461373,1424.4477727552649,1435.4925537109375,5564989,INFY.NS
2024-06-25,1434.411639204177,1451.2373294804354,1429.1007212609798,1449.404296875,4551525,INFY.NS
2024-06-26,1448.5111662607692,1455.889996430208,1442.8712785271127,1448.2291259765625,4851004,INFY.NS
2024-06-27,1446.1141853395814,1483.6665071274144,1440.0983968135813,1478.9195556640625,14757754,INFY.NS
2024-06-28,1478.1676356666337,1493.1602914681441,1470.3657449978248,1472.7156982421875,8197544,INFY.NS
2024-07-01,1465.900925341744,1503.8761950899986,1465.900925341744,1495.3223876953125,6801771,INFY.NS
2024-07-02,1500.3980870491325,1535.7414752975033,1491.2803144467298,1523.7567138671875,10493173,INFY.NS
2024-07-03,1527.469729765856,1537.8095248596555,1509.6100836947476,1529.7257080078125,7269965,INFY.NS
2024-07-04,1530.4775505601317,1560.3690026530594,1530.2896001922775,1551.5802001953125,8008311,INFY.NS
2024-07-05,1552.332191113537,1565.8679458210338,1535.3185512266714,1548.572265625,7065022,INFY.NS
2024-07-08,1544.483343885064,1566.008939897241,1541.5694246287367,1561.9200439453125,5880533,INFY.NS
2024-07-09,1560.2748898271884,1566.7137383996742,1551.9090338070268,1557.68994140625,5191182,INFY.NS
2024-07-10,1557.5490553427878,1573.5287378659184,1539.2664644712022,1549.32421875,9852770,INFY.NS
2024-07-11,1556.608942014421,1565.068773221021,1543.4962495417126,1553.5069580078125,8857679,INFY.NS
2024-07-12,1579.1686539269024,1616.5329122564228,1566.6199259649964,1609.0130615234375,17078316,INFY.NS
2024-07-15,1622.5957659620963,1624.2877782953476,1600.4592739409936,1604.59521484375,6942230,INFY.NS
2024-07-16,1615.4519041715741,1633.593589888385,1597.9682742375035,1622.454833984375,6886281,INFY.NS
2024-07-18,1615.827983176718,1659.4431419133819,1615.827983176718,1652.5343017578125,11248896,INFY.NS
2024-07-19,1733.3256958168,1733.3256958168,1679.2297205297605,1685.339599609375,29819116,INFY.NS
2024-07-22,1692.1075281917851,1713.586080081119,1685.3395933133556,1702.165283203125,8462126,INFY.NS
2024-07-23,1701.3662125939957,1729.5186076175692,1676.2217119382558,1726.6517333984375,7113056,INFY.NS
2024-07-24,1727.2157639340674,1731.7746506207213,1710.3900744958235,1723.8787841796875,6002845,INFY.NS
2024-07-25,1710.7659428071297,1721.0117617869892,1703.2460925090763,1715.3248291015625,5815599,INFY.NS
2024-07-26,1715.7949342558115,1769.9848820315087,1715.7949342558115,1766.1309814453125,11369047,INFY.NS
2024-07-29,1779.9487760733678,1788.784624281326,1752.12534926978,1758.7991943359375,4635931,INFY.NS
2024-07-30,1758.7989073403546,1767.1177185175402,1748.3651383345386,1764.48583984375,2721265,INFY.NS
2024-07-31,1764.3450764549252,1772.005947764429,1753.112344694683,1756.1202392578125,5004209,INFY.NS
2024-08-01,1744.6994808498382,1755.7913074406626,1734.3596852882927,1741.4095458984375,7475014,INFY.NS
2024-08-02,1732.3855594141,1747.895251074617,1707.147084115294,1711.8939208984375,7400938,INFY.NS
2024-08-05,1677.8196096487513,1689.6164211011132,1615.4049418548652,1646.7532958984375,10736703,INFY.NS
2024-08-06,1654.5551502330297,1689.0994653436978,1640.126459251215,1646.0013427734375,7690163,INFY.NS
2024-08-07,1688.206449501223,1689.9924369566963,1656.341059827465,1684.1175537109375,5094329,INFY.NS
2024-08-08,1673.1198103688212,1673.1198103688212,1623.4418174161967,1638.528564453125,6227910,INFY.NS
2024-08-09,1664.9420365933122,1673.8718597959298,1650.6073203996366,1664.4720458984375,4258524,INFY.NS
2024-08-12,1666.633818145862,1695.2562016016923,1661.980842064797,1689.5223388671875,4315329,INFY.NS
2024-08-13,1701.3662700318037,1701.3662700318037,1681.6737063397366,1689.5694580078125,4176918,INFY.NS
2024-08-14,1693.8463200211247,1715.465890143481,1689.569359164612,1713.8209228515625,7450718,INFY.NS
2024-08-16,1738.9653871768742,1750.1041425189478,1719.6957707243737,1747.378173828125,7335657,INFY.NS
2024-08-19,1748.3653628246682,1755.46226812506,1738.2135180462226,1752.8773193359375,2585989,INFY.NS
2024-08-20,1767.1649081160394,1772.5227558229078,1756.0730824760828,1759.8330078125,3870333,INFY.NS
2024-08-21,1762.5589566406527,1766.2249067508462,1755.0391060531026,1760.302978515625,1966902,INFY.NS
2024-08-22,1770.924710030664,1779.9955522213554,1757.4829319922503,1767.3997802734375,4300287,INFY.NS
2024-08-23,1765.4729100507645,1769.6088509029312,1745.5453515046195,1750.3392333984375,5015935,INFY.NS
2024-08-26,1757.7651122966831,1775.3897624868237,1752.125224235838,1763.5460205078125,3728589,INFY.NS
2024-08-27,1763.54596510821,1788.5494451104064,1761.431007151832,1786.0584716796875,3830679,INFY.NS
2024-08-28,1792.450420519267,1833.903574209478,1783.5205978872887,1822.7177734375,6514531,INFY.NS
2024-08-29,1816.9838956969513,1833.4335688344042,1805.610144647818,1817.3128662109375,7228284,INFY.NS
2024-08-30,1821.6837784081808,1832.9635541258785,1812.2839653100993,1827.0416259765625,13466759,INFY.NS
2024-09-02,1826.712755054023,1857.1681741009113,1826.195834151735,1846.5933837890625,5573739,INFY.NS
2024-09-03,1848.9432889467964,1848.9432889467964,1820.2268132183985,1824.73876953125,4694322,INFY.NS
2024-09-04,1805.7980647866775,1811.5319278069883,1786.0115271331308,1807.0670166015625,4778310,INFY.NS
2024-09-05,1810.638983993486,1823.5637269032381,1794.9882723576418,1817.1248779296875,4081810,INFY.NS
2024-09-06,1806.6441381891027,1820.2738676395406,1783.00358450389,1787.7034912109375,5848106,INFY.NS
2024-09-09,1776.564732765143,1805.5631341580754,1775.6247514250556,1780.9356689453125,4772612,INFY.NS
2024-09-10,1790.5704823041315,1818.8638977650467,1782.2046254069915,1797.5263671875,6909600,INFY.NS
2024-09-11,1799.7822173243185,1810.4040523138208,1790.6644442667855,1795.50537109375,5312946,INFY.NS
2024-09-12,1809.464116978717,1838.9795546148218,1796.1164275717779,1833.3865966796875,8555092,INFY.NS
2024-09-13,1833.38646078049,1841.0473312410704,1819.47480653783,1827.4176025390625,3843127,INFY.NS
2024-09-16,1828.9686923682912,1834.8435757434945,1817.0309752474043,1833.1986083984375,1570181,INFY.NS
2024-09-17,1830.8485176417557,1840.906271327735,1825.5846454813945,1835.3604736328125,2793127,INFY.NS
2024-09-18,1822.388675234394,1822.388675234394,1768.386797525358,1778.5855712890625,6385468,INFY.NS
2024-09-19,1795.9282898631557,1809.370068657787,1766.036952686509,1780.5125732421875,7976570,INFY.NS
2024-09-20,1790.664520804125,1800.0643345616268,1755.3212440246816,1791.3695068359375,15242974,INFY.NS
2024-09-23,1794.4243751721033,1803.73021337189,1765.7078993837924,1782.6275634765625,3636672,INFY.NS
2024-09-24,1774.6847802570394,1796.210376017183,1759.0811128709156,1784.6485595703125,7277616,INFY.NS
2024-09-25,1773.1337292502485,1787.4684442930745,1764.156976545127,1781.546630859375,4268341,INFY.NS
2024-09-26,1783.896554606288,1802.8370859804254,1779.3845984749128,1786.199462890625,8952803,INFY.NS
2024-09-27,1816.137952637302,1856.0871602157958,1789.0665584656958,1792.3094482421875,14908931,INFY.NS
2024-09-30,1767.1648713969455,1787.1394743316184,1758.2350489085036,1763.0289306640625,6986955,INFY.NS
2024-10-01,1762.464916843665,1794.3772357071236,1762.464916843665,1790.0533447265625,4029072,INFY.NS
2024-10-03,1776.0946700907043,1797.1032292411892,1768.1048290238766,1779.7606201171875,7503887,INFY.NS
2024-10-04,1776.141704358394,1836.8174281895435,1772.8047248589348,1803.025146484375,10001483,INFY.NS
2024-10-07,1807.7721694283628,1825.4438655173053,1801.0513942623245,1818.2060546875,6112575,INFY.NS
2024-10-08,1821.5897622643915,1840.4363182559603,1791.933306709296,1831.6005859375,5637391,INFY.NS
2024-10-09,1835.3606336116181,1858.3431317562972,1828.3577036972526,1835.548583984375,4857163,INFY.NS
2024-10-10,1840.3893918331603,1846.1232547571165,1799.2181654069389,1803.8240966796875,4782119,INFY.NS
2024-10-11,1802.884106629312,1830.1435639245415,1795.4582315208152,1818.957763671875,4709431,INFY.NS
2024-10-14,1816.1850873604988,1851.2933697481615,1815.1980609916643,1841.32958984375,3751378,INFY.NS
2024-10-15,1842.3635074756771,1871.9258760220825,1834.6086610794148,1841.70556640625,5353705,INFY.NS
2024-10-16,1837.6635261263593,1841.9404871358424,1801.3332242595482,1804.858154296875,3111512,INFY.NS
2024-10-17,1819.0518851747047,1859.2831333510103,1814.3050481446446,1849.977294921875,8162822,INFY.NS
2024-10-18,1780.1366215888147,1820.6027474745542,1757.0600349091483,1766.788818359375,10526196,INFY.NS
2024-10-21,1777.5986762175419,1784.8366013292746,1727.6856903747387,1741.5504150390625,4654601,INFY.NS
2024-10-22,1746.6732140121014,1765.0969393741664,1736.098424337156,1740.4693603515625,4125240,INFY.NS
2024-10-23,1734.5004417506527,1772.8046785756571,1733.3254651609286,1760.9609375,4311910,INFY.NS
2024-10-24,1749.6812424897346,1770.9247972575436,1748.3652457001226,1751.51416015625,2906475,INFY.NS
2024-10-25,1751.60811836117,1763.7339001545147,1735.581505943881,1750.292236328125,4689120,INFY.NS
2024-10-28,1748.0832475331754,1768.9509020729429,1745.5453438193326,1753.3941650390625,7018940,INFY.NS
2024-10-29,1754.9627985871089,1760.2866061853301,1738.8011693476826,1748.59326171875,4621252,INFY.NS
2024-10-30,1741.653136738328,1748.3079249245552,1707.76122797984,1713.2276611328125,5919715,INFY.NS
2024-10-31,1699.728089871948,1699.728089871948,1660.3697457491953,1670.589599609375,7395236,INFY.NS
2024-11-01,1677.4819828348002,1678.9080088899161,1665.6460129974564,1674.011962890625,371966,INFY.NS
2024-11-04,1639.454765739415,1679.8588408591163,1633.2753189564019,1676.674072265625,7336722,INFY.NS
2024-11-05,1673.204077880611,1681.2373124025844,1658.9438158532193,1667.6900634765625,3160880,INFY.NS
2024-11-06,1677.0066599508023,1737.0898453384439,1675.723259696614,1733.762451171875,10421494,INFY.NS
2024-11-07,1723.5426610222241,1735.6638830746192,1698.8724555004114,1714.1309814453125,4550965,INFY.NS
2024-11-08,1728.3435957027407,1749.82903193321,1723.732801289501,1739.7042236328125,4210960,INFY.NS
2024-11-11,1738.8011800020988,1775.8778590726738,1732.669314114394,1768.367431640625,3804234,INFY.NS
2024-11-12,1778.8249314544848,1788.2367269114475,1769.223045604574,1776.638427734375,5012450,INFY.NS
2024-11-13,1769.3181384269985,1780.8213927172376,1764.7549244206982,1776.2581787109375,4257495,INFY.NS
2024-11-14,1773.5962932395464,1783.4834314212399,1764.469748783487,1772.59814453125,4311431,INFY.NS
2024-11-18,1758.005024675079,1758.005024675079,1706.477991896976,1722.11669921875,4839244,INFY.NS
2024-11-19,1735.473877354507,1767.9872281436544,1730.7680373364465,1734.7608642578125,4669769,INFY.NS
2024-11-21,1751.16006482196,1774.9271666789355,1730.8154024223286,1743.6021728515625,5436504,INFY.NS
2024-11-22,1762.6632608249854,1819.6568388300636,1743.5545347717343,1808.438720703125,6301486,INFY.NS
2024-11-25,1821.5106048142616,1824.647908539123,1789.187347735094,1796.507568359375,12764638,INFY.NS
2024-11-26,1811.00558516297,1842.9961275482167,1803.7329448177684,1829.2587890625,6850495,INFY.NS
2024-11-27,1834.9153604909611,1845.6581372544963,1817.4703304442407,1829.591552734375,4447143,INFY.NS
2024-11-28,1820.4648690644453,1820.4648690644453,1760.3341042723987,1765.0875244140625,8468790,INFY.NS
2024-11-29,1759.811276019277,1784.4340168837268,1754.0121263454853,1766.2283935546875,5244346,INFY.NS
2024-12-02,1767.321793063357,1789.9481217185034,1744.6954644082105,1787.0960693359375,2868263,INFY.NS
2024-12-03,1793.9409628322635,1806.0621855541033,1778.8726425018424,1798.7894287109375,4715792,INFY.NS
2024-12-04,1791.0888644737497,1819.56180716774,1782.5327074778559,1796.0799560546875,4705573,INFY.NS
2024-12-05,1806.2997139926326,1853.7388717964993,1795.7946087095554,1839.4310302734375,9050038,INFY.NS
2024-12-06,1837.4822303839658,1842.3781605401093,1818.088252003757,1827.5950927734375,3573331,INFY.NS
2024-12-09,1829.306375982813,1835.0104808234832,1803.637904199797,1828.7835693359375,4274645,INFY.NS
2024-12-10,1843.3763652761136,1868.6645376907804,1836.7215769538172,1852.4554443359375,6174921,INFY.NS
2024-12-11,1858.5873457085745,1880.4530791874988,1855.7352935156714,1876.79296875,5025612,INFY.NS
2024-12-12,1877.7912800633462,1900.2275187647786,1873.3706916216245,1889.0093994140625,6462130,INFY.NS
2024-12-13,1872.6099443049989,1907.500003205855,1857.4465798294907,1901.0828857421875,5362693,INFY.NS
2024-12-16,1897.042541916786,1900.9879041439099,1880.0728539329739,1882.402099609375,3119221,INFY.NS
2024-12-17,1870.9462106912868,1884.255787393359,1861.4393701898068,1879.1220703125,5811050,INFY.NS
2024-12-18,1869.8054617493733,1887.060284654621,1864.8618349910091,1881.54638671875,3064095,INFY.NS
2024-12-19,1838.6228927942636,1863.1030062841562,1825.3133165279144,1850.22119140625,5323592,INFY.NS
2024-12-20,1877.7438033938301,1882.3070176382269,1816.9950636033855,1827.3575439453125,11056720,INFY.NS
2024-12-23,1834.8678004850174,1844.3270603797318,1814.8558547757257,1829.4013671875,2781793,INFY.NS
2024-12-24,1832.015755380025,1846.2284355881454,1749.2586619372746,1814.9034423828125,2360544,INFY.NS
2024-12-26,1814.9034908105154,1825.0757640546135,1808.4863732653307,1813.3348388671875,3623321,INFY.NS
2024-12-27,1815.236249934069,1829.25884045684,1810.007487366256,1822.2237548828125,3937500,INFY.NS
2024-12-30,1821.2254956591669,1821.510747311123,1793.4655661808106,1812.00390625,7789055,INFY.NS
