Date,Open,High,Low,Close,Volume,Ticker
2018-01-01,405.7093940695705,405.7093940695705,399.0259980520491,400.01531982421875,9453202,RELIANCE.NS
2018-01-02,401.44430689808223,404.3243349654804,398.5422945557765,400.630859375,9499419,RELIANCE.NS
2018-01-03,406.7206883923315,407.1604032514544,401.4662998187556,402.23577880859375,13507800,RELIANCE.NS
2018-01-04,403.7087605627071,405.3136713921885,402.63150170165216,404.65411376953125,9008932,RELIANCE.NS
2018-01-05,405.3136584175376,407.5561131706841,404.63211654099234,405.9512023925781,7441284,RELIANCE.NS
2018-01-08,407.20435740385597,409.3588750180191,406.06114577296336,408.2816162109375,8827020,RELIANCE.NS
2018-01-09,408.1057058870631,415.03095773275516,406.2809817737514,413.7338562011719,14294571,RELIANCE.NS
2018-01-10,414.6352523601828,416.5699272501448,411.3375230779073,414.3494567871094,11727682,RELIANCE.NS
2018-01-11,414.1075988695826,414.48136089217263,411.11764944637065,412.32684326171875,7849171,RELIANCE.NS
2018-01-12,414.63526572971494,418.9443011456159,412.54670084844645,417.2734375,15071161,RELIANCE.NS
2018-01-15,417.713148018475,421.4505628794267,415.6025988835957,417.3393859863281,11120925,RELIANCE.NS
2018-01-16,416.701844644829,416.701844644829,404.52220381560244,405.8193054199219,10825151,RELIANCE.NS
2018-01-17,407.1604426865795,408.47952868870186,398.8061530691234,406.5008850097656,13204016,RELIANCE.NS
2018-01-18,408.47954351313507,408.7433548528326,402.36773803443594,404.3903503417969,9381821,RELIANCE.NS
2018-01-19,405.84121618303146,410.85377684008597,405.44549929622343,409.49072265625,9973533,RELIANCE.NS
2018-01-22,416.8337832092546,428.39783588683053,413.31621080157726,427.16668701171875,45700733,RELIANCE.NS
2018-01-23,428.70557564182593,435.71873504339794,428.70557564182593,432.33306884765625,22526810,RELIANCE.NS
2018-01-24,431.67355475299144,431.67355475299144,423.27532656318414,424.9022216796875,14289485,RELIANCE.NS
2018-01-25,425.5837167012259,427.3864859503366,420.4172653298735,424.704345703125,13669901,RELIANCE.NS
2018-01-29,424.83627036811043,429.7168970320304,421.80235223436125,424.0887756347656,9897064,RELIANCE.NS
2018-01-30,424.6604006057876,424.6604006057876,417.27344900176803,417.8890380859375,9182956,RELIANCE.NS
2018-01-31,417.71316945774777,424.0887857402805,413.9977093299284,422.6817626953125,12551686,RELIANCE.NS
2018-02-01,423.5391658544019,427.6503134810664,411.82119464193335,415.0090026855469,16524809,RELIANCE.NS
2018-02-02,411.1176413978391,415.0529439106164,396.16792392595465,397.6408996582031,28965593,RELIANCE.NS
2018-02-05,393.09002877417123,401.2244449119785,387.7257191964092,396.6735534667969,19191099,RELIANCE.NS
2018-02-06,385.61521115403156,394.8488713165877,382.97700995694254,392.254638671875,24062503,RELIANCE.NS
2018-02-07,396.84948446786,398.10261751571784,391.33125523980664,393.26593017578125,15532284,RELIANCE.NS
2018-02-08,394.80491431436445,400.41105166387064,392.36457153157573,397.7288818359375,13825894,RELIANCE.NS
2018-02-09,390.8915336435809,396.6075914707734,389.57241853988273,394.7828674316406,11580639,RELIANCE.NS
2018-02-12,397.0473632197457,403.73075938391463,396.6296326147951,402.5435791015625,11877059,RELIANCE.NS
2018-02-14,405.8412810361191,414.4154124505737,404.961880684521,410.5240783691406,22247829,RELIANCE.NS
2018-02-15,412.28293440517,415.8444754880624,408.1057748365837,411.4035339355469,13363743,RELIANCE.NS
2018-02-16,413.14022993041374,414.4593450190421,403.6867283365745,405.0937805175781,9628162,RELIANCE.NS
2018-02-19,404.9618661783807,409.798553263164,401.68612126585737,407.6000671386719,8941900,RELIANCE.NS
2018-02-20,408.4795230976794,408.72135014698256,403.9946131409468,405.0058898925781,8458450,RELIANCE.NS
2018-02-21,408.919157384304,410.0184004584889,405.4675382405737,408.63336181640625,11917390,RELIANCE.NS
2018-02-22,405.40164611789936,409.35893351808903,404.5222456565788,406.4349365234375,11196908,RELIANCE.NS
2018-02-23,406.89656862590834,412.4367822130504,405.7313726619427,410.78790283203125,10610664,RELIANCE.NS
2018-02-26,412.8764429998568,415.4706754324035,411.8211684776262,412.7445373535156,8435611,RELIANCE.NS
2018-02-27,412.87645340376895,420.26337524552326,412.5906578294948,417.9329833984375,14021366,RELIANCE.NS
2018-02-28,415.93239311555607,420.8350336269253,414.7232285332822,419.71380615234375,56650480,RELIANCE.NS
2018-03-01,417.603156687984,422.06608123879835,415.932293339636,417.0095520019531,8956590,RELIANCE.NS
2018-03-05,414.6352416634823,417.77908094069085,405.22570810614127,406.324951171875,12325694,RELIANCE.NS
2018-03-06,408.47948917870684,411.6453128884909,397.9707120301943,400.49896240234375,16019726,RELIANCE.NS
2018-03-07,399.79544642431404,399.79544642431404,390.47384926054247,391.2213439941406,15853546,RELIANCE.NS
2018-03-08,394.69495055104676,402.1038864106876,392.7822891783494,400.7627868652344,13283967,RELIANCE.NS
2018-03-09,402.27974450961244,404.2364037076672,400.58689661426115,401.48828125,10638527,RELIANCE.NS
2018-03-12,404.52220822330077,410.28226456860386,403.44494936195815,409.05108642578125,8315150,RELIANCE.NS
2018-03-13,409.7546197741428,411.5573891170152,405.1158201118897,409.7326354980469,11148731,RELIANCE.NS
2018-03-14,408.3915739785139,409.82058130660283,404.1704754724315,408.5014953613281,14724464,RELIANCE.NS
2018-03-15,406.7207121605015,408.6773714867615,400.1252530517518,400.91668701171875,12711836,RELIANCE.NS
2018-03-16,399.6855483360086,399.9933575686648,389.594500926149,395.7502746582031,30814962,RELIANCE.NS
2018-03-19,396.1679014973439,398.7621044255407,392.2106149342645,393.74957275390625,12630833,RELIANCE.NS
2018-03-20,392.7822439861495,397.4869959374654,390.0341217346192,391.2432861328125,15192983,RELIANCE.NS
2018-03-21,393.4637886978802,396.76151805895245,392.78227616119017,394.36517333984375,14715126,RELIANCE.NS
2018-03-22,393.9694722069794,400.9826617944784,393.85955082567887,399.3117980957031,22129723,RELIANCE.NS
2018-03-23,391.59509109185586,395.72825252739256,390.935562789273,393.0461120605469,23469999,RELIANCE.NS
2018-03-26,393.06807460615215,397.6189370483925,392.43050126406655,396.2119140625,13227705,RELIANCE.NS
2018-03-27,398.89407945730454,400.4549923552289,394.409140538242,395.6402893066406,15179544,RELIANCE.NS
2018-03-28,393.8814852028125,393.90346947628746,386.93424932420874,388.1214294433594,19160609,RELIANCE.NS
2018-04-02,392.6503106896868,396.14592760941275,389.79229640942697,392.6283264160156,12494499,RELIANCE.NS
2018-04-03,391.7709356595587,396.4756875821662,389.24265615921826,395.53033447265625,13922126,RELIANCE.NS
2018-04-04,397.7948142524174,400.91666945676945,392.2326457420129,393.48577880859375,14214534,RELIANCE.NS
2018-04-05,397.97068589857395,400.1252034477274,397.2671597809828,399.333740234375,8527915,RELIANCE.NS
2018-04-06,399.245794611347,403.8626094462106,397.92670885160027,400.56488037109375,9664888,RELIANCE.NS
2018-04-09,401.24642247718776,404.0824818113761,401.24642247718776,402.76336669921875,7813897,RELIANCE.NS
2018-04-10,403.8186730872744,406.2370314163251,401.9499803418064,403.22509765625,8455132,RELIANCE.NS
2018-04-11,405.3136971880992,410.1283712799641,402.78541726658824,409.29296875,13140816,RELIANCE.NS
2018-04-12,408.85320300777926,411.8431523766241,406.3689213009491,408.3475646972656,10822592,RELIANCE.NS
2018-04-13,410.10633206375496,414.0636188184211,408.3475607795151,412.81048583984375,12616816,RELIANCE.NS
2018-04-16,410.8758313045042,413.3161739112137,408.2596438473364,412.01904296875,8934275,RELIANCE.NS
2018-04-17,413.3161523209842,416.4819758454091,411.55735169024786,415.1848449707031,9599816,RELIANCE.NS
2018-04-18,415.62457549700974,416.92167706918997,411.1396366544429,412.436767578125,7360987,RELIANCE.NS
2018-04-19,412.92040138394316,415.5146337526287,411.1176322253227,414.32745361328125,9802587,RELIANCE.NS
2018-04-20,412.43678962186937,414.12960823320816,405.0498673911544,407.9958190917969,7326696,RELIANCE.NS
2018-04-23,408.9191719638684,415.228835066044,408.2596437067435,411.557373046875,7674482,RELIANCE.NS
2018-04-24,411.4694729562481,429.013425149331,411.1176951693046,426.52911376953125,19921115,RELIANCE.NS
2018-04-25,428.11202852361174,431.69555366447736,423.67108724370956,426.72698974609375,14079382,RELIANCE.NS
2018-04-26,427.82620678159736,434.4216654685655,423.09944084321853,428.8594970703125,34096999,RELIANCE.NS
2018-04-27,435.2131231902759,444.53471994533214,433.3224168389882,438.0711669921875,25518647,RELIANCE.NS
2018-04-30,431.78351132065546,436.44429527158326,422.1101362973087,423.5611572265625,19406069,RELIANCE.NS
2018-05-02,425.1880099606535,430.5523199353733,424.33059386541703,427.6943054199219,13381914,RELIANCE.NS
2018-05-03,429.98070807246245,429.98070807246245,421.78033890105667,422.8136291503906,8634812,RELIANCE.NS
2018-05-04,423.36324011139175,424.17668762438456,417.7131347727149,419.449951171875,8302649,RELIANCE.NS
2018-05-07,421.6044821976347,427.9361296028641,420.50523907942835,426.9468078613281,7683268,RELIANCE.NS
2018-05-08,429.8048400138968,431.78348344312815,424.3965323198635,425.2319641113281,10792648,RELIANCE.NS
2018-05-09,424.70434319711154,432.7947617924149,423.0994324320435,429.45306396484375,9831044,RELIANCE.NS
2018-05-10,430.9041516397131,432.9267639401231,428.3758715884475,431.4097900390625,8781584,RELIANCE.NS
2018-05-11,431.45371193375354,435.8726687866166,429.91478327240196,434.9713134765625,8774740,RELIANCE.NS
2018-05-14,436.1584048474978,436.1584048474978,429.45299661758,433.8059997558594,5642499,RELIANCE.NS
2018-05-15,432.2451826843407,439.69805778847046,429.4311072717727,430.4424133300781,10501479,RELIANCE.NS
2018-05-16,428.26588784406755,428.26588784406755,418.7904011418488,420.4172668457031,18840763,RELIANCE.NS
2018-05-17,421.824321739678,422.11011731684533,413.97570069314287,415.6685485839844,10353948,RELIANCE.NS
2018-05-18,415.7784506940116,419.2520540639039,409.79855201674053,410.61199951171875,11440117,RELIANCE.NS
2018-05-21,409.24894505794754,411.425446901046,405.4455482253105,409.51275634765625,14491208,RELIANCE.NS
2018-05-22,410.30427941259325,410.6780121275241,406.72072479870616,407.4902038574219,11310073,RELIANCE.NS
2018-05-23,407.1604150015514,407.1604150015514,399.7514791723163,401.11456298828125,9991028,RELIANCE.NS
2018-05-24,401.8839707336553,404.9618571093157,400.1911523055173,402.6974182128906,11632489,RELIANCE.NS
2018-05-25,402.76344355950897,406.0172047108534,402.08193095138967,404.8739929199219,17782410,RELIANCE.NS
2018-05-28,406.67670248488076,407.60007136297725,403.68675310616374,404.69805908203125,11369679,RELIANCE.NS
2018-05-29,405.18178610118196,408.0398007894918,402.0599307396476,403.4010009765625,17878384,RELIANCE.NS
2018-05-30,402.25776615814925,405.9292282293453,398.6302432865486,402.807373046875,13105124,RELIANCE.NS
2018-05-31,404.96186442106887,405.5334848996768,402.12583435665135,405.11578369140625,37080158,RELIANCE.NS
2018-06-01,404.5222122806992,411.44746465964994,403.8406703753189,409.1610412597656,19174278,RELIANCE.NS
2018-06-04,410.41416578861435,415.0749495950042,409.16103273512294,413.6899108886719,12250151,RELIANCE.NS
2018-06-05,414.54730676795157,419.91161647940135,413.7558435379996,416.6798400878906,17436812,RELIANCE.NS
2018-06-06,416.39409659320154,420.3513545348371,414.48140577808334,419.6478576660156,9164022,RELIANCE.NS
2018-06-07,419.867615787806,429.1452430384665,419.6697573333403,427.10064697265625,14999572,RELIANCE.NS
2018-06-08,424.9021688072741,433.78404996074806,422.37388934369153,432.8167419433594,14289325,RELIANCE.NS
2018-06-11,434.0259340382162,439.6760393490657,430.486348433424,432.06927490234375,15018718,RELIANCE.NS
2018-06-12,432.3990036273651,439.69798763327526,431.0359493667822,438.4448547363281,16285583,RELIANCE.NS
2018-06-13,439.6980286381466,442.29226111637854,435.08121352889714,440.7972717285156,12962502,RELIANCE.NS
2018-06-14,438.57681989400896,444.88648313201196,434.15786307013644,443.19366455078125,11997529,RELIANCE.NS
2018-06-15,442.3362630706637,450.03096528434185,439.3682976970795,445.9417724609375,24705890,RELIANCE.NS
2018-06-18,443.56740454866923,448.68988763121666,442.77594125853454,446.5353698730469,12363932,RELIANCE.NS
2018-06-19,445.8098653159325,446.20561164199324,436.9059692248665,437.9612731933594,13881382,RELIANCE.NS
2018-06-20,437.93921983084886,449.76711165971903,437.43358152034756,448.1622009277344,15735681,RELIANCE.NS
2018-06-21,450.00895474351086,455.52718391629855,449.06360156036607,453.74639892578125,22988909,RELIANCE.NS
2018-06-22,452.1854504134907,452.53722816258426,443.4134899365319,445.19427490234375,35370008,RELIANCE.NS
2018-06-25,444.71068807846007,446.95314330308736,440.7094317809254,441.65478515625,11369371,RELIANCE.NS
2018-06-26,442.33625899115987,442.33625899115987,428.81554753719774,430.4424133300781,17649122,RELIANCE.NS
2018-06-27,433.12052820746794,436.1747266340686,426.1268525939572,427.52117919921875,19595831,RELIANCE.NS
2018-06-28,425.8170683951717,428.69421733753336,416.21184731295983,418.2701110839844,18770484,RELIANCE.NS
2018-06-29,420.10704532798803,431.79269130556816,420.06278286054453,430.442626953125,17425606,RELIANCE.NS
2018-07-02,430.39834460059154,430.39834460059154,423.60387887568197,425.1973571777344,14570004,RELIANCE.NS
2018-07-03,427.1449697541093,433.0984487061848,425.0867059935559,429.93359375,11084063,RELIANCE.NS
2018-07-04,430.1549500336946,439.0962349919258,429.80085027017634,438.2552185058594,10938521,RELIANCE.NS
2018-07-05,441.30935969244535,446.35542839889365,424.3121005108988,426.92364501953125,40946479,RELIANCE.NS
2018-07-06,427.03430049233924,435.11243665609027,426.92364433094065,432.7000732421875,20039239,RELIANCE.NS
2018-07-09,436.9272728855685,442.63727876250505,435.33376500734437,441.3536376953125,11309207,RELIANCE.NS
2018-07-10,443.8545001333729,455.252409534271,442.63725283675956,454.0130310058594,22846197,RELIANCE.NS
2018-07-11,453.7032475214379,460.74118690119207,450.538392356147,459.8116455078125,18953870,RELIANCE.NS
2018-07-12,462.2682894064279,486.4584091561324,461.4936666241952,479.0885009765625,52736376,RELIANCE.NS
2018-07-13,478.26957749632805,490.884734386246,478.048235627263,486.8124694824219,39301408,RELIANCE.NS
2018-07-16,486.8124786980212,490.84048121382574,474.9719147087107,476.3662414550781,14427529,RELIANCE.NS
2018-07-17,477.2957779713499,485.10830981860164,473.44482535470144,483.51483154296875,14150770,RELIANCE.NS
2018-07-18,486.19280703153544,488.93716869429767,476.8531603417831,483.6033935546875,10241565,RELIANCE.NS
2018-07-19,483.93532808698376,493.54054891068466,480.8589981297776,489.04779052734375,11885426,RELIANCE.NS
2018-07-20,492.83237795489623,503.9425527767501,492.1684113945521,499.5826110839844,17538801,RELIANCE.NS
2018-07-23,500.09161892617885,500.09161892617885,492.69960928487313,495.8865661621094,12779803,RELIANCE.NS
2018-07-24,496.63904445000685,498.7415411032088,490.1765176707463,491.7478942871094,9775749,RELIANCE.NS
2018-07-25,491.32735759499656,497.0816552197648,488.76007557931655,493.60693359375,13014255,RELIANCE.NS
2018-07-26,491.3716687277913,496.41776742607743,490.3536024039706,491.6151123046875,14053674,RELIANCE.NS
2018-07-27,495.5324865625892,503.4557052518658,492.27910630153576,500.1138000488281,14610585,RELIANCE.NS
2018-07-30,500.1801842762957,512.2641939145209,499.29493482093454,509.65264892578125,30344461,RELIANCE.NS
2018-07-31,509.4754973915056,526.9153809461602,507.77136298220756,524.9677734375,30350826,RELIANCE.NS
2018-08-01,526.915416799906,532.4484024548143,524.702234357026,527.778564453125,21227054,RELIANCE.NS
2018-08-02,527.4023594922769,527.4023594922769,516.0929742378468,517.1552734375,13668930,RELIANCE.NS
2018-08-03,520.098827431446,523.8612553695951,517.6864343032773,520.9619750976562,14536058,RELIANCE.NS
2018-08-06,520.8512529511331,529.3941449850735,520.2537392278248,527.8892211914062,8785462,RELIANCE.NS
2018-08-07,528.9073452550091,531.7845241149437,520.9841264153655,524.171142578125,8879612,RELIANCE.NS
2018-08-08,524.5252096295219,541.1241082944092,524.5252096295219,538.9994506835938,17307566,RELIANCE.NS
2018-08-09,540.6814545371221,545.196344330461,536.476402010622,539.110107421875,14976885,RELIANCE.NS
2018-08-10,536.0338309730729,537.8043889132804,532.1828777948207,533.0238647460938,7833494,RELIANCE.NS
2018-08-13,530.0802170660986,531.1425752585429,523.5070936646752,525.7202758789062,10211072,RELIANCE.NS
2018-08-14,526.7383864812343,538.7781325107724,524.2153666760712,535.8567504882812,11592139,RELIANCE.NS
2018-08-16,532.6033790044269,538.2469915795908,529.1728898946021,531.5188598632812,13086024,RELIANCE.NS
2018-08-17,535.1485162859524,537.9814325957946,531.186936523282,532.82470703125,8379864,RELIANCE.NS
2018-08-20,534.6615725949496,547.4537798214348,534.5508868824152,546.61279296875,16639535,RELIANCE.NS
2018-08-21,547.6529254260623,553.9604738106456,543.1158754684442,552.05712890625,15923396,RELIANCE.NS
2018-08-23,551.658858450267,563.9199166673336,548.162064380408,561.9059448242188,17429373,RELIANCE.NS
2018-08-24,560.0468770289477,566.553637289523,557.7451695344503,565.4691772460938,14550512,RELIANCE.NS
2018-08-27,566.3101408198725,573.5915235392732,566.0224643295545,571.6660766601562,12188510,RELIANCE.NS
2018-08-28,573.6578398970628,585.6090584376154,573.215215305651,583.8385009765625,19018790,RELIANCE.NS
2018-08-29,582.6434454777053,588.2649559431339,571.0906463804185,572.8611450195312,24230135,RELIANCE.NS
2018-08-30,572.5954863822391,574.1668923374838,562.3484610794108,564.1190185546875,21545859,RELIANCE.NS
2018-08-31,562.1493822055606,562.1493822055606,547.3653036011001,549.6006469726562,33479841,RELIANCE.NS
2018-09-03,551.0834348230343,556.7934703656733,542.6954313774909,544.067626953125,26686176,RELIANCE.NS
2018-09-04,546.7233717913517,555.4212115157528,544.0012008268734,549.7333374023438,19333815,RELIANCE.NS
2018-09-05,549.9767648351094,554.4695525826468,534.9271136986284,543.1159057617188,22584608,RELIANCE.NS
2018-09-06,544.5101273633769,560.2458740433989,542.3854703318389,558.342529296875,24487897,RELIANCE.NS
2018-09-07,559.8918588420294,567.1732409512334,555.2884444285472,565.9559936523438,23389269,RELIANCE.NS
2018-09-10,564.3625784170837,565.2478869312699,553.340927676357,555.8861083984375,15440786,RELIANCE.NS
2018-09-11,557.2803120170412,561.4411017760156,546.325027278262,547.8521118164062,23787332,RELIANCE.NS
2018-09-12,554.0933629003331,557.1475914382887,543.9348603816215,554.4032592773438,17642490,RELIANCE.NS
2018-09-14,557.4574108229871,564.628107824439,552.2564231675549,554.69091796875,17233514,RELIANCE.NS
2018-09-17,553.6285756317748,553.6285756317748,540.7256832758947,542.6290283203125,14773803,RELIANCE.NS
2018-09-18,542.6732962459503,548.6046437585512,537.5165714076329,538.7559204101562,16660044,RELIANCE.NS
2018-09-19,541.7880203228374,541.7880203228374,531.607416524799,535.923095703125,24642640,RELIANCE.NS
2018-09-21,539.5748867726132,547.7194178254392,523.8612958858874,538.9109497070312,41713856,RELIANCE.NS
2018-09-24,537.5607671442938,548.8258879543697,533.1565047470691,545.3511962890625,22098277,RELIANCE.NS
2018-09-25,546.8783314029075,551.0833835775716,528.951502034145,544.7094116210938,21250513,RELIANCE.NS
2018-09-26,548.4276564018437,555.0450433187049,543.182406037007,553.9163208007812,13992341,RELIANCE.NS
2018-09-27,555.5098534087277,559.0509693100778,547.7636845353077,554.95654296875,23642923,RELIANCE.NS
2018-09-28,557.6787605123563,562.9019092990245,552.1015119629488,556.8156127929688,24220992,RELIANCE.NS
2018-10-01,556.704946131616,556.704946131616,532.9352921219858,545.1963500976562,16039441,RELIANCE.NS
2018-10-03,544.2225144827592,548.6931413528295,531.1868352532949,533.422119140625,16135428,RELIANCE.NS
2018-10-04,526.5170610987046,526.915423306167,489.55683702218835,496.74969482421875,50774608,RELIANCE.NS
2018-10-05,486.6796898804231,493.67333663354873,459.5238698269349,464.2601013183594,47998260,RELIANCE.NS
2018-10-08,464.7691837675426,494.4258648450093,453.9466852504677,491.06182861328125,53983473,RELIANCE.NS
2018-10-09,496.48411948822644,497.2144797488349,478.57944909427255,482.4967956542969,24042005,RELIANCE.NS
2018-10-10,484.2008956262235,493.91680201452164,479.951580863742,487.8305358886719,20784941,RELIANCE.NS
2018-10-11,470.9660620458732,493.4298830696556,461.6706786591578,481.5008239746094,28926389,RELIANCE.NS
2018-10-12,489.0921165702783,499.7375362518492,487.74208166607633,498.653076171875,19814528,RELIANCE.NS
2018-10-15,500.13581868453605,507.6606738853133,494.9348610157845,504.4958190917969,19406012,RELIANCE.NS
2018-10-16,507.26240112320806,516.7348063938479,504.6065346457416,515.141357421875,16358598,RELIANCE.NS
2018-10-17,521.8694270033175,522.0243161046607,504.606531392762,509.6083679199219,27967162,RELIANCE.NS
2018-10-19,486.9010283540417,491.7700475018947,473.73256019501423,487.4764404296875,55606079,RELIANCE.NS
2018-10-22,491.32736792200456,493.45202534091646,468.0225300115831,470.3684997558594,28798142,RELIANCE.NS
2018-10-23,465.9864311784535,471.27594387522913,461.95842837507354,466.8495788574219,23128845,RELIANCE.NS
2018-10-24,475.79083404980474,476.255619514561,456.53612848480526,462.8879699707031,29869514,RELIANCE.NS
2018-10-25,458.57227539594385,460.63053933092556,449.8965654116271,456.2705383300781,30833933,RELIANCE.NS
2018-10-26,457.20004454263693,467.86762393617505,452.37531752942397,462.5116882324219,20085933,RELIANCE.NS
2018-10-29,462.9985821293439,484.1787621470229,462.9985821293439,481.5008239746094,16781215,RELIANCE.NS
2018-10-30,480.4827719550035,480.4827719550035,465.6986652988151,467.86761474609375,19263668,RELIANCE.NS
2018-10-31,468.75284431979924,471.784911714554,463.44120095796404,469.748779296875,35999348,RELIANCE.NS
2018-11-01,472.69240064888663,472.69240064888663,464.7692115212689,467.5356750488281,20552752,RELIANCE.NS
2018-11-02,472.2939483061466,478.4908703381473,470.5897844056496,475.790771484375,36739798,RELIANCE.NS
2018-11-05,475.1490197847463,483.66978116030407,471.4087230901009,482.6074523925781,16585905,RELIANCE.NS
2018-11-06,484.24519386814285,492.2126744103127,483.18286509903413,488.7158508300781,18886485,RELIANCE.NS
2018-11-07,493.54052149624897,493.54052149624897,489.8666484662768,491.6371765136719,2808599,RELIANCE.NS
2018-11-09,489.66751250930923,493.00941737855555,480.2614724335663,484.0017395019531,23712291,RELIANCE.NS
2018-11-12,485.88294105630706,486.3698281761939,475.6358848288891,478.0482482910156,12690610,RELIANCE.NS
2018-11-13,475.3924398100861,488.2289093220157,473.6440133349889,486.6575622558594,14899604,RELIANCE.NS
2018-11-14,489.13634567495455,492.50038186216375,480.4827968608081,485.9936218261719,17034346,RELIANCE.NS
2018-11-15,485.55100685333554,488.2289452972339,480.92543114923296,485.5067443847656,14943663,RELIANCE.NS
2018-11-16,485.9935864527003,500.1579887489508,485.61735550475953,499.0292663574219,24131016,RELIANCE.NS
2018-11-19,501.46374979580054,509.78532931071237,500.6227629897791,509.0328674316406,15987574,RELIANCE.NS
2018-11-20,506.8197236292204,511.64445070498687,500.18011722241687,503.4556579589844,12511640,RELIANCE.NS
2018-11-21,503.4999146912165,507.0410301884581,490.0216095734906,492.61102294921875,16422494,RELIANCE.NS
2018-11-22,493.319323469768,498.12194950131465,486.9453501080115,488.16259765625,12670591,RELIANCE.NS
2018-11-26,490.88479783247743,494.6471964249783,485.7502035747858,491.2167663574219,13969873,RELIANCE.NS
2018-11-27,490.3978456459913,500.1801167362265,489.31338566189805,499.3833923339844,14896607,RELIANCE.NS
2018-11-28,501.26458812722854,512.4633470527494,498.5424168099133,510.2059020996094,17507771,RELIANCE.NS
2018-11-29,513.9018766068516,522.2677189108547,513.4592519548756,517.2216796875,27640198,RELIANCE.NS
2018-11-30,518.9036440678603,524.9677789775235,514.4772794365788,516.8011474609375,23443212,RELIANCE.NS
2018-12-03,520.0545716674077,520.0545716674077,508.36892549379166,511.887939453125,12182825,RELIANCE.NS
2018-12-04,512.5739228299735,512.5739228299735,505.58027632529297,510.0509033203125,11358720,RELIANCE.NS
2018-12-05,506.26636947361516,512.9280769901476,504.29660122667514,511.3124084472656,12729759,RELIANCE.NS
2018-12-06,508.59021642539426,508.59021642539426,494.9791534586504,497.3694152832031,12831451,RELIANCE.NS
2018-12-07,499.9366140352938,503.25635755117946,490.5969397219815,501.862060546875,15779984,RELIANCE.NS
2018-12-10,491.32736989959454,493.230715000803,479.42044172228947,482.5852966308594,20521072,RELIANCE.NS
2018-12-11,471.85130735200704,487.8305295145175,466.9823181531122,485.8165283203125,29518062,RELIANCE.NS
2018-12-12,486.45837456551925,492.8766391720069,481.4787287925514,491.5487060546875,27572962,RELIANCE.NS
2018-12-13,499.29485901164674,499.29485901164674,484.7099627810662,490.0216064453125,20337275,RELIANCE.NS
2018-12-14,488.2732056825799,493.4963246900918,483.27139901697336,492.30120849609375,15795834,RELIANCE.NS
2018-12-17,493.961072137774,501.5080292498539,491.9913333510003,500.1358337402344,11077711,RELIANCE.NS
2018-12-18,497.2145007564432,504.1638857257209,495.97509252010303,503.0130615234375,12841994,RELIANCE.NS
2018-12-19,505.2704277880674,507.8377097037546,501.5965252165056,503.1900329589844,16118419,RELIANCE.NS
2018-12-20,496.1963477490829,501.2867084210237,494.0495886865368,499.4940490722656,12609700,RELIANCE.NS
2018-12-21,497.9669817941182,500.73347487554474,485.13051062790413,486.9895935058594,18115814,RELIANCE.NS
2018-12-24,487.29940701814274,488.31747334945453,480.9475654515845,482.0984191894531,9065704,RELIANCE.NS
2018-12-26,480.61556706264236,486.90101453525165,471.69641421389167,486.170654296875,15771193,RELIANCE.NS
2018-12-27,490.0879864744526,498.85222043678067,488.671558052731,495.8422546386719,27294221,RELIANCE.NS
2018-12-28,498.18822740334554,502.50396548742816,496.2848823093823,498.21038818359375,16768547,RELIANCE.NS
2018-12-31,500.6006453893138,501.8843160362173,494.0717541773984,496.30706787109375,15799099,RELIANCE.NS
2019-01-01,498.0775628458981,498.9849728586727,491.3715930627903,496.1963195800781,9746670,RELIANCE.NS
2019-01-02,493.31926575244586,498.8522514846727,487.343655344541,489.7339172363281,15628818,RELIANCE.NS
2019-01-03,490.22081646225075,493.36354038015054,482.5189400816617,483.6919250488281,16288287,RELIANCE.NS
2019-01-04,485.7501554591943,488.8707479276948,478.53516673110533,486.3034362792969,18516544,RELIANCE.NS
2019-01-07,489.9995056522885,495.06770606812256,487.3436688813243,489.0035705566406,12060290,RELIANCE.NS
2019-01-08,489.1584706528177,491.30525940351646,485.1304679541355,488.95928955078125,12304389,RELIANCE.NS
2019-01-09,492.21264263185543,494.4258249623011,486.32555754042943,491.6593322753906,12614237,RELIANCE.NS
2019-01-10,490.33148136893067,491.7700707213868,488.2289549747655,490.2208251953125,8925160,RELIANCE.NS
2019-01-11,490.26505606504674,493.0094176370213,481.85495103045383,486.0378723144531,14139060,RELIANCE.NS
2019-01-14,484.6878651488265,487.12236004562834,480.8811746140079,485.484619140625,8994060,RELIANCE.NS
2019-01-15,489.11424457328434,501.0654661570828,489.11424457328434,500.0252685546875,22011407,RELIANCE.NS
2019-01-16,502.3932657416925,506.81968941252785,500.3350316251482,502.79168701171875,13961606,RELIANCE.NS
2019-01-17,506.57629815183714,508.10338294893256,500.1801642588443,502.1499328613281,16379077,RELIANCE.NS
2019-01-18,508.5017364096409,526.6941435340066,502.5040239545783,524.2374877929688,56181172,RELIANCE.NS
2019-01-21,528.5088834121478,548.8480467926589,526.1407529722634,547.8521118164062,48206814,RELIANCE.NS
2019-01-22,545.7054738560403,551.9466598791307,539.8404893083788,546.7235107421875,36207430,RELIANCE.NS
2019-01-23,545.9044615705386,550.7292469993979,540.9026853969897,542.8060302734375,19313542,RELIANCE.NS
2019-01-24,542.2307176885093,554.7130882758987,540.0617976543355,552.1679077148438,28775487,RELIANCE.NS
2019-01-25,553.4957691968117,559.8033178284057,546.8340617705471,551.5260009765625,18703992,RELIANCE.NS
2019-01-28,553.5179429525717,555.9303361110078,541.0798348240664,544.2446899414062,18744303,RELIANCE.NS
2019-01-29,544.8864613246026,545.1741968816506,531.7622569321205,535.8787841796875,20405845,RELIANCE.NS
2019-01-30,537.8044276275456,542.2307932489883,527.2253416958772,529.261474609375,17164298,RELIANCE.NS
2019-01-31,532.0499778547592,544.3110343342596,531.6073532371764,543.1823120117188,22279301,RELIANCE.NS
2019-02-01,546.2144636186489,555.5098184046919,543.1381334083609,553.2744750976562,20187323,RELIANCE.NS
2019-02-04,551.968816107906,574.0786033086717,549.7777939148174,571.400634765625,25528059,RELIANCE.NS
2019-02-05,571.8873820352513,577.3761052108845,565.9560341911196,571.6881713867188,20479210,RELIANCE.NS
2019-02-06,573.7684714469648,583.2409332619224,572.8832222565046,579.9653930664062,20586783,RELIANCE.NS
2019-02-07,579.9654440045323,584.8123314865187,569.2757931615276,571.1791381835938,20150710,RELIANCE.NS
2019-02-08,568.7003724990501,575.6498162527372,563.145285109626,565.5576782226562,14230054,RELIANCE.NS
2019-02-11,564.7608799881442,564.8051424496962,553.7391724892514,554.735107421875,16457901,RELIANCE.NS
2019-02-12,553.9605964529412,563.1895874760552,553.9605964529412,556.1295166015625,13998153,RELIANCE.NS
2019-02-14,549.3128564552972,549.3128564552972,539.1321939259117,541.8765258789062,14496604,RELIANCE.NS
2019-02-15,544.3332058212081,553.2523589386116,537.3616603663344,550.8399658203125,20994460,RELIANCE.NS
2019-02-18,553.2966619176988,554.4032827800006,537.8043835134239,540.0618286132812,21106139,RELIANCE.NS
2019-02-19,539.1321855608721,548.7374358904422,536.1222788619095,538.2911987304688,13658461,RELIANCE.NS
2019-02-20,541.7215860680074,548.8701804018691,539.5747680518498,546.3692626953125,13776558,RELIANCE.NS
2019-02-21,547.0997112247437,556.7492248237998,544.1561684297326,551.9244384765625,23142949,RELIANCE.NS
2019-02-22,550.9064312740302,551.2162685698074,542.673375318835,545.484130859375,19152470,RELIANCE.NS
2019-02-25,547.0996844102749,550.1981752407047,540.3051890023434,545.4619140625,17176522,RELIANCE.NS
2019-02-26,535.3697501614166,546.568508156536,533.8205639171774,540.1281127929688,22160532,RELIANCE.NS
2019-02-27,543.5806810693128,551.0391128042148,535.1484160679546,541.566650390625,24308835,RELIANCE.NS
2019-02-28,546.1038372836208,548.8039072567752,542.9168210075819,544.90869140625,24688859,RELIANCE.NS
2019-03-01,547.5423224852349,549.910453132345,541.0134608104729,542.6954345703125,17329606,RELIANCE.NS
2019-03-05,541.5224694607421,548.7817507558763,539.397811854067,547.830078125,15577500,RELIANCE.NS
2019-03-06,548.7816838409304,563.5214978834231,546.70128895691,559.8475952148438,26332276,RELIANCE.NS
2019-03-07,559.493577776652,566.4872253380775,556.9041346329068,562.2600708007812,17738092,RELIANCE.NS
2019-03-08,560.4009372146203,564.1191025568273,558.6082777903562,560.86572265625,13211934,RELIANCE.NS
2019-03-11,562.1714737819083,580.7400799174743,561.2640637135738,577.2432861328125,21258869,RELIANCE.NS
2019-03-12,582.9090423710314,590.4781607218365,581.7360574304449,589.30517578125,24561597,RELIANCE.NS
2019-03-13,591.8061426746194,601.9867474570777,587.8666645373902,596.3652954101562,24577591,RELIANCE.NS
2019-03-14,597.4497089144025,602.8720089653071,591.4076752180963,593.820068359375,22753310,RELIANCE.NS
2019-03-15,595.3471487793354,601.4555465859182,580.3860210833575,585.0115966796875,34764353,RELIANCE.NS
2019-03-18,589.1502531477479,601.079372818546,588.26500375624,597.58251953125,22104063,RELIANCE.NS
2019-03-19,601.9866738940681,610.8394625509037,594.5061398709255,609.3123779296875,21448030,RELIANCE.NS
2019-03-20,609.8656369626848,614.3805267326183,603.7572393047114,608.825439453125,21639437,RELIANCE.NS
2019-03-22,607.5197242067311,611.2378899295851,591.6733460571144,593.9086303710938,25078643,RELIANCE.NS
2019-03-25,588.9730844650911,591.7395768986418,582.8204251489317,586.2508544921875,17394088,RELIANCE.NS
2019-03-26,588.8403780475189,607.1213086670006,588.7075906473199,605.1958618164062,20734876,RELIANCE.NS
2019-03-27,609.9320763376186,609.9320763376186,595.0152110776627,597.2283935546875,22079870,RELIANCE.NS
2019-03-28,597.6710757187243,606.3246549025426,594.3734329198153,601.9867553710938,22930248,RELIANCE.NS
2019-04-01,606.4131020011401,622.7021032334529,603.1154596255492,616.084716796875,22088854,RELIANCE.NS
2019-04-02,618.806959600837,621.0644045184021,610.8837416081006,615.133056640625,17526740,RELIANCE.NS
2019-04-03,616.4831138425319,621.0201646238312,607.2983856558683,608.71484375,17169813,RELIANCE.NS
2019-04-04,610.3968974724891,612.4772926682142,596.3431199622236,598.9104614257812,18320845,RELIANCE.NS
2019-04-05,602.4072136697757,603.7129859979176,594.4618939853823,599.28662109375,14717266,RELIANCE.NS
2019-04-08,600.2161424166632,600.8800793688172,585.9189530457305,588.3755493164062,19081843,RELIANCE.NS
2019-04-09,588.2207125793918,593.4438019252227,584.7238594627548,590.6773681640625,20774977,RELIANCE.NS
2019-04-10,592.2265507481526,596.6750764335661,587.1583505228762,589.3272705078125,16651949,RELIANCE.NS
2019-04-11,590.0134228350183,598.888314244937,588.2650256739382,596.1439819335938,12558520,RELIANCE.NS
2019-04-12,597.5603952687154,600.614624046917,591.65120748071,594.5062255859375,12948769,RELIANCE.NS
2019-04-15,595.347076344954,597.0955322431255,590.920711938801,593.2003173828125,9285737,RELIANCE.NS
2019-04-16,595.3471355615848,601.9866828312216,593.1339531383726,594.7938842773438,17360317,RELIANCE.NS
2019-04-18,608.6262569615424,615.1551181712927,604.1998923495519,613.47314453125,39286534,RELIANCE.NS
2019-04-22,601.9866741912256,605.0851649965012,593.7093566824035,595.5020751953125,23607922,RELIANCE.NS
2019-04-23,596.67504937718,607.7409611357401,595.7898000746608,603.6908569335938,19807450,RELIANCE.NS
2019-04-24,606.5459252679693,617.3905256072113,604.7532066374247,615.0445556640625,16101112,RELIANCE.NS
2019-04-25,614.8674093124826,625.1808584075831,603.1375023418105,607.475341796875,30469914,RELIANCE.NS
2019-04-26,608.6262916236552,617.8995443334779,606.7229464587433,616.5051879882812,15069884,RELIANCE.NS
2019-04-30,618.0986958860659,618.0986958860659,604.9966511607613,616.5051879882812,22348580,RELIANCE.NS
2019-05-02,616.1510924873053,625.8448682453895,611.768990059855,621.9275512695312,18992003,RELIANCE.NS
2019-05-03,623.211134884836,627.4383480359272,620.865165141616,623.6094970703125,14240262,RELIANCE.NS
2019-05-06,618.8069219399775,620.9315793269321,609.9983960458962,613.0083618164062,15832114,RELIANCE.NS
2019-05-07,617.3904606725227,617.4789856008622,593.2224460908922,594.6831665039062,19417647,RELIANCE.NS
2019-05-08,593.1338663980364,593.1338663980364,571.9758195243126,575.1849365234375,31958919,RELIANCE.NS
2019-05-09,570.4709655524047,570.4709655524047,554.0712771743898,556.1516723632812,42670173,RELIANCE.NS
2019-05-10,559.9361634824019,565.5576740793575,551.083433698049,553.8056640625,24557430,RELIANCE.NS
2019-05-13,552.367002855702,558.0769782422284,543.3371657668453,545.3511962890625,17603659,RELIANCE.NS
2019-05-14,547.3209346445572,561.8615963834152,545.1077524862425,557.922119140625,28438234,RELIANCE.NS
2019-05-15,563.4772624034616,565.6904447842285,553.5621746080103,556.3507690429688,24419559,RELIANCE.NS
2019-05-16,557.700893115146,562.9904057923432,556.8820079074782,560.0911254882812,14451308,RELIANCE.NS
2019-05-17,560.8215462998704,565.2257509949617,554.1819389855777,560.9985961914062,17276949,RELIANCE.NS
2019-05-20,581.4484201856392,592.1159710878152,576.9777333643875,586.892822265625,26979100,RELIANCE.NS
2019-05-21,589.6813430160265,605.0850929912697,588.7296705642742,593.0453491210938,30343560,RELIANCE.NS
2019-05-22,595.6348421452735,601.8538661321671,590.96500441242,593.3109741210938,24689918,RELIANCE.NS
2019-05-23,607.2983091066549,616.15103811441,586.4943604811834,590.433837890625,38766006,RELIANCE.NS
2019-05-24,596.675036517145,599.2423185345325,582.7319466350825,591.7396240234375,22269265,RELIANCE.NS
2019-05-27,591.8503232509513,592.0273731116835,578.5269075629556,580.1425170898438,16076686,RELIANCE.NS
2019-05-28,584.1927040808862,590.8322514138105,581.3376863176912,585.9411010742188,42594251,RELIANCE.NS
2019-05-29,584.7237883590988,590.168248475365,577.2653566726345,581.204833984375,15558515,RELIANCE.NS
2019-05-30,582.6213139410421,594.019223371127,582.6213139410421,588.596923828125,23494381,RELIANCE.NS
2019-05-31,592.2044778643392,593.9750357311897,584.3697844190792,588.7740478515625,25724066,RELIANCE.NS
2019-06-03,590.920760397822,605.1958488284881,584.8123628335076,602.0752563476562,18556942,RELIANCE.NS
2019-06-04,600.8580540401889,608.2943859623259,596.7194241290107,598.290771484375,15442761,RELIANCE.NS
2019-06-06,602.82779506063,602.82779506063,584.7681748617575,587.53466796875,16764835,RELIANCE.NS
2019-06-07,586.9150157633808,587.4904279138191,577.9073365559552,582.0238647460938,14722419,RELIANCE.NS
2019-06-10,584.6795298650989,587.3795991628351,579.8990657422914,583.9049072265625,11768468,RELIANCE.NS
2019-06-11,585.1000191331866,590.699368034628,583.3958848837236,588.3312377929688,11492074,RELIANCE.NS
2019-06-12,590.7880242809626,592.4257947525115,586.4944465364875,589.6593017578125,10297599,RELIANCE.NS
2019-06-13,588.7076038554885,590.787998934032,579.2573010665908,587.4903564453125,15686169,RELIANCE.NS
2019-06-14,585.1221629957886,586.4943584434794,579.5892369328708,583.1967163085938,14942768,RELIANCE.NS
2019-06-17,584.2812339912606,584.2812339912606,565.911778180256,567.5938110351562,14908257,RELIANCE.NS
2019-06-18,566.0888007170457,570.0947015577816,561.7509609348842,567.0183715820312,16797371,RELIANCE.NS
2019-06-19,569.6299846715991,576.3137950100071,558.8739088523005,565.4027709960938,14492763,RELIANCE.NS
2019-06-20,566.5758187631393,575.4286093295182,565.6905692542153,573.989990234375,10748848,RELIANCE.NS
2019-06-21,573.6358142299943,573.6579750124874,564.6060340567591,566.3544311523438,23236832,RELIANCE.NS
2019-06-24,563.1010185325224,565.0043637095691,556.4393695082755,558.7853393554688,11267228,RELIANCE.NS
2019-06-25,557.2360083965599,574.5431031065344,555.177715353136,573.5914306640625,14966899,RELIANCE.NS
2019-06-26,571.4446921634263,577.4645642543747,569.3863990466393,572.8389892578125,11593027,RELIANCE.NS
2019-06-27,572.3964332567001,574.0563053208624,562.5919717680536,563.986328125,24905533,RELIANCE.NS
2019-06-28,565.2919866149682,567.8371666041128,552.6989331392258,554.668701171875,18942165,RELIANCE.NS
2019-07-01,556.8597964178464,563.3222934590809,551.725232394284,561.6403198242188,13478857,RELIANCE.NS
2019-07-02,563.8978322942693,567.0184250293855,559.1837315656976,565.9118041992188,10146746,RELIANCE.NS
2019-07-03,567.8594159651082,569.4529239698368,564.3847234502912,567.7044677734375,8806492,RELIANCE.NS
2019-07-04,567.1954892433374,571.4448046030109,566.5757555607951,568.3463134765625,9351405,RELIANCE.NS
2019-07-05,568.8331631776572,571.2234546184956,557.7229883348122,559.205810546875,10926753,RELIANCE.NS
2019-07-08,556.8376847003334,561.3083116822136,552.4998451082868,554.2039794921875,14009219,RELIANCE.NS
2019-07-09,552.8318519910956,568.1249781490415,551.3047672725918,566.6199951171875,17535754,RELIANCE.NS
2019-07-10,566.597799927596,570.7143270299403,561.5738628185551,566.066650390625,12018196,RELIANCE.NS
2019-07-11,569.6742340526625,570.9136422948378,566.2659057082456,567.2618408203125,8608376,RELIANCE.NS
2019-07-12,567.9035585793492,575.4284132224296,565.712478148345,566.7969970703125,15692436,RELIANCE.NS
2019-07-15,568.7889060528559,570.7807762086532,562.3043067510758,564.8494873046875,10659498,RELIANCE.NS
2019-07-16,566.5534964842863,573.1709408209739,565.2698261007184,572.3298950195312,10070773,RELIANCE.NS
2019-07-17,572.90535550275,574.1005010711244,566.5756461560046,567.39453125,9482233,RELIANCE.NS
2019-07-18,567.4610232119414,569.4086308695252,556.8377355775831,558.5418701171875,11942908,RELIANCE.NS
2019-07-19,561.3526341456075,563.4551309237335,550.065350230861,552.85400390625,16336536,RELIANCE.NS
2019-07-22,553.7391575958254,568.5674954847713,543.2486590131189,566.7969970703125,29092589,RELIANCE.NS
2019-07-23,568.7889053842914,572.7283832232471,557.9000427899266,563.7207641601562,20316348,RELIANCE.NS
2019-07-24,563.6986188429327,566.044588804399,554.8679903139908,557.3246459960938,15189179,RELIANCE.NS
2019-07-25,559.4936278940041,561.7289714772154,543.1160397280863,545.10791015625,21805071,RELIANCE.NS
2019-07-26,545.1078873216514,549.9768774552333,535.5911603200976,537.273193359375,20387504,RELIANCE.NS
2019-07-29,538.6453019932452,540.9027468061763,533.4221538311792,536.0115966796875,17626045,RELIANCE.NS
2019-07-30,537.3395146524581,540.0174823559394,520.5193056422527,522.7103271484375,20853117,RELIANCE.NS
2019-07-31,520.4308831584165,524.5252505096948,514.5216362429514,516.225830078125,21229950,RELIANCE.NS
2019-08-01,514.9641771223088,525.9416230925917,509.1877776603354,522.4226684570312,22628222,RELIANCE.NS
2019-08-02,523.5325023050001,533.5738699720014,517.4764941575648,527.38427734375,23766807,RELIANCE.NS
2019-08-05,519.6583423312425,519.6583423312425,502.29188726944534,509.1271667480469,30399133,RELIANCE.NS
2019-08-06,505.29763110816157,511.9102698816642,499.6201429946176,502.42547607421875,29067994,RELIANCE.NS
2019-08-07,501.62398206269296,506.9897732425716,491.20406705572293,494.0094299316406,25349369,RELIANCE.NS
2019-08-08,493.54184479656,515.6506970351464,487.7307721921939,513.1348266601562,31198568,RELIANCE.NS
2019-08-09,517.3650887436063,523.4433298981054,513.1125017553761,517.4763793945312,21970009,RELIANCE.NS
2019-08-13,549.1144893966301,580.1292046543605,545.9306378294675,567.6387329101562,104827144,RELIANCE.NS
2019-08-14,580.6637220080089,580.8640689784442,570.1324864795871,573.6503295898438,31688983,RELIANCE.NS
2019-08-16,574.9639544714397,575.2311234055627,566.8595923358139,569.0860595703125,21977767,RELIANCE.NS
2019-08-19,570.4440697874281,577.4574608067849,569.9764945327703,575.5872192382812,16317602,RELIANCE.NS
2019-08-20,574.3405138780473,575.5873021365318,566.6814339182407,568.1731567382812,14969299,RELIANCE.NS
2019-08-21,568.0395990053597,569.3755030810053,563.9651837223562,565.9467163085938,10677848,RELIANCE.NS
2019-08-22,565.9467658023939,565.9690001563606,551.675104712561,555.170654296875,14031953,RELIANCE.NS
2019-08-23,551.7195912204171,571.7577958939527,546.1533935304763,568.128662109375,21307915,RELIANCE.NS
2019-08-26,576.2107721314826,576.2107721314826,560.6255006974678,564.0988159179688,19202504,RELIANCE.NS
2019-08-27,572.2030462418404,572.2030462418404,561.6050487465466,567.683349609375,28401906,RELIANCE.NS
2019-08-28,567.1936244358561,570.422005132932,559.311902506049,562.540283203125,11605488,RELIANCE.NS
2019-08-29,559.4899082583771,561.1820374243057,550.0719369198647,552.944091796875,18890222,RELIANCE.NS
2019-08-30,554.6139685195744,558.5770931023615,543.7042736035451,555.9721069335938,24735240,RELIANCE.NS
2019-09-03,553.1668553075369,553.5008462348404,534.3531428055209,537.2030639648438,18730619,RELIANCE.NS
2019-09-04,534.5979434098722,536.6908258693913,528.141183434771,534.8651123046875,32949395,RELIANCE.NS
2019-09-05,537.3811028363892,540.2309641543467,531.3696236710425,533.7296752929688,22995486,RELIANCE.NS
2019-09-06,535.68890459839,547.2665798974994,532.2378839179241,544.3721313476562,23186819,RELIANCE.NS
2019-09-09,543.5484313072873,549.0478072829346,540.2087601059558,544.2386474609375,11747929,RELIANCE.NS
2019-09-11,544.3722960636661,552.1649622017335,544.3722960636661,549.6713256835938,12127900,RELIANCE.NS
2019-09-12,549.9383694188567,552.3651834163759,536.8912642441294,538.9618530273438,11880005,RELIANCE.NS
2019-09-13,539.6966776511717,547.0440021410868,537.4256821215511,545.752685546875,12947715,RELIANCE.NS
2019-09-16,529.4548132897087,542.8581433798865,528.1634374665119,539.1399536132812,20547730,RELIANCE.NS
2019-09-17,539.2513017834867,539.2513017834867,531.4586376216965,533.217529296875,15640772,RELIANCE.NS
2019-09-18,536.5573665004321,541.6114612308611,533.1063449627244,536.891357421875,14933909,RELIANCE.NS
2019-09-19,537.8485728999581,538.6723734072475,522.1742478115991,525.0241088867188,13766222,RELIANCE.NS
2019-09-20,528.9873404481931,565.4792074708721,522.9090980619258,558.5548706054688,48165560,RELIANCE.NS
2019-09-23,567.3716909391333,570.4219587525063,549.9384128123469,551.8086547851562,21610844,RELIANCE.NS
2019-09-24,553.7679670566171,578.3481633555577,553.3894480019216,569.3977661132812,34958974,RELIANCE.NS
2019-09-25,571.7577776639475,576.6560528769686,565.0116138141937,569.7762451171875,18192270,RELIANCE.NS
2019-09-26,575.3202304898084,578.3482047938991,571.5352180220854,577.4576416015625,18350457,RELIANCE.NS
2019-09-27,575.5427970097883,585.5619288812624,571.7577850305494,582.9124145507812,19058663,RELIANCE.NS
2019-09-30,583.335563674865,594.8018922759163,581.3539713061549,593.2433471679688,25263770,RELIANCE.NS
2019-10-01,595.3584688773351,597.5849362038297,575.8990695365911,581.0645141601562,17920384,RELIANCE.NS
2019-10-03,572.6484099833085,585.4283468989939,570.5555272924099,583.8030395507812,13524851,RELIANCE.NS
2019-10-04,587.7439420885746,591.6180108647529,580.5969644144457,582.4894409179688,14992253,RELIANCE.NS
2019-10-07,582.4893823323844,588.1446363696328,579.6395209613231,583.3800048828125,10061584,RELIANCE.NS
2019-10-09,582.7565862132678,592.2190862816494,575.5427876036466,589.9035034179688,17588647,RELIANCE.NS
2019-10-10,590.0148247146693,609.6077461918198,588.233639225813,606.82470703125,35006390,RELIANCE.NS
2019-10-11,607.2477982108662,608.0938926735619,595.1580761873038,602.3050537109375,16597126,RELIANCE.NS
2019-10-14,607.8043293742732,607.8043293742732,601.5256817061605,604.7095336914062,13394275,RELIANCE.NS
2019-10-15,606.7133758781993,610.0531062053814,603.0619484845057,607.4481201171875,9672791,RELIANCE.NS
2019-10-16,610.0086398066982,614.350224276401,607.2477751806866,611.099609375,19403660,RELIANCE.NS
2019-10-17,612.2795424439064,622.9665957225824,610.9436384902717,621.8533325195312,16038940,RELIANCE.NS
2019-10-18,625.1931291335094,635.835655393317,622.8330774763288,630.6925048828125,28121951,RELIANCE.NS
2019-10-22,634.5442231374791,639.820957644229,624.9036109424554,629.7128295898438,27786502,RELIANCE.NS
2019-10-23,630.6701719368008,634.9672273832532,615.9086450357272,620.027587890625,18446160,RELIANCE.NS
2019-10-24,623.8572069872114,641.8471160772802,617.4227401722367,639.6428833007812,22642488,RELIANCE.NS
2019-10-25,641.7135207744709,641.8693395842341,628.4214807350571,637.3051147460938,13539957,RELIANCE.NS
2019-10-27,641.6690086076726,643.4501942145495,636.7707333262263,638.6632690429688,3014841,RELIANCE.NS
2019-10-29,643.6728361854762,659.0354654669868,642.1588194992843,653.2689208984375,25768505,RELIANCE.NS
2019-10-30,659.0354579712998,661.0615781305346,650.2631739322103,658.6347045898438,16341366,RELIANCE.NS
2019-10-31,660.8166389822482,663.3325688124955,650.886563570956,652.0665893554688,19463741,RELIANCE.NS
2019-11-01,647.9031106067357,650.931084439674,641.6689908799688,648.7491455078125,13904301,RELIANCE.NS
2019-11-04,652.7567916180376,655.0277868325503,643.4946981510161,649.0831298828125,14063434,RELIANCE.NS
2019-11-05,651.5100516103723,654.1149784345749,641.6690319851688,644.474365234375,12685356,RELIANCE.NS
2019-11-06,642.4260127980896,644.0958483615741,636.1028363395386,638.9526977539062,14625505,RELIANCE.NS
2019-11-07,638.9972235731321,651.4654032117422,637.7503758842035,649.5061645507812,14084039,RELIANCE.NS
2019-11-08,645.2313964399264,649.973734129593,641.8026095996164,643.6728515625,12019353,RELIANCE.NS
2019-11-11,640.8229381763804,643.116227364074,633.4533203520368,635.7911376953125,11357841,RELIANCE.NS
2019-11-13,636.7707449505183,657.2097624735924,636.7707449505183,655.606689453125,25225749,RELIANCE.NS
2019-11-14,657.2541931939941,659.74782893942,648.2592694711562,651.3540649414062,14258133,RELIANCE.NS
2019-11-15,652.6455360789673,662.0635083106531,651.5322727628634,654.9610595703125,15691605,RELIANCE.NS
2019-11-18,655.7625002501892,661.7071569205408,648.081186273856,649.7733154296875,14076051,RELIANCE.NS
2019-11-19,653.2466089025762,674.5762480267925,652.3560458473484,672.282958984375,30176255,RELIANCE.NS
2019-11-20,692.4547478229387,700.1805897457675,687.1780135439317,689.1595458984375,43538120,RELIANCE.NS
2019-11-21,687.9795281342566,692.8777434782081,680.6544394680069,684.684326171875,14897371,RELIANCE.NS
2019-11-22,686.6882237413482,698.889294670371,684.6843973559228,688.6475219726562,22352865,RELIANCE.NS
2019-11-25,690.7181960629307,696.7964379518986,690.6513741041939,695.3492431640625,15146156,RELIANCE.NS
2019-11-26,698.2659351892099,701.9395972615475,692.8778499230012,694.7703857421875,35330983,RELIANCE.NS
2019-11-27,694.6368205516004,701.5611571283956,692.9223973101485,699.0452270507812,9642739,RELIANCE.NS
2019-11-28,700.2919340451285,705.4128499201177,696.417925337267,703.698486328125,13747479,RELIANCE.NS
2019-11-29,704.4331672085468,704.4331672085468,689.2486511776627,690.7181396484375,18559594,RELIANCE.NS
2019-12-02,712.4707684592657,718.9052350893612,702.2289961837148,706.4592895507812,31225364,RELIANCE.NS
2019-12-03,709.2423692080436,709.7989413715627,700.2696792384197,703.0750122070312,12990426,RELIANCE.NS
2019-12-04,700.4479011474155,702.4517277091587,682.9700937922422,691.408447265625,20987607,RELIANCE.NS
2019-12-05,700.8931920091011,703.4536503052666,687.5343877206762,690.5846557617188,19942460,RELIANCE.NS
2019-12-06,691.5420874877163,698.2214900819326,686.243057903879,692.3881225585938,13085234,RELIANCE.NS
2019-12-09,692.9446250588585,702.4071251649631,688.6475096381411,700.2697143554688,12642677,RELIANCE.NS
2019-12-10,700.0248063059641,700.7150224336392,692.0540287591915,695.52734375,10173333,RELIANCE.NS
2019-12-11,692.6997496186247,701.1158091150277,690.4732823124417,695.727783203125,12364641,RELIANCE.NS
2019-12-12,699.2232816841165,700.8263546736185,693.1672744072167,698.3104248046875,10326606,RELIANCE.NS
2019-12-13,703.5648862571924,708.0178801238153,700.1806870147386,704.8562622070312,12668303,RELIANCE.NS
2019-12-16,708.9084715750772,709.754506556987,696.5961092046571,697.5980224609375,11892718,RELIANCE.NS
2019-12-17,697.6648093043032,703.1196573453843,692.6775366524988,695.8613891601562,20324601,RELIANCE.NS
2019-12-18,695.9948420003209,703.5648058632917,695.5495604995814,701.7168579101562,14742077,RELIANCE.NS
2019-12-19,700.7595267067665,719.1056609955814,699.9134917904707,716.9014282226562,20507816,RELIANCE.NS
2019-12-20,719.150161810269,720.2856594061476,710.734103320188,712.0700073242188,21271510,RELIANCE.NS
2019-12-23,694.703492066375,702.4738626190867,693.6793445765387,699.7353515625,25107772,RELIANCE.NS
2019-12-24,698.6221435556297,700.0248101711578,686.8663538680914,688.6253051757812,18048449,RELIANCE.NS
2019-12-26,686.4879183345943,691.5197189547852,672.461132787399,674.7989501953125,29761019,RELIANCE.NS
2019-12-27,679.9642205190581,688.5138629847464,677.4260565589568,686.7994995117188,17677571,RELIANCE.NS
2019-12-30,688.4025633432205,689.1595418713921,680.4317869225332,687.623291015625,17123749,RELIANCE.NS
2019-12-31,686.6437000385328,687.4007381135765,671.5260051917422,674.19775390625,22203005,RELIANCE.NS
2020-01-01,675.9566091562889,680.0087898882745,670.3904712564104,672.2161254882812,14004468,RELIANCE.NS
2020-01-02,673.2849207275859,686.1762083080744,673.2849207275859,683.6602783203125,17710316,RELIANCE.NS
2020-01-03,682.6360622006584,686.4878962665452,678.1831277621862,684.4840698242188,20984698,RELIANCE.NS
2020-01-06,676.8472602327319,680.3650438391912,667.0507691289934,668.6093139648438,24519177,RELIANCE.NS
2020-01-07,676.4019343098523,683.304036115152,673.9528263419015,678.8956298828125,16683622,RELIANCE.NS
2020-01-08,674.6209198672409,683.281855499507,672.3944523048182,673.797119140625,16047902,RELIANCE.NS
2020-01-09,685.1297254143482,690.206053788195,681.8568169732863,689.3154907226562,14982742,RELIANCE.NS
2020-01-10,691.052021954991,693.7460641432477,685.5971750800793,689.1595458984375,12478359,RELIANCE.NS
2020-01-13,688.0019166618636,694.0801585291999,685.0407051379933,687.4007568359375,18282382,RELIANCE.NS
2020-01-14,685.7531846503401,690.2061193009722,677.6711159879618,681.0330810546875,15816535,RELIANCE.NS
2020-01-15,683.9052024938248,685.708622508407,676.068009361063,678.5616455078125,15817859,RELIANCE.NS
2020-01-16,680.8549886137533,687.244928030335,680.4096475753698,684.8180541992188,12847975,RELIANCE.NS
2020-01-17,691.764654072348,705.7691458267952,691.6310696018056,704.01025390625,29463471,RELIANCE.NS
2020-01-20,716.4784286658733,716.4784286658733,679.6971043882497,682.3466186523438,32545850,RELIANCE.NS
2020-01-21,680.6767527586403,688.3580668407448,677.737775908007,683.0368041992188,18922720,RELIANCE.NS
2020-01-22,687.534328261155,688.7588822425179,681.7900179448524,682.7919311523438,10322817,RELIANCE.NS
2020-01-23,684.1945165383646,686.6213898607012,677.158890568742,679.8974609375,11247739,RELIANCE.NS
2020-01-24,679.9642284408451,684.1277590740176,676.2015106061541,677.5374145507812,14628445,RELIANCE.NS
2020-01-27,674.576343167049,678.8288715307318,670.1678770715025,670.8580932617188,13387750,RELIANCE.NS
2020-01-28,671.7708873528463,672.3943409712025,651.7326826089246,655.36181640625,24532236,RELIANCE.NS
2020-01-29,656.385997983268,665.4477454950623,651.9330633649719,658.96875,24746565,RELIANCE.NS
2020-01-30,658.5901121020851,658.9018091461028,641.2236583343256,642.8934936523438,22402689,RELIANCE.NS
2020-01-31,647.0125063572486,647.1238564671794,626.6180767993984,628.599609375,34750310,RELIANCE.NS
2020-02-03,610.0086294911721,623.3897268292178,606.9583616221806,616.9552001953125,30712290,RELIANCE.NS
2020-02-04,623.411935184783,637.8840014691701,622.4323157911366,635.167724609375,25383901,RELIANCE.NS
2020-02-05,638.9527202893477,646.9234982397322,636.9044250553178,645.0087280273438,18472100,RELIANCE.NS
2020-02-06,647.5024215657478,653.2466727335321,641.268301219584,649.1499633789062,15538577,RELIANCE.NS
2020-02-07,646.1218993889739,646.7230591514594,636.0137118794914,638.3960571289062,12209212,RELIANCE.NS
2020-02-10,635.8801458287573,643.6728102657878,628.065247040691,639.264404296875,15142476,RELIANCE.NS
2020-02-11,644.5188387872203,652.8903691202153,643.4723974955958,646.9011840820312,13999816,RELIANCE.NS
2020-02-12,648.4152429768247,656.742245701073,647.9031394730254,654.7161254882812,13533565,RELIANCE.NS
2020-02-13,658.0335539553153,658.0335539553153,651.2873305313852,656.4304809570312,13565659,RELIANCE.NS
2020-02-14,657.8108654922579,668.5869752575289,647.0569900773629,662.419677734375,21227841,RELIANCE.NS
2020-02-17,663.0430895240688,670.6798756802237,656.4972728187931,658.2561645507812,13149130,RELIANCE.NS
2020-02-18,657.2097556655767,657.2097556655767,648.97180932506,653.4247436523438,11127161,RELIANCE.NS
2020-02-19,658.7460229239962,670.813509728984,656.8535465958774,669.6334838867188,14084409,RELIANCE.NS
2020-02-20,666.6055073331329,671.5037233050037,660.7276124968037,661.6849975585938,16892268,RELIANCE.NS
2020-02-24,654.4710730304506,657.6994528379005,641.0232160408293,643.4277954101562,21370214,RELIANCE.NS
2020-02-25,646.3000526686237,646.3000526686237,627.8648619763386,630.7147827148438,27745062,RELIANCE.NS
2020-02-26,627.8649155292255,628.911356956024,617.779020325235,619.849609375,29362748,RELIANCE.NS
2020-02-27,618.0683364567957,620.6510881290094,609.6077499205786,617.2891235351562,25054993,RELIANCE.NS
2020-02-28,603.3290411767952,604.2641917083236,590.0147686027638,591.6400756835938,39315769,RELIANCE.NS
2020-03-02,603.4181975497225,609.6077893226085,579.3723403742132,586.0740356445312,29500495,RELIANCE.NS
2020-03-03,592.1077172942299,602.8838272617827,588.6789307113166,597.9633178710938,27398798,RELIANCE.NS
2020-03-04,602.0378101189941,602.8393168736188,582.4003001293128,596.5606689453125,22105261,RELIANCE.NS
2020-03-05,602.1269715894884,604.687430011387,581.554366792972,583.84765625,30510390,RELIANCE.NS
2020-03-06,565.5236515774449,573.6057788366949,552.654658716733,565.9689331054688,33734039,RELIANCE.NS
2020-03-09,552.1870935973562,552.6101407818697,487.59719353402716,496.12457275390625,88187018,RELIANCE.NS
2020-03-11,493.385961606044,524.7569350107589,493.385961606044,513.6691284179688,59578576,RELIANCE.NS
2020-03-12,483.14423842846696,490.26892105164063,466.98004375854214,473.3477478027344,55970485,RELIANCE.NS
2020-03-13,444.40363928088584,507.6354013912499,419.64530200918597,492.1837158203125,73297403,RELIANCE.NS
2020-03-16,472.2568121164352,480.78419157795764,447.5207086747309,452.2853698730469,38482258,RELIANCE.NS
2020-03-17,466.3343737158094,472.0118916262875,446.7191870864638,448.8565979003906,45445979,RELIANCE.NS
2020-03-18,456.5601919681001,461.28032501489446,427.9277857781092,431.2674865722656,44730415,RELIANCE.NS
2020-03-19,409.715250893795,430.5995508438921,397.29153849959346,408.64654541015625,61404010,RELIANCE.NS
2020-03-20,418.35394359459445,460.8350229658722,414.123649892298,453.28729248046875,63360475,RELIANCE.NS
2020-03-23,407.9785404343475,423.02950129195114,389.9218699453738,393.662353515625,40670949,RELIANCE.NS
2020-03-24,414.1236553813101,431.9354232678665,398.8946097412174,420.0906066894531,45734887,RELIANCE.NS
2020-03-25,429.17456609975056,512.7785178891949,428.9296612692312,481.9196472167969,73130298,RELIANCE.NS
2020-03-26,487.9534251497577,497.34913321338615,464.15244304869213,474.772705078125,45744488,RELIANCE.NS
2020-03-27,487.59715574121174,493.07426683799997,465.86679422968973,474.5054931640625,41657940,RELIANCE.NS
2020-03-30,463.37321097095526,478.6022562103133,454.20014346811496,458.85345458984375,30229866,RELIANCE.NS
2020-03-31,478.2237612689132,503.0934193486525,466.668378147016,495.94647216796875,44292810,RELIANCE.NS
2020-04-01,499.7314691179713,500.7779105092495,465.4215737109047,481.1181945800781,41597459,RELIANCE.NS
2020-04-03,505.1640473665368,505.1640473665368,470.36428521360847,479.7822570800781,41367807,RELIANCE.NS
2020-04-07,490.7587239777516,540.5871191109118,489.8236031363708,537.0693359375,54373624,RELIANCE.NS
2020-04-08,525.4472243442474,547.2666748233642,516.5413553079427,530.8575439453125,49880330,RELIANCE.NS
2020-04-09,540.5871800325931,548.9587106749909,531.2360300150857,543.2366943359375,33032857,RELIANCE.NS
2020-04-13,536.1120125498173,541.0325221376103,525.4471928092958,529.5216674804688,23673784,RELIANCE.NS
2020-04-15,533.0394909756521,550.3837133914021,508.97133852649563,512.0216064453125,35321842,RELIANCE.NS
2020-04-16,512.02149392752,528.7645528215241,509.8618490702506,520.1258544921875,37455706,RELIANCE.NS
2020-04-17,541.477788467049,547.7119081332823,531.0801379395491,545.0401000976562,33269335,RELIANCE.NS
2020-04-20,545.9307453957434,559.7348298724658,535.2436911572639,553.8569946289062,36030932,RELIANCE.NS
2020-04-21,538.8060261793212,557.508386765965,518.3225393512134,550.98486328125,61371628,RELIANCE.NS
2020-04-22,587.7884356237253,616.6880417343276,578.8825664491623,607.2032470703125,142683366,RELIANCE.NS
2020-04-23,608.8730782936495,617.1110242514935,602.6166648338456,610.453857421875,65464502,RELIANCE.NS
2020-04-24,601.2140016546114,665.6926093550011,599.9003914322975,630.98193359375,134986308,RELIANCE.NS
2020-04-27,638.5518388221476,656.8089146894805,633.6536236053566,636.6593627929688,58482901,RELIANCE.NS
2020-04-28,645.6766910891598,648.1035053145215,619.9164097345322,635.947021484375,78453401,RELIANCE.NS
2020-04-29,643.4056688448253,647.3019715047586,632.3178017703171,635.41259765625,37494672,RELIANCE.NS
2020-04-30,647.4354789736136,665.6925550392881,640.355324961502,652.80126953125,71345899,RELIANCE.NS
2020-05-04,641.2236532680045,652.3559877170559,631.1822287393294,639.0862426757812,53456868,RELIANCE.NS
2020-05-05,647.3242698899517,658.5901902105282,644.4298209519568,650.4190063476562,44903763,RELIANCE.NS
2020-05-06,651.9108178555344,661.2397341507669,643.6728711176166,650.463623046875,40489094,RELIANCE.NS
2020-05-07,647.9031324834183,674.0196380436263,643.4501981639638,671.0361328125,50026966,RELIANCE.NS
2020-05-08,687.9796035544326,703.5203455803562,684.4617604589652,695.4605712890625,84262770,RELIANCE.NS
2020-05-11,703.5649156731971,719.1502462326481,700.1361881322265,702.1400146484375,67085063,RELIANCE.NS
2020-05-12,696.79641276918,698.3772514173569,652.3560664564766,658.7014770507812,100683202,RELIANCE.NS
2020-05-13,686.4096865474885,686.4096865474885,653.5950534044931,672.677001953125,66430125,RELIANCE.NS
2020-05-14,660.3377943598729,672.7893884091039,642.8291930409412,645.4813232421875,49266771,RELIANCE.NS
2020-05-15,649.0999085460102,659.3039301915819,636.1089238922658,656.0224609375,62152260,RELIANCE.NS
2020-05-18,660.7873884161261,666.1815376925038,641.9077470485184,647.6390380859375,62796089,RELIANCE.NS
2020-05-19,654.9436171986698,657.0563561877386,630.7821895369445,633.3218994140625,42315854,RELIANCE.NS
2020-05-20,633.8164459231173,650.3810982575258,626.1746653038855,644.469970703125,55320985,RELIANCE.NS
2020-05-21,645.054274887475,656.9439458804737,640.5591310175457,647.86376953125,39167981,RELIANCE.NS
2020-05-22,652.6061253460508,655.393088211482,641.2333740246893,643.50341796875,37828973,RELIANCE.NS
2020-05-26,650.9653812121286,651.6621368125705,636.6483020759156,640.132080078125,33216635,RELIANCE.NS
2020-05-27,643.2563461009137,653.5952030424527,634.7155589905317,649.7968139648438,35667956,RELIANCE.NS
2020-05-28,654.0445650157022,665.1700639694456,651.3474905739236,661.7987060546875,40126278,RELIANCE.NS
2020-05-29,659.8882522484166,661.6863216286777,652.9882315987021,658.27001953125,40022527,RELIANCE.NS
2020-06-01,665.282470467664,691.5116927649323,663.4619289082036,683.42041015625,39943702,RELIANCE.NS
2020-06-02,685.9601831154127,692.2533963499591,683.622663148201,690.3204345703125,22153960,RELIANCE.NS
2020-06-03,694.5009892228203,701.243705152625,689.2640858781962,692.9951171875,25381289,RELIANCE.NS
2020-06-04,694.0513671813276,714.5043536279225,692.7028597821947,710.14404296875,34202350,RELIANCE.NS
2020-06-05,716.9767743613463,727.3156301764457,707.4020907099616,710.9982299804688,33076685,RELIANCE.NS
2020-06-08,727.4954954288702,727.4954954288702,703.491368893509,705.51416015625,31414953,RELIANCE.NS
2020-06-09,701.3785617206731,711.5825840206448,689.1068040465735,690.9722900390625,25857161,RELIANCE.NS
2020-06-10,693.6469213591369,710.0317972109347,692.2759415871488,706.7053833007812,22132647,RELIANCE.NS
2020-06-11,703.9408036567188,704.8173365444579,688.207799283614,691.2195434570312,20385805,RELIANCE.NS
2020-06-12,674.2728513186369,716.0777776124157,672.9242842139472,714.1898193359375,38548899,RELIANCE.NS
2020-06-15,703.4913585731487,731.3388178242635,701.7382332043936,725.7648315429688,53107403,RELIANCE.NS
2020-06-16,738.5534152661882,741.0481806936685,712.6163324095153,727.1806640625,51187003,RELIANCE.NS
2020-06-17,722.9327480146142,735.159560417052,720.1682571993283,726.1243286132812,41782053,RELIANCE.NS
2020-06-18,722.3709596460744,748.4428198793569,721.7416204317783,744.3522338867188,40471557,RELIANCE.NS
2020-06-19,750.6903261392612,804.0927203501327,747.0942467519249,790.8770141601562,105804173,RELIANCE.NS
2020-06-22,797.1703064721975,811.0153531945601,779.9088977902954,784.9210205078125,60198705,RELIANCE.NS
2020-06-23,786.6515522559022,792.83240486235,771.4129953643138,773.5706787109375,37962078,RELIANCE.NS
2020-06-24,780.3134354719743,796.8556158794696,769.4351890087056,776.69482421875,51586221,RELIANCE.NS
2020-06-25,776.3127539840192,786.2021069841788,770.0420123108671,772.22216796875,39679374,RELIANCE.NS
2020-06-26,777.1217760170375,787.5505181031782,771.8174569248488,782.8980102539062,30921913,RELIANCE.NS
2020-06-29,776.7846586950787,782.0439742026722,771.1657293301229,774.58203125,25621946,RELIANCE.NS
2020-06-30,780.8078522990025,782.6058621926095,762.1754070277087,766.018798828125,30276420,RELIANCE.NS
2020-07-01,773.1661294381369,786.2020588284339,767.7943931621406,781.0775756835938,28464103,RELIANCE.NS
2020-07-02,786.6933471641555,797.7964291606368,783.1051378323464,794.524169921875,28789533,RELIANCE.NS
2020-07-03,803.3027790862244,809.2605842388523,797.9769338084662,806.9586791992188,29434266,RELIANCE.NS
2020-07-06,814.6766894354603,838.5979258395846,808.8543255351691,835.7996215820312,47016185,RELIANCE.NS
2020-07-07,839.5006450288294,841.463976689244,815.2634586435034,823.0039672851562,35189589,RELIANCE.NS
2020-07-08,823.2748204715693,828.1944614496679,807.9065609306946,811.517333984375,26204095,RELIANCE.NS
2020-07-09,816.4820787561033,828.2170013060332,806.2139692943585,823.3650512695312,36418942,RELIANCE.NS
2020-07-10,825.2832912510764,850.6037089763864,823.3650271392274,847.6473999023438,43759967,RELIANCE.NS
2020-07-13,859.066414273634,879.0835514065949,857.5544142629645,873.3515014648438,69608392,RELIANCE.NS
2020-07-14,872.9002342726803,876.3755662555917,851.8224272759982,865.2273559570312,67331128,RELIANCE.NS
2020-07-15,874.6829238098223,893.1203699369507,811.5173183412455,832.2791137695312,139669773,RELIANCE.NS
2020-07-16,833.6330575264801,843.5626520640972,818.0391046628453,832.0082397460938,60961724,RELIANCE.NS
2020-07-17,832.7305263268679,866.5813597597964,829.5710849624811,862.835205078125,49726765,RELIANCE.NS
2020-07-20,865.5883422314392,871.9974193757844,857.3964422325445,866.5361328125,36592938,RELIANCE.NS
2020-07-21,875.1567920683302,892.3078725048149,874.028433084142,889.8480224609375,42173371,RELIANCE.NS
2020-07-22,895.0159382684053,907.2022513326309,884.950961621849,904.4942016601562,59771457,RELIANCE.NS
2020-07-23,904.4716140026857,938.6609588483409,898.7846915588252,928.7765502929688,58333751,RELIANCE.NS
2020-07-24,928.8668185460966,976.2579590026274,928.776564146926,968.65283203125,120597372,RELIANCE.NS
2020-07-27,983.3892613715004,992.4161339989756,960.4158156178775,973.1888427734375,80304827,RELIANCE.NS
2020-07-28,973.1888610354255,990.2496888244225,970.6838835389933,982.8927612304688,55114422,RELIANCE.NS
2020-07-29,982.9830381867582,985.1945694094204,934.4860429521891,946.311279296875,72663399,RELIANCE.NS
2020-07-30,947.372003332624,965.7416994124951,935.1856889845394,951.8177490234375,72857444,RELIANCE.NS
2020-07-31,954.3678150249528,960.9122737981927,926.5198556854664,932.9740600585938,74958061,RELIANCE.NS
2020-08-03,925.8428264432459,928.4154946857375,904.0879942280135,906.7509765625,46715383,RELIANCE.NS
2020-08-04,911.9865259436237,978.063309181602,902.801648867005,970.6612548828125,92041055,RELIANCE.NS
2020-08-05,978.9660801786949,991.152334357933,956.082888808404,959.7613525390625,74549993,RELIANCE.NS
2020-08-06,973.549911434821,978.3792977984335,951.3437476637285,963.214111328125,49322975,RELIANCE.NS
2020-08-07,961.2733354792168,973.9109808198931,956.9404677314833,968.7882080078125,32984416,RELIANCE.NS
2020-08-10,974.497761802115,977.1606844285126,951.4791890501768,956.782470703125,26958997,RELIANCE.NS
2020-08-11,963.5301281069163,974.9040336698868,947.9812996710002,963.0787963867188,46828306,RELIANCE.NS
2020-08-12,957.3014618538515,968.1337801877427,950.8923849420117,960.2803344726562,30264617,RELIANCE.NS
2020-08-13,960.4608766898883,965.3805171577782,952.3366680076899,957.775390625,24830322,RELIANCE.NS
2020-08-14,958.0011068702576,973.549934599968,942.9713613334557,954.0518798828125,33224635,RELIANCE.NS
2020-08-17,950.0800072856482,950.0800072856482,934.3281075225127,943.919189453125,30979066,RELIANCE.NS
2020-08-18,941.0531772225081,963.3044692046789,939.8571273001791,956.19580078125,30547672,RELIANCE.NS
2020-08-19,966.3284079855683,972.1958989128857,957.4594807962734,962.0631713867188,34087543,RELIANCE.NS
2020-08-20,956.8501235506358,958.6103827292058,942.4070922309022,946.4917602539062,22537845,RELIANCE.NS
2020-08-21,955.9475181738237,957.7529046597705,937.4423813079499,939.6314086914062,25280895,RELIANCE.NS
2020-08-24,943.9416977644579,949.8542559602391,934.5085615853247,945.905029296875,32717218,RELIANCE.NS
2020-08-25,950.5313333957848,952.9234928104662,937.8936880228628,939.7442016601562,19388008,RELIANCE.NS
2020-08-26,941.0531010310551,969.4652088235415,923.9020199231386,964.6583862304688,59870421,RELIANCE.NS
2020-08-27,969.4878648165206,970.3905879404774,949.2902183763626,952.6076049804688,28085062,RELIANCE.NS
2020-08-28,956.8501848269598,962.6725488024437,950.6442396447251,955.112548828125,27166900,RELIANCE.NS
2020-08-31,981.2227882057733,981.2227882057733,929.9274882908779,939.1123657226562,62076132,RELIANCE.NS
2020-09-01,947.8233392331533,957.9334441866578,930.8527654130116,942.0687255859375,38616258,RELIANCE.NS
2020-09-02,944.2125354209737,964.9743904615849,941.0531538410881,960.5512084960938,26949439,RELIANCE.NS
2020-09-03,960.4609660708118,965.3129161947521,949.177375013291,953.2846069335938,18586429,RELIANCE.NS
2020-09-04,940.3986056664972,946.4466050798669,935.2758331669374,937.5551147460938,28475945,RELIANCE.NS
2020-09-07,940.6018292728933,950.4185474757394,922.6608419794579,939.9924926757812,21926473,RELIANCE.NS
2020-09-08,944.2124909097532,957.3014676946553,939.0220273942846,951.02783203125,27397082,RELIANCE.NS
2020-09-09,941.053135941398,978.4244265500107,939.4508218895586,975.5132446289062,55310877,RELIANCE.NS
2020-09-10,985.3300156152798,1058.3801472724467,981.8320607367515,1044.4110107421875,140304404,RELIANCE.NS
2020-09-11,1043.5082682863067,1055.1754392235675,1032.2698057113957,1047.006103515625,59470807,RELIANCE.NS
2020-09-14,1049.3758922384438,1065.1729199258552,1029.9679721043801,1039.2431640625,44063445,RELIANCE.NS
2020-09-15,1043.4858431799203,1049.7143521325797,1032.7437783357252,1046.60009765625,27178393,RELIANCE.NS
2020-09-16,1047.118839939509,1069.3926909721251,1042.8537233256836,1049.1724853515625,33952295,RELIANCE.NS
2020-09-17,1047.1190390154095,1053.3025400234242,1034.4137023752521,1037.528076171875,25828669,RELIANCE.NS
2020-09-18,1044.5236446456088,1046.870616756089,1027.5079476144977,1040.6646728515625,33074915,RELIANCE.NS
2020-09-21,1038.0921685931473,1054.3405874780703,1014.3288768661703,1018.1654052734375,33627381,RELIANCE.NS
2020-09-22,1027.7111483287306,1027.7111483287306,993.6572461097632,997.9901733398438,34792254,RELIANCE.NS
2020-09-23,1020.0384225209982,1027.5984225615102,995.3499037941469,1006.859130859375,42988708,RELIANCE.NS
2020-09-24,996.5234072507043,1004.6926843399245,982.1480654339798,984.4725341796875,29826318,RELIANCE.NS
2020-09-25,987.9929259452438,998.7349303522368,978.198771791248,993.7249755859375,28374935,RELIANCE.NS
2020-09-28,1005.1440644113056,1010.1088922605071,996.1397551110359,1000.2921142578125,19666849,RELIANCE.NS
2020-09-29,1004.2413960622814,1021.8437503790619,1000.2921093414723,1013.2908325195312,25842539,RELIANCE.NS
2020-09-30,1020.0382810069938,1023.1976621884529,1004.2412557155843,1008.4613647460938,24465159,RELIANCE.NS
2020-10-01,1021.7534684542669,1021.7534684542669,999.2765413206039,1004.3541870117188,20783227,RELIANCE.NS
2020-10-05,1012.8168289308439,1015.1412378353376,995.665807141331,998.464111328125,18922799,RELIANCE.NS
2020-10-06,1004.3541775876134,1008.2582772733267,993.7024274130506,997.629150390625,18412175,RELIANCE.NS
2020-10-07,1008.7548642742527,1042.154366526615,1001.9847094184659,1018.91015625,53170865,RELIANCE.NS
2020-10-08,1019.5870284539118,1023.6491928550894,1002.9324648078214,1010.6729736328125,21077808,RELIANCE.NS
2020-10-09,1008.7548888939575,1016.8790987960083,1000.6758061956652,1008.0552978515625,18545499,RELIANCE.NS
2020-10-12,1008.7548267067875,1018.1201535189876,1004.8055997006869,1009.6800537109375,14226473,RELIANCE.NS
2020-10-13,1006.7687986300785,1031.6605072221917,1004.6248985869269,1029.3812255859375,23112012,RELIANCE.NS
2020-10-14,1028.5687815922101,1039.897498590876,1023.8747175024403,1032.4503173828125,26742011,RELIANCE.NS
2020-10-15,1033.578657645069,1033.578657645069,990.7009550037031,995.8914184570312,20036197,RELIANCE.NS
2020-10-16,999.728007266676,1007.6264617004911,980.6135326453985,982.0352783203125,21583600,RELIANCE.NS
2020-10-19,988.4668301104947,1005.9112981674255,972.7149304876791,982.2156982421875,31200385,RELIANCE.NS
2020-10-20,983.4795214556434,989.798344269808,971.40602552376,973.053466796875,18482288,RELIANCE.NS
2020-10-21,978.5147603722606,989.3470196032074,946.8077683832299,958.9263916015625,34082321,RELIANCE.NS
2020-10-22,960.1901490428081,962.4919944695694,943.7612212611413,950.9601440429688,30802210,RELIANCE.NS
2020-10-23,950.5313739814042,963.6203515996452,946.198506037611,953.71337890625,23422125,RELIANCE.NS
2020-10-26,948.7034169019341,948.7034169019341,911.0387387404159,915.822998046875,37324416,RELIANCE.NS
2020-10-27,918.4407016571695,929.7017279504099,904.9455209838884,918.2601928710938,36478896,RELIANCE.NS
2020-10-28,921.555066223106,928.7314851710537,906.0288613850042,907.8568115234375,29924017,RELIANCE.NS
2020-10-29,901.3347749825296,921.6452970796064,898.6267252669395,914.8299560546875,30655304,RELIANCE.NS
2020-10-30,917.8088456567091,932.0713684328344,912.5281277212341,927.287109375,34021563,RELIANCE.NS
2020-11-02,914.8751840367496,914.8751840367496,839.1170566069392,847.3766479492188,99366895,RELIANCE.NS
2020-11-03,853.0410235222982,861.6165651396491,828.2622490237949,835.1677856445312,88691623,RELIANCE.NS
2020-11-04,829.1197275153525,870.6434375225641,829.1197275153525,863.5121459960938,80180117,RELIANCE.NS
2020-11-05,882.355854367001,885.0639044213495,871.9974897863348,882.37841796875,37205373,RELIANCE.NS
2020-11-06,898.1753562332269,920.7425357444746,892.8268881292558,915.845458984375,66674086,RELIANCE.NS
2020-11-09,930.7173580690493,933.831612463532,918.9372485037195,925.572021484375,35838510,RELIANCE.NS
2020-11-10,937.4423956918613,943.3098869382017,921.2842908558239,940.8500366210938,36934242,RELIANCE.NS
2020-11-11,942.858502861752,945.5665526357731,892.8043809348467,901.425048828125,56724780,RELIANCE.NS
2020-11-12,894.1133176465529,906.502703689629,886.8917719189561,893.6619262695312,40046527,RELIANCE.NS
2020-11-13,894.5646940909385,919.2306494130244,894.4518760870695,901.0640258789062,45388670,RELIANCE.NS
2020-11-14,909.4139110537326,909.5944198559474,900.5901107359409,903.7269287109375,5226220,RELIANCE.NS
2020-11-17,941.0531655438715,941.0531655438715,895.9186819311539,899.6422729492188,46542562,RELIANCE.NS
2020-11-18,899.6422344929193,905.6226031588405,884.6801802584594,896.91162109375,30402290,RELIANCE.NS
2020-11-19,896.9116378432019,907.4053832429535,888.3360969077845,890.5702514648438,27796343,RELIANCE.NS
2020-11-20,891.4052025799142,895.3770527052618,855.2976532438502,857.3287353515625,57471248,RELIANCE.NS
2020-11-23,880.5729426320072,889.148483349999,869.4021701299365,880.4375610351562,45327567,RELIANCE.NS
2020-11-24,886.4405101290448,890.953946718642,871.9974772270936,886.4630737304688,30936268,RELIANCE.NS
2020-11-25,893.6620106789601,899.5069386120454,876.6012415932056,879.1287231445312,32637879,RELIANCE.NS
2020-11-26,881.4982981188252,886.891834503416,871.1173701719107,881.295166015625,25838637,RELIANCE.NS
2020-11-27,875.8337806497944,882.8747575932827,867.2131130290779,871.00439453125,47336811,RELIANCE.NS
2020-12-01,875.7661696758335,887.456025013745,871.1173516152288,882.333251953125,19750687,RELIANCE.NS
2020-12-02,883.9580550659119,885.5378055525415,873.3514915114731,883.8001098632812,22188887,RELIANCE.NS
2020-12-03,890.0512832775495,894.1585153494483,884.0257869322113,886.4630737304688,27785372,RELIANCE.NS
2020-12-04,888.6971991448669,888.6971991448669,875.6082215278506,878.65478515625,18464552,RELIANCE.NS
2020-12-07,875.8790518310219,886.891820126114,875.8790518310219,883.8226928710938,18242188,RELIANCE.NS
2020-12-08,885.1541251431139,909.120487964561,880.1216067950427,899.867919921875,43403061,RELIANCE.NS
2020-12-09,907.179721423537,917.9442894095523,902.3503351540464,914.8525390625,29175254,RELIANCE.NS
2020-12-10,912.4378508699459,915.5521050393417,903.1401558672769,905.8482055664062,16065507,RELIANCE.NS
2020-12-11,908.5563377171925,919.8399885896688,891.0667415415232,905.3067016601562,26944202,RELIANCE.NS
2020-12-14,906.2770186070177,909.4590234227397,896.5279914527346,898.7621459960938,17312747,RELIANCE.NS
2020-12-15,898.0399769590505,898.0399769590505,885.1315087967429,891.1118774414062,18551265,RELIANCE.NS
2020-12-16,897.2726359718845,900.4095133302656,887.2076595531021,892.104736328125,18561011,RELIANCE.NS
2020-12-17,895.6930552499342,904.9456238899453,892.3756687000254,896.1895141601562,20252358,RELIANCE.NS
2020-12-18,893.7071594170455,904.9004961820984,886.8918178223723,898.875,18466344,RELIANCE.NS
2020-12-21,907.2022078310579,912.618306916298,837.3566515077254,875.47265625,44135540,RELIANCE.NS
2020-12-22,879.6702540717112,884.1385629445498,852.3413186774952,874.1187133789062,28140001,RELIANCE.NS
2020-12-23,871.0946936975114,880.7760293674728,866.8745845082068,877.3458251953125,19501410,RELIANCE.NS
2020-12-24,878.7675857883312,902.1472362313513,878.2711268911072,900.0485229492188,20776988,RELIANCE.NS
2020-12-28,905.7128472166959,910.8130563627905,900.5675108718648,904.1782836914062,17221499,RELIANCE.NS
2020-12-29,906.7509753463718,908.2404117114976,894.8128611333499,898.197998046875,18611939,RELIANCE.NS
2020-12-30,900.5449578807359,905.9384938821528,891.6534670154136,900.6577758789062,22043630,RELIANCE.NS
2020-12-31,899.7551656628455,908.0598840441618,893.0301381174847,896.0541381835938,18781189,RELIANCE.NS
2021-01-01,897.2726941006515,901.3347986266252,894.5646443140231,897.0470581054688,10015175,RELIANCE.NS
2021-01-04,900.4772865018267,902.1923588792536,888.2458453983129,898.55908203125,24513534,RELIANCE.NS
2021-01-05,888.6971735420237,895.286819208082,882.8296824610696,887.3883056640625,24123091,RELIANCE.NS
2021-01-06,887.297983512097,887.3431107117481,859.8788522034279,863.986083984375,46401468,RELIANCE.NS
2021-01-07,866.8069025676972,877.8648566159659,859.878803357666,862.5868530273438,32325918,RELIANCE.NS
2021-01-08,865.678604878862,874.8860460383853,863.0156822176616,872.7647094726562,27540187,RELIANCE.NS
2021-01-11,875.0665690475399,875.0665690475399,854.1693322211945,856.313232421875,33307825,RELIANCE.NS
2021-01-12,858.9084582491231,884.6350813991116,857.5092762592445,883.3036499023438,41161546,RELIANCE.NS
2021-01-13,886.2373008139729,891.3826371793065,865.8817107313442,875.0665283203125,26619458,RELIANCE.NS
2021-01-14,877.8649064942006,887.7493749036234,875.1794202704835,884.9058837890625,21553242,RELIANCE.NS
2021-01-15,884.9058936036437,890.8636390967538,866.6038890308039,874.457275390625,20593268,RELIANCE.NS
2021-01-18,879.7154868801754,901.3348792931557,868.0933816341949,895.44482421875,35100458,RELIANCE.NS
2021-01-19,900.2741645341835,916.6805284572496,900.2741645341835,910.0909423828125,32006615,RELIANCE.NS
2021-01-20,912.3476352561834,928.8668167227358,903.3207030552749,927.3773803710938,30924537,RELIANCE.NS
2021-01-21,939.6990432246472,956.8501242760648,936.5396618324675,947.5524291992188,39087742,RELIANCE.NS
2021-01-22,952.7880800202875,954.7514714069698,918.5536065523528,925.0755615234375,30532660,RELIANCE.NS
2021-01-25,918.4632537345398,918.4632537345398,871.9973439937894,876.0594482421875,54207104,RELIANCE.NS
2021-01-27,868.8380990078514,868.8380990078514,852.1383477435087,855.2977294921875,42370131,RELIANCE.NS
2021-01-28,848.5951547796549,868.0707040284875,844.0140279643443,846.9703369140625,34067814,RELIANCE.NS
2021-01-29,854.9816691410504,863.4669551342889,825.9602253530458,831.3538208007812,43712383,RELIANCE.NS
2021-02-01,839.2297544881135,859.8110390936073,834.0844184137254,855.4330444335938,34180952,RELIANCE.NS
2021-02-02,863.9861301874793,875.6082351731134,837.2214015345261,869.1991577148438,41470034,RELIANCE.NS
2021-02-03,870.3275152709535,881.0243335187519,857.554427887479,871.38818359375,30301696,RELIANCE.NS
2021-02-04,868.3865924082124,875.6081377765653,859.8110520523379,868.5220336914062,25626981,RELIANCE.NS
2021-02-05,871.1172947571725,877.7069402051127,866.5812949964159,868.2738037109375,20248046,RELIANCE.NS
2021-02-08,872.4712846072483,888.6971388465231,870.6659579070334,880.7760620117188,21183400,RELIANCE.NS
2021-02-09,885.5152551213864,897.9948961529354,881.1597638793062,882.8973999023438,19604141,RELIANCE.NS
2021-02-10,881.8142219915239,895.8058629486737,869.8761074541144,891.0892944335938,21234156,RELIANCE.NS
2021-02-11,893.6618940174507,931.6651427302581,890.1639989701773,927.8286743164062,42539278,RELIANCE.NS
2021-02-12,927.7384783498696,937.8937101488065,909.6395460369704,921.4647827148438,30497029,RELIANCE.NS
2021-02-15,924.3759353313053,930.3562442810988,913.9724445678881,917.4026489257812,15791099,RELIANCE.NS
2021-02-16,920.6298898317912,938.5256915998244,918.4859894698833,929.5439453125,21421660,RELIANCE.NS
2021-02-17,929.7695004811927,945.9953555067547,925.5268870227972,940.2633056640625,23742994,RELIANCE.NS
2021-02-18,941.0531936529034,951.6146304224952,929.3633380518262,933.2449340820312,18646877,RELIANCE.NS
2021-02-19,928.4155145358285,950.0574695218014,926.745509641073,938.9318237304688,23403483,RELIANCE.NS
2021-02-22,938.7964367473062,943.2647459186029,900.4096042931712,906.3447265625,23804335,RELIANCE.NS
2021-02-23,924.3534067368045,926.5649977273687,908.8271426020757,913.2728881835938,25644108,RELIANCE.NS
2021-02-24,916.2291858661802,932.1390906998175,914.4914901976813,930.2208862304688,10807663,RELIANCE.NS
2021-02-25,936.9910577541981,971.2932222091624,935.637002954952,967.8404541015625,34855693,RELIANCE.NS
2021-02-26,955.4962007136306,963.123891576847,934.5989040579532,941.4142456054688,37481215,RELIANCE.NS
2021-03-01,952.4269850885058,953.2394537638484,930.897848571293,948.590576171875,17680764,RELIANCE.NS
2021-03-02,957.752856616694,961.3635697154016,942.9036206682259,950.5313110351562,17150760,RELIANCE.NS
2021-03-03,957.3241328149178,1001.9395335212855,951.0730007855624,993.9055786132812,31924461,RELIANCE.NS
2021-03-04,983.9308164628377,988.4216890350315,973.865839474236,982.0577392578125,21435754,RELIANCE.NS
2021-03-05,973.0985692708165,998.3512962856287,971.7670781260525,983.3440551757812,25511666,RELIANCE.NS
2021-03-08,978.7403169614485,1007.3555561541084,978.5146809764005,988.9407348632812,19506841,RELIANCE.NS
2021-03-09,992.957815333975,999.1863843088685,968.856067882206,988.9182739257812,15154484,RELIANCE.NS
2021-03-10,996.1171267701603,999.7730267712369,979.5301951697431,984.8109130859375,11519358,RELIANCE.NS
2021-03-12,990.7009535816271,995.8462898296174,958.6103823666095,964.7938232421875,16864952,RELIANCE.NS
2021-03-15,965.8997240046931,969.8940783739292,939.0221172112458,951.84033203125,16698099,RELIANCE.NS
2021-03-16,954.1421160708194,959.5582754400099,945.7922708635552,948.0941162109375,13873801,RELIANCE.NS
2021-03-17,946.9431947370554,949.1773492874154,918.5310260738679,927.6707763671875,19210236,RELIANCE.NS
2021-03-18,935.5918936777657,940.9629260845496,903.1402423037733,906.796142578125,20647480,RELIANCE.NS
2021-03-19,898.6267780925764,945.9502287147974,894.9257507304794,939.6990966796875,41787429,RELIANCE.NS
2021-03-22,934.7343179799378,936.088313055874,917.6734905482226,930.8527221679688,18572478,RELIANCE.NS
2021-03-23,930.6496682735799,952.2013688377597,927.9641819762402,942.1815185546875,17421165,RELIANCE.NS
2021-03-24,938.6835185270156,938.6835185270156,920.9231603023551,924.0374145507812,16822814,RELIANCE.NS
2021-03-25,927.0614339788925,927.0614339788925,895.9186520687285,898.829833984375,22001648,RELIANCE.NS
2021-03-26,908.1049312659724,908.8722130154059,890.8184686126791,900.2741088867188,20180202,RELIANCE.NS
2021-03-30,906.2996230548414,924.7596332154852,898.8750045089173,915.9132690429688,20441701,RELIANCE.NS
2021-03-31,910.8130382876154,925.2108826971944,902.2374380883726,904.0879516601562,16250796,RELIANCE.NS
2021-04-01,910.813023323116,916.2291226638978,904.1105004046987,912.5506591796875,11723312,RELIANCE.NS
2021-04-05,913.9499154284324,913.9724790288182,885.582933146535,899.3489379882812,14875099,RELIANCE.NS
2021-04-06,904.4943360038118,904.9231041323316,888.6972479019207,895.6028442382812,14009194,RELIANCE.NS
2021-04-07,902.6889153894526,923.8569756395913,899.664915309728,903.9752197265625,24266353,RELIANCE.NS
2021-04-08,907.6536202120652,912.6183880971798,899.529411169469,905.103515625,15369188,RELIANCE.NS
2021-04-09,901.989335355401,905.5549215962554,893.6619935421585,894.5872802734375,14037885,RELIANCE.NS
2021-04-12,884.1836789732539,885.2669107795369,857.6672125480122,862.5868530273438,20901482,RELIANCE.NS
2021-04-13,868.3866470158723,875.8790157297038,865.6109063786529,871.9071655273438,19411189,RELIANCE.NS
2021-04-15,869.4246806200028,885.0863247656745,863.4218084533044,877.5488891601562,19723716,RELIANCE.NS
2021-04-16,874.07356246059,880.0764346591261,869.4923760258712,872.04248046875,15656948,RELIANCE.NS
2021-04-19,859.3598210383852,864.9564895083129,853.0409979470431,858.3217163085938,18478808,RELIANCE.NS
2021-04-20,862.2934748740392,866.1298835841033,853.2440391612164,858.0734252929688,17203668,RELIANCE.NS
2021-04-22,854.0565402952617,864.0763909126439,847.038126173648,860.4430541992188,14490954,RELIANCE.NS
2021-04-23,860.262540485022,866.0848449417196,855.4557174605446,859.517822265625,11828857,RELIANCE.NS
2021-04-26,866.5812978436229,885.5377655993291,862.7448293401166,874.6377563476562,20846778,RELIANCE.NS
2021-04-27,875.6081964100579,901.4250736005504,874.8183510247649,897.5661010742188,19992524,RELIANCE.NS
2021-04-28,901.7184130880825,906.2995399608012,893.729645559396,901.4701538085938,17122437,RELIANCE.NS
2021-04-29,913.0245579839406,922.7736442808828,905.9836407520165,913.5436401367188,17412606,RELIANCE.NS
2021-04-30,906.5252433975188,918.9371927131189,897.0696030939774,900.2064208984375,19828769,RELIANCE.NS
2021-05-03,887.3431780134558,893.2106694861402,877.007436823715,884.2063598632812,23640186,RELIANCE.NS
2021-05-04,880.121561842195,888.1555160324492,862.5191497068099,865.046630859375,21849830,RELIANCE.NS
2021-05-05,868.0933987760891,874.9312446342352,861.1878024199247,866.6265258789062,12393609,RELIANCE.NS
2021-05-06,867.4162861727356,873.351467984722,860.5332540943049,871.5460815429688,14624666,RELIANCE.NS
2021-05-07,874.5926322966467,882.6717141211767,869.289350739611,871.8845825195312,12288548,RELIANCE.NS
2021-05-10,875.1568139833493,878.6772726130321,867.0100416182049,869.3795776367188,13941237,RELIANCE.NS
2021-05-11,864.324640162575,874.9537675806936,862.0678622246373,872.5165405273438,13478264,RELIANCE.NS
2021-05-12,871.1398768410697,872.4036175039552,860.7138223730607,863.4895629882812,13177961,RELIANCE.NS
2021-05-14,870.2145443263449,876.5108030934095,860.2624453618109,874.3895263671875,13291616,RELIANCE.NS
2021-05-17,874.3895996285223,886.1922131252846,871.2752855358857,884.7930908203125,11873078,RELIANCE.NS
2021-05-18,894.1133650520243,903.8623926091062,890.2768962963072,897.2501831054688,12064918,RELIANCE.NS
2021-05-19,893.661980396703,910.1135316770341,890.0512670062741,901.357421875,16317002,RELIANCE.NS
2021-05-20,901.7410386469029,907.6085298258828,894.1133478678807,896.0992431640625,11422532,RELIANCE.NS
2021-05-21,899.0780871843959,907.0217278069957,896.3700373777015,903.8397827148438,10785605,RELIANCE.NS
2021-05-24,906.2995769189343,907.1120455871035,894.5646545808229,896.2120361328125,8551760,RELIANCE.NS
2021-05-25,901.0640055897504,901.3348284850034,884.6350781454706,886.0568237304688,14780102,RELIANCE.NS
2021-05-26,891.4051749417887,893.4362569865272,887.0271801611135,889.1710205078125,7480204,RELIANCE.NS
2021-05-27,889.283937975624,899.5294239766795,885.6506014850115,891.9017333984375,26819294,RELIANCE.NS
2021-05-28,898.1753741090896,950.0799477100439,898.1753741090896,945.4762573242188,56469931,RELIANCE.NS
2021-05-31,948.7259121956556,989.2115150434242,941.0756583298827,975.039306640625,59124142,RELIANCE.NS
2021-06-01,977.6120318921522,993.860450495012,968.8107952002592,978.9209594726562,28013832,RELIANCE.NS
2021-06-02,973.5499623771119,997.2455637461187,973.5499623771119,993.52197265625,24630162,RELIANCE.NS
2021-06-03,1002.4358843892015,1015.5249208069228,991.1974809457165,997.3131713867188,23974257,RELIANCE.NS
2021-06-04,999.6376236399614,1000.38234182816,985.8490553582253,988.6699829101562,14468646,RELIANCE.NS
2021-06-07,993.8604848949419,1011.9142309078353,986.1876070242225,1005.3245849609375,16336573,RELIANCE.NS
2021-06-08,1004.9635226595291,1005.2117222594065,992.1227450436447,999.54736328125,9674735,RELIANCE.NS
2021-06-09,1001.5332028305284,1002.4358661639994,973.9786315641471,981.674072265625,11409161,RELIANCE.NS
2021-06-10,989.9788572705107,1006.4980988117626,982.8250618353879,985.284912109375,14155653,RELIANCE.NS
2021-06-11,988.6745196444147,1009.1011338517071,987.4063134106076,1002.375244140625,13762778,RELIANCE.NS
2021-06-14,1003.213263471595,1022.8019357932958,994.1775030221097,1016.7554931640625,20332436,RELIANCE.NS
2021-06-15,1024.047566478528,1030.3430744105387,1014.6721115736523,1019.0654296875,15174215,RELIANCE.NS
2021-06-16,1016.7554197633551,1017.7291568032897,999.0689384128791,1001.6732177734375,10797349,RELIANCE.NS
2021-06-17,996.419402245226,1012.2715613635339,987.315775310826,1003.507568359375,15745975,RELIANCE.NS
2021-06-18,1007.9687553467284,1012.2715036865906,989.3311797612216,1008.0366821289062,29369026,RELIANCE.NS
2021-06-21,998.004725544079,1017.9330322338103,996.4874542888311,1013.2906494140625,12186448,RELIANCE.NS
2021-06-22,1020.8769459855561,1024.0474616919707,1005.1833424900376,1008.08203125,12871913,RELIANCE.NS
2021-06-23,1019.0653035968686,1019.3370107371757,997.1893446925246,998.842529296875,16653951,RELIANCE.NS
2021-06-24,999.5219522378009,1003.0320420254984,969.24439537304,975.3587646484375,91461975,RELIANCE.NS
2021-06-25,975.3587188779936,975.3587188779936,942.5674531142881,953.14306640625,55355022,RELIANCE.NS
2021-06-28,961.0918688993542,963.1299720367883,942.5222185353294,944.7868041992188,20277042,RELIANCE.NS
2021-06-29,946.3720075153033,955.2039275943256,943.9262837366043,945.60205078125,27144063,RELIANCE.NS
2021-06-30,949.4291830957576,961.3862145219897,947.0740283906408,955.9512329101562,19762858,RELIANCE.NS
2021-07-01,959.2802038142157,961.6127163035006,948.863085632743,950.19921875,12534407,RELIANCE.NS
2021-07-02,949.7688254664646,966.0286046961062,947.9345027993265,964.2848510742188,14086620,RELIANCE.NS
2021-07-05,967.6364346091955,975.3813457995719,965.3944913619939,973.8640747070312,11702287,RELIANCE.NS
2021-07-06,971.4863760250655,973.2753544311909,960.2766586567433,962.3600463867188,10070124,RELIANCE.NS
2021-07-07,963.6960603661638,963.6960603661638,950.2217589268929,955.6793823242188,10454892,RELIANCE.NS
2021-07-08,958.8046409163389,958.8046409163389,942.522218479792,947.7760620117188,11185460,RELIANCE.NS
2021-07-09,945.692616426164,947.3684433649398,935.7737479702222,938.0836181640625,9037675,RELIANCE.NS
2021-07-12,941.9560942078473,951.8070963001355,939.5782970994512,943.9263305664062,8585292,RELIANCE.NS
2021-07-13,951.1276138236502,952.5090313833667,945.7152147930674,950.9917602539062,6717133,RELIANCE.NS
2021-07-14,951.2861518765445,954.2301252196338,942.6354298484742,944.7868041992188,8532544,RELIANCE.NS
2021-07-15,948.8630578642602,948.8630578642602,941.3899132919198,943.1336669921875,9448356,RELIANCE.NS
2021-07-16,945.5794029707818,957.808201493028,945.5114761829108,956.7438354492188,8828185,RELIANCE.NS
2021-07-19,951.1275859545519,961.9976083202988,947.6174964042133,950.6520385742188,8354449,RELIANCE.NS
2021-07-20,950.9010950356152,954.7509382666392,943.8809159970199,948.3194580078125,6741464,RELIANCE.NS
2021-07-22,959.7330950269046,961.9523961689722,950.2897739918685,960.5030517578125,7972397,RELIANCE.NS
2021-07-23,966.7306251488294,966.7306251488294,952.0560439551456,953.709228515625,9937030,RELIANCE.NS
2021-07-26,954.750983452507,960.6388700312618,938.0382987131833,940.642578125,12389668,RELIANCE.NS
2021-07-27,940.6199201537044,943.745031435626,924.8583903750485,930.7462768554688,10824523,RELIANCE.NS
2021-07-28,932.1050710097164,932.1050710097164,913.1957274047861,922.7523193359375,12897848,RELIANCE.NS
2021-07-29,930.2933070796137,939.5328466147575,925.4923692829198,929.95361328125,13765738,RELIANCE.NS
2021-07-30,932.1051183084293,936.6116474595756,919.9216040760916,921.8239135742188,11350608,RELIANCE.NS
2021-08-02,930.4293230086479,941.7975357253354,924.4734496016514,938.6724243164062,10925104,RELIANCE.NS
2021-08-03,946.5984882609035,947.051393415347,934.9132237953986,945.5794067382812,11817299,RELIANCE.NS
2021-08-04,948.5912889902256,957.468493410625,945.239695070289,952.8261108398438,13169800,RELIANCE.NS
2021-08-05,957.6042553564475,975.9474211617123,953.0524422703517,966.6400146484375,21252078,RELIANCE.NS
2021-08-06,964.6925808845169,972.3922085058589,941.5031888651569,946.1682739257812,16620987,RELIANCE.NS
2021-08-09,942.5221349162108,946.5078316871239,935.9548011334763,940.7783813476562,7494143,RELIANCE.NS
2021-08-10,942.9750770172923,957.0155553586313,939.238504866793,945.7152099609375,11919198,RELIANCE.NS
2021-08-11,949.7462363911606,960.1859966454768,943.6092248291548,958.963134765625,9184963,RELIANCE.NS
2021-08-12,962.4052906590396,962.9941092821113,953.3922326146494,955.88330078125,8137612,RELIANCE.NS
2021-08-13,958.9630848706249,973.7282353115995,955.181228214771,971.8032836914062,12780901,RELIANCE.NS
2021-08-16,973.4791039346753,997.7781437654177,963.8772277608733,984.4170532226562,21935444,RELIANCE.NS
2021-08-17,982.3111087496648,989.7162669243918,972.7998007947025,980.2276611328125,12658169,RELIANCE.NS
2021-08-18,984.6435653646352,990.4408829212671,974.9511198541776,984.0321044921875,10075860,RELIANCE.NS
2021-08-20,970.6030393085123,983.7376470917055,967.88554870858,972.9808959960938,9426282,RELIANCE.NS
2021-08-23,984.6435509846982,984.6435509846982,965.7568499022403,979.3670654296875,9854395,RELIANCE.NS
2021-08-24,980.5899239821464,992.7960796490014,976.3098177521405,989.036865234375,11864472,RELIANCE.NS
2021-08-25,989.8068486851395,1005.4778098902966,987.4063495975512,997.5969848632812,13380559,RELIANCE.NS
2021-08-26,1000.0427010414176,1016.7553848783828,998.6839258042111,1010.210693359375,18589616,RELIANCE.NS
2021-08-27,1013.1773788430729,1015.7817181947378,1003.6887734868195,1008.829345703125,10480636,RELIANCE.NS
2021-08-30,1019.0652631807153,1030.7732288164937,1013.0867479284576,1028.23681640625,14027062,RELIANCE.NS
2021-08-31,1031.2486961976206,1034.351165067264,1015.5550939662595,1022.7565307617188,26485463,RELIANCE.NS
2021-09-01,1029.4823244235874,1038.4953813339248,1024.9531537088544,1026.81005859375,11145486,RELIANCE.NS
2021-09-02,1021.3299483032399,1045.2440116453542,1021.3299483032399,1039.1749267578125,9956770,RELIANCE.NS
2021-09-03,1046.2402142010292,1084.7382844176575,1042.8433961232756,1081.7943115234375,30664428,RELIANCE.NS
2021-09-06,1092.890848363497,1123.2363883848902,1092.4378833660398,1098.59765625,33641710,RELIANCE.NS
2021-09-07,1100.5904921516135,1113.272195169168,1092.4379602260194,1105.52734375,17349882,RELIANCE.NS
2021-09-08,1110.554838373318,1111.4606486919852,1090.0149514607642,1101.2020263671875,14301651,RELIANCE.NS
2021-09-09,1099.6393200037396,1104.1458485171872,1094.2949080752658,1098.59765625,8963249,RELIANCE.NS
2021-09-13,1101.949327153265,1101.949327153265,1072.5323557228828,1074.1175537109375,16311160,RELIANCE.NS
2021-09-14,1075.6799942004575,1084.2853708994928,1071.6036685532943,1072.71337890625,8908356,RELIANCE.NS
2021-09-15,1072.7360805602518,1085.0780298856923,1072.7360805602518,1077.1746826171875,9071075,RELIANCE.NS
2021-09-16,1078.6465641491313,1103.647571826163,1072.0565884901453,1099.775146484375,13448882,RELIANCE.NS
2021-09-17,1107.837242193017,1112.2984866148895,1075.9517858407112,1082.722900390625,34882133,RELIANCE.NS
2021-09-20,1074.3666078022443,1095.3140549772365,1073.415512979037,1084.444091796875,11779819,RELIANCE.NS
2021-09-21,1089.2675674362638,1094.521410709491,1079.756260196694,1089.1317138671875,9915736,RELIANCE.NS
2021-09-22,1090.6264428510565,1106.0255780999046,1086.210482648724,1100.817138671875,10995912,RELIANCE.NS
2021-09-23,1108.4713001643795,1130.9360171926044,1107.6107744419755,1127.7203369140625,15748397,RELIANCE.NS
2021-09-24,1133.9027316972313,1134.7632574948414,1119.6131874834832,1124.4593505859375,15192163,RELIANCE.NS
2021-09-27,1126.4068411721403,1145.8370159244848,1121.1077134942575,1143.3685302734375,15373834,RELIANCE.NS
2021-09-28,1147.6939414575027,1161.689135216267,1138.092065214608,1154.0574951171875,18035258,RELIANCE.NS
2021-09-29,1163.9991145771864,1163.9991145771864,1141.3758992926414,1144.90869140625,9719875,RELIANCE.NS
2021-09-30,1143.6178894191034,1147.965922997723,1132.4534560345573,1141.0135498046875,13590654,RELIANCE.NS
2021-10-01,1133.178110444469,1150.3210597794448,1130.0303565325742,1143.029052734375,8958928,RELIANCE.NS
2021-10-04,1156.2993722307872,1166.1955973057436,1149.075293250508,1157.72607421875,10918552,RELIANCE.NS
2021-10-05,1157.2506571555696,1183.021746414647,1153.7405072590436,1181.7535400390625,13533634,RELIANCE.NS
2021-10-06,1186.6221652780882,1186.6221652780882,1155.438860897584,1159.40185546875,10258881,RELIANCE.NS
2021-10-07,1175.3219190109808,1177.0204479976474,1162.9573276219362,1165.0860595703125,6336665,RELIANCE.NS
2021-10-08,1170.906015220909,1215.8129290316733,1169.207605953432,1209.8570556640625,15772493,RELIANCE.NS
2021-10-11,1223.5124154081877,1231.9366542030143,1198.1263679197398,1201.4326171875,14768666,RELIANCE.NS
2021-10-12,1197.9680041586355,1215.1788796176056,1196.2694750157295,1208.29443359375,6682011,RELIANCE.NS
2021-10-13,1213.3671067441883,1231.7103344750674,1208.9737889938256,1220.5911865234375,9959762,RELIANCE.NS
2021-10-14,1223.036805981498,1230.7817769408248,1217.0809330176019,1223.0594482421875,8623469,RELIANCE.NS
2021-10-18,1208.656838063519,1243.2597273294034,1205.8034336758178,1226.3206787109375,13594479,RELIANCE.NS
2021-10-19,1233.6577079515857,1246.1356302424738,1226.5016753447112,1237.3037109375,8833409,RELIANCE.NS
2021-10-20,1242.2405578545067,1242.2405578545067,1219.0285268378586,1223.0594482421875,12710570,RELIANCE.NS
2021-10-21,1235.2883536749923,1235.5600608138357,1179.0358711096487,1187.7772216796875,20831669,RELIANCE.NS
2021-10-22,1186.6448064236538,1206.9809106504802,1182.7950231580921,1189.9964599609375,11027475,RELIANCE.NS
2021-10-25,1213.8202313490058,1213.8202313490058,1163.9992204129485,1178.4019775390625,17198417,RELIANCE.NS
2021-10-26,1185.3315195274101,1208.7926167498356,1179.013250231775,1205.2371826171875,9750178,RELIANCE.NS
2021-10-27,1201.1382490708493,1212.3706072222662,1186.6221641632774,1189.9964599609375,9896298,RELIANCE.NS
2021-10-28,1186.6449607541927,1194.7748510901267,1173.283988789091,1176.9525146484375,9886181,RELIANCE.NS
2021-10-29,1175.843002928945,1175.843002928945,1133.0649360229452,1148.7132568359375,14233025,RELIANCE.NS
2021-11-01,1148.7130092033958,1157.6581394917466,1129.6224692481335,1149.4150390625,15481114,RELIANCE.NS
2021-11-02,1152.6759743257276,1154.0347494893902,1130.1433322293192,1132.656982421875,10569130,RELIANCE.NS
2021-11-03,1135.0348760961226,1141.3531452072293,1114.6309640383438,1124.866943359375,11989430,RELIANCE.NS
2021-11-04,1129.1016597099565,1134.514118637374,1127.7656464746356,1131.77392578125,1705656,RELIANCE.NS
2021-11-08,1141.0812028496898,1141.3530297583548,1112.5474040608012,1133.1778564453125,20337183,RELIANCE.NS
2021-11-09,1134.5593339553402,1145.384011549245,1126.429444729638,1142.123046875,15682497,RELIANCE.NS
2021-11-10,1139.8585280650227,1158.56403111527,1133.9479393972968,1154.8953857421875,10253470,RELIANCE.NS
2021-11-11,1150.4342522284085,1164.2255472479787,1148.3960890914113,1157.0015869140625,10722478,RELIANCE.NS
2021-11-12,1160.783343266853,1177.0204805624614,1158.1110771767962,1174.46142578125,8712341,RELIANCE.NS
2021-11-15,1177.586582367733,1178.583081524526,1163.9990683781703,1167.5318603515625,4803269,RELIANCE.NS
2021-11-16,1164.9275032865714,1166.2636363626991,1130.0302662731583,1140.402099609375,11337581,RELIANCE.NS
2021-11-17,1131.819326460902,1131.819326460902,1114.631092727357,1115.9898681640625,10202029,RELIANCE.NS
2021-11-18,1114.177982402732,1127.3126501781812,1109.6714536653499,1120.2017822265625,8505625,RELIANCE.NS
2021-11-22,1103.3533407297432,1109.1960026578379,1064.8099816539602,1070.584716796875,24124307,RELIANCE.NS
2021-11-23,1056.6801744196864,1087.5692534410966,1045.7875684738456,1080.59423828125,25326999,RELIANCE.NS
2021-11-24,1077.9446209027212,1091.4868494573443,1061.4357769402945,1064.9912109375,16820296,RELIANCE.NS
2021-11-25,1074.7742721480843,1133.2006528139436,1067.5954770563671,1129.1016845703125,42401936,RELIANCE.NS
2021-11-26,1117.7108501017365,1122.149452357917,1087.6824179851199,1092.7098388671875,15763138,RELIANCE.NS
2021-11-29,1104.712245845007,1132.2949564813318,1086.5954393266575,1105.7991943359375,24325354,RELIANCE.NS
2021-11-30,1117.8012696969345,1121.3793456985663,1081.9528225027632,1089.4486083984375,32172299,RELIANCE.NS
2021-12-01,1101.9492572911422,1120.5189065172979,1098.3711810133602,1117.3485107421875,10104610,RELIANCE.NS
2021-12-02,1118.571348380323,1130.5736640269113,1114.9027029403865,1124.5272216796875,12720411,RELIANCE.NS
2021-12-03,1131.5699598889346,1131.6152444047298,1087.002808328186,1090.7393798828125,19222481,RELIANCE.NS
2021-12-06,1094.2498569399281,1098.326063585159,1067.5955985919252,1070.06396484375,10332254,RELIANCE.NS
2021-12-07,1076.2008936152106,1088.814549469748,1068.8862454989733,1078.782470703125,11235122,RELIANCE.NS
2021-12-08,1097.9183562650253,1101.405743762558,1089.8563933091182,1095.2008056640625,8744178,RELIANCE.NS
2021-12-09,1102.8551026436394,1120.9265028973477,1098.3259314492311,1112.5701904296875,13213547,RELIANCE.NS
2021-12-10,1105.2328712872275,1116.8955527047663,1100.7489847314073,1113.7025146484375,8364414,RELIANCE.NS
2021-12-13,1120.2924973928066,1120.5642045309762,1088.8146024741634,1091.3736572265625,12901733,RELIANCE.NS
2021-12-14,1077.9447685198427,1089.7206627192115,1074.9555104415622,1078.0126953125,12991523,RELIANCE.NS
2021-12-15,1079.7561930783932,1089.2674997267343,1069.3843607457343,1074.86474609375,9366969,RELIANCE.NS
2021-12-16,1089.5845283011158,1094.0231302341062,1072.8039773873268,1088.769287109375,9761279,RELIANCE.NS
2021-12-17,1086.1198166210095,1090.6263454753455,1050.7694958949853,1060.03173828125,21049821,RELIANCE.NS
2021-12-20,1049.7958677716224,1049.7958677716224,1017.7519129116022,1031.4527587890625,14325846,RELIANCE.NS
2021-12-21,1046.8518030785813,1062.5454064146618,1038.1784989493156,1046.8065185546875,12836561,RELIANCE.NS
2021-12-22,1052.988828746117,1074.276029474332,1051.6754577350616,1071.6490478515625,17658543,RELIANCE.NS
2021-12-23,1075.2271551661324,1077.944705915956,1068.0031950967277,1071.26416015625,9072401,RELIANCE.NS
2021-12-24,1073.4153876003008,1083.3795393185057,1058.7181649806878,1074.68359375,7886494,RELIANCE.NS
2021-12-27,1069.588333994207,1077.0388360812635,1063.4966072069749,1073.5286865234375,4017223,RELIANCE.NS
2021-12-28,1075.9516508475376,1089.1995288788441,1074.7967758285763,1086.2781982421875,6374613,RELIANCE.NS
2021-12-29,1082.926817028114,1095.6085205634522,1078.8957755234705,1088.1353759765625,15425312,RELIANCE.NS
2021-12-30,1087.003127167027,1089.245070757408,1062.3643899373753,1068.478759765625,29333171,RELIANCE.NS
2021-12-31,1074.7741732718725,1079.710904759357,1068.8862272626782,1072.5775146484375,9477290,RELIANCE.NS
2022-01-03,1071.150790940942,1090.6036067166367,1070.4940456132024,1088.74658203125,5421611,RELIANCE.NS
2022-01-04,1094.2044407783767,1114.6309956772857,1088.81462402871,1113.3175048828125,10847728,RELIANCE.NS
2022-01-05,1115.0838981501056,1121.8776545605729,1101.9265882823174,1118.5260009765625,11643813,RELIANCE.NS
2022-01-06,1110.1923187691705,1111.4605249543165,1091.0791361515087,1094.47607421875,14447422,RELIANCE.NS
2022-01-07,1101.020877531252,1113.2949007403674,1092.2342419850618,1103.30810546875,13112115,RELIANCE.NS
2022-01-10,1110.5547786779957,1112.8193642531028,1094.2723568788356,1104.2138671875,9246731,RELIANCE.NS
2022-01-11,1103.3080358803265,1120.9491128479206,1102.8550708538112,1112.16259765625,16205164,RELIANCE.NS
2022-01-12,1119.2960312179016,1143.595131948247,1116.4426269818646,1141.851318359375,14800442,RELIANCE.NS
2022-01-13,1141.9192812349345,1150.8644117443653,1136.0992618786104,1148.28271484375,11856712,RELIANCE.NS
2022-01-14,1148.146875628832,1162.776052313962,1144.0026230998735,1149.95849609375,19930176,RELIANCE.NS
2022-01-17,1149.5058351012956,1161.7345747001148,1149.0528700123114,1155.9598388671875,8036453,RELIANCE.NS
2022-01-18,1157.0921041700744,1160.5342073047743,1139.4282640408564,1142.16845703125,6215029,RELIANCE.NS
2022-01-19,1145.882379974198,1151.3173615953267,1136.3710722869748,1142.077880859375,9755485,RELIANCE.NS
2022-01-20,1132.3175229917704,1136.8014098425185,1111.913489734347,1122.08154296875,16494486,RELIANCE.NS
2022-01-21,1110.5548482538704,1133.3139167394952,1110.5548482538704,1122.2626953125,13338594,RELIANCE.NS
2022-01-24,1120.971622898134,1134.4460429942571,1066.6668610593797,1076.993408203125,21868937,RELIANCE.NS
2022-01-25,1064.1533431011624,1081.8624687571998,1043.9758512681215,1074.8875732421875,24510205,RELIANCE.NS
2022-01-27,1058.0163123551283,1067.119939925388,1046.7160258148951,1058.9674072265625,20020431,RELIANCE.NS
2022-01-28,1071.1509600753575,1076.0876922422228,1054.5741878483832,1057.9483642578125,14667727,RELIANCE.NS
2022-01-31,1068.9769283849403,1089.9017336429354,1067.1651879580827,1080.9339599609375,12143683,RELIANCE.NS
2022-02-01,1090.6263567842825,1096.333045361315,1063.0436492942567,1077.3558349609375,13200509,RELIANCE.NS
2022-02-02,1090.1735114618948,1090.1735114618948,1075.7254706378199,1079.5526123046875,10017691,RELIANCE.NS
2022-02-03,1083.3797131393435,1087.659819731054,1063.0890104902376,1065.6026611328125,9572839,RELIANCE.NS
2022-02-04,1060.280768575064,1063.655064440526,1051.2677111603737,1055.887451171875,11061241,RELIANCE.NS
2022-02-07,1060.7338205814565,1067.4370085401163,1043.9757907846413,1049.4561767578125,10714467,RELIANCE.NS
2022-02-08,1055.5932232086295,1068.8863882514995,1046.2404110052712,1067.0972900390625,12060849,RELIANCE.NS
2022-02-09,1073.9363098694528,1081.2056742872649,1067.9805561051007,1079.5299072265625,11486225,RELIANCE.NS
2022-02-10,1085.0554293647551,1085.0554293647551,1071.1962083846827,1078.4202880859375,12464491,RELIANCE.NS
2022-02-11,1074.887506839841,1079.982854527415,1061.6849113374171,1076.314208984375,15943370,RELIANCE.NS
2022-02-14,1059.9410992209632,1066.599001885618,1047.5990308751595,1059.171142578125,10719633,RELIANCE.NS
2022-02-15,1064.9004831978962,1097.8277206759533,1057.8803043046898,1095.1328125,11212671,RELIANCE.NS
2022-02-16,1100.5906182455715,1101.9493936888987,1085.1688404247225,1092.868408203125,10392840,RELIANCE.NS
2022-02-17,1096.1065786813085,1111.8681080705421,1091.5321231787168,1106.704833984375,12853252,RELIANCE.NS
2022-02-18,1107.112541400613,1112.5475227496659,1096.1292475949579,1098.05419921875,6775458,RELIANCE.NS
2022-02-21,1092.4380298945582,1103.9875007758346,1080.0281530233087,1086.957763671875,11107193,RELIANCE.NS
2022-02-22,1065.6706454025614,1085.1462276183765,1063.0664255657716,1082.02099609375,13494914,RELIANCE.NS
2022-02-23,1087.5013796836981,1089.9697459260428,1072.5098045121515,1075.2498779296875,7310110,RELIANCE.NS
2022-02-24,1043.975653416375,1059.7825863000533,1016.0759568434702,1021.66943359375,24846650,RELIANCE.NS
2022-02-25,1032.698202879161,1045.3119804850721,1030.954508957098,1034.4420166015625,14570089,RELIANCE.NS
2022-02-28,1015.8948766365417,1072.2151647642706,1015.8948766365417,1068.682373046875,21297446,RELIANCE.NS
2022-03-02,1057.3143787554548,1087.4561461649769,1054.936581459969,1086.346435546875,21471786,RELIANCE.NS
2022-03-03,1087.002981514595,1093.7288113845136,1073.4381104672327,1077.1746826171875,10186748,RELIANCE.NS
2022-03-04,1065.7158442994964,1070.833834303542,1050.928170459011,1053.2833251953125,10805667,RELIANCE.NS
2022-03-07,1032.0640445664155,1047.1915918601796,1006.3836454479082,1014.3323974609375,17983310,RELIANCE.NS
2022-03-08,1001.6279025675499,1017.2536381523959,987.361002125067,1012.4979248046875,21289374,RELIANCE.NS
2022-03-09,1012.7244638561707,1072.05665089973,1011.8864606126765,1066.2139892578125,20414228,RELIANCE.NS
2022-03-10,1087.0029472759036,1089.267532756051,1068.8862634347242,1083.4927978515625,17980493,RELIANCE.NS
2022-03-11,1076.1555181267943,1091.9850941858494,1076.1555181267943,1086.617919921875,12257423,RELIANCE.NS
2022-03-14,1081.0697243173254,1098.0541754406872,1075.2270625884603,1095.5404052734375,8340678,RELIANCE.NS
2022-03-15,1099.6621674892272,1099.6621674892272,1060.2129940392667,1070.448974609375,15925769,RELIANCE.NS
2022-03-16,1078.850581492875,1090.581191192119,1076.6312801930274,1088.5203857421875,11149828,RELIANCE.NS
2022-03-17,1101.8359811947334,1131.1170954708805,1093.8419456429745,1124.00634765625,21422098,RELIANCE.NS
2022-03-21,1106.9314074851866,1125.0480919172617,1104.6668219311773,1117.5296630859375,11999466,RELIANCE.NS
2022-03-22,1114.2232739689239,1148.124249688356,1111.2794206216663,1146.4031982421875,22557065,RELIANCE.NS
2022-03-23,1142.7119015169374,1161.6664689349448,1142.7119015169374,1150.049072265625,15462187,RELIANCE.NS
2022-03-24,1136.8240104486479,1170.4078760728964,1136.8240104486479,1167.916748046875,13168266,RELIANCE.NS
2022-03-25,1169.660588741769,1184.833300668766,1167.169460657995,1175.70703125,14222488,RELIANCE.NS
2022-03-28,1182.1158606493575,1191.060992805179,1171.4723190412603,1187.5283203125,9891424,RELIANCE.NS
2022-03-29,1194.7973413665754,1194.7973413665754,1180.9381215710694,1187.7998046875,8684065,RELIANCE.NS
2022-03-30,1195.6580225208536,1217.4433519238278,1185.3314742474283,1210.626953125,15811550,RELIANCE.NS
2022-03-31,1207.0036419353132,1209.1550162306944,1190.5400818204482,1193.325439453125,13223718,RELIANCE.NS
2022-04-01,1193.8916640782966,1207.094259791017,1187.55087204633,1202.882080078125,7922880,RELIANCE.NS
2022-04-04,1202.7008059618925,1211.5553673825946,1196.4505836886062,1206.4373779296875,7929162,RELIANCE.NS
2022-04-05,1200.7305793203723,1209.2455069018179,1186.9619284827404,1189.385009765625,13149870,RELIANCE.NS
2022-04-06,1171.7441602323938,1193.2123818265243,1171.7441602323938,1186.21484375,12257215,RELIANCE.NS
2022-04-07,1175.3672812713683,1180.3041331292436,1162.6402930619627,1165.2899169921875,15496499,RELIANCE.NS
2022-04-08,1159.4697737682463,1188.909504082465,1159.4697737682463,1184.6746826171875,15152495,RELIANCE.NS
2022-04-11,1177.5865608022991,1195.0466201854251,1169.8869936426172,1182.2064208984375,9254209,RELIANCE.NS
2022-04-12,1171.6988117922874,1178.7643968010725,1157.3866234467262,1159.9456787109375,13217742,RELIANCE.NS
2022-04-13,1166.0371790472568,1174.2349955581562,1152.9025109003892,1155.68798828125,10354235,RELIANCE.NS
2022-04-18,1147.2411835351893,1159.3793533809223,1142.1684779905993,1152.1552734375,9974224,RELIANCE.NS
2022-04-19,1158.5639783200388,1208.3849780863475,1155.416224906424,1196.0655517578125,26141820,RELIANCE.NS
2022-04-20,1203.4481327307994,1238.2775602010167,1199.8247720277507,1231.234619140625,25072240,RELIANCE.NS
2022-04-21,1245.9319403276972,1263.1880996959114,1237.3717275306717,1260.06298828125,21708633,RELIANCE.NS
2022-04-22,1249.5552942902013,1269.0760391912017,1242.8973909745034,1249.510009765625,15054154,RELIANCE.NS
2022-04-25,1242.0822318802027,1249.3288344946673,1206.41491600151,1220.6138916015625,17063215,RELIANCE.NS
2022-04-26,1227.4076394974306,1265.9057172545076,1226.3659755709643,1257.1417236328125,12227666,RELIANCE.NS
2022-04-27,1248.1738072854712,1280.8518611647926,1247.8114113086813,1258.364501953125,19338945,RELIANCE.NS
2022-04-28,1272.6767577965609,1291.269050141953,1261.874601680994,1277.16064453125,25614076,RELIANCE.NS
2022-04-29,1293.6015662528664,1293.6015662528664,1257.8889681093667,1263.7542724609375,18214862,RELIANCE.NS
2022-05-02,1250.9593611931234,1270.6612443033114,1249.1702630612974,1259.315673828125,9467006,RELIANCE.NS
2022-05-04,1261.3764403153348,1263.6410258882418,1212.1442565160846,1220.0023193359375,19247660,RELIANCE.NS
2022-05-05,1233.5218443509423,1236.4658174286478,1192.079918457506,1196.11083984375,17210669,RELIANCE.NS
2022-05-06,1183.112189870724,1204.3087009820067,1174.6651887519583,1186.9393310546875,19649948,RELIANCE.NS
2022-05-09,1166.2410086662385,1176.2732081933118,1135.4652620079833,1140.583251953125,18083752,RELIANCE.NS
2022-05-10,1130.0301899582084,1144.3423749690376,1113.2721615832613,1120.813232421875,19511677,RELIANCE.NS
2022-05-11,1119.9075231154202,1125.478478168712,1096.9445548183617,1109.3319091796875,16643899,RELIANCE.NS
2022-05-12,1099.4581878859078,1102.7870793042052,1073.4153958980505,1086.731201171875,20490321,RELIANCE.NS
2022-05-13,1098.7789520224087,1122.3306194635952,1093.9553113783713,1099.0506591796875,19308778,RELIANCE.NS
2022-05-16,1102.6059947530612,1123.6892942266647,1094.54403200538,1099.3223876953125,13437911,RELIANCE.NS
2022-05-17,1102.9005084688652,1150.36636198311,1101.4964484721288,1145.4974365234375,16551828,RELIANCE.NS
2022-05-18,1150.2530031709177,1163.9990123371506,1136.0313867118257,1149.6641845703125,17276788,RELIANCE.NS
2022-05-19,1125.0481241931686,1137.956250241304,1116.918234266966,1123.16845703125,14699118,RELIANCE.NS
2022-05-20,1137.95611299257,1197.6959774442455,1133.2005197063886,1188.6602783203125,21793091,RELIANCE.NS
2022-05-23,1191.8535854335655,1201.8405013117845,1174.4162863101842,1180.7119140625,15252755,RELIANCE.NS
2022-05-24,1180.7569797022973,1194.7973375363194,1176.5448004718992,1184.7652587890625,13527818,RELIANCE.NS
2022-05-25,1193.4387237828619,1203.2670225299603,1178.2658929997126,1183.0216064453125,12714544,RELIANCE.NS
2022-05-26,1188.6376579513867,1193.393371125466,1154.0347740615534,1171.743896484375,17882023,RELIANCE.NS
2022-05-27,1174.4388502012214,1179.9191164627784,1150.4568600156867,1166.3089599609375,16521973,RELIANCE.NS
2022-05-30,1184.3802630005096,1211.1024440039564,1174.959644745959,1206.9356689453125,13853398,RELIANCE.NS
2022-05-31,1196.3373846577454,1213.2765527152142,1184.697464521731,1192.3743896484375,70620653,RELIANCE.NS
2022-06-01,1193.121675611818,1202.587698682473,1184.9238588339676,1192.7593994140625,9776989,RELIANCE.NS
2022-06-02,1192.98576447725,1237.5755649319342,1192.98576447725,1233.88427734375,22126569,RELIANCE.NS
2022-06-03,1242.8068535360608,1276.0283243723425,1241.9009234208313,1258.8853759765625,23939791,RELIANCE.NS
2022-06-06,1259.1117816339226,1274.5109147154305,1246.3393903599856,1253.472900390625,11093152,RELIANCE.NS
2022-06-07,1254.5372764842177,1264.139152836091,1246.4527910651425,1255.828125,12358255,RELIANCE.NS
2022-06-08,1255.8281557796806,1259.564728048269,1230.260968517713,1233.7711181640625,12479250,RELIANCE.NS
2022-06-09,1227.4076388685442,1269.528957983228,1227.4076388685442,1267.6041259765625,17278305,RELIANCE.NS
2022-06-10,1255.4431162995847,1263.595647717919,1223.5576627478845,1229.3323974609375,18093057,RELIANCE.NS
2022-06-13,1200.2324095352897,1210.5588374187555,1184.9690106078476,1206.074951171875,17620803,RELIANCE.NS
2022-06-14,1200.2551062805883,1210.1286894158018,1183.6782159302647,1190.3134765625,14714312,RELIANCE.NS
2022-06-15,1185.5352852287417,1194.4804162045639,1170.5210697144335,1175.9107666015625,11195535,RELIANCE.NS
2022-06-16,1188.0037758538701,1204.3314838613276,1156.7524198124486,1159.469970703125,17111475,RELIANCE.NS
2022-06-17,1159.4698594973618,1188.8415454022556,1157.7035234680366,1173.057373046875,24457187,RELIANCE.NS
2022-06-20,1179.851164692969,1185.331550638825,1141.8513382748356,1151.79296875,12066797,RELIANCE.NS
2022-06-21,1159.4697654774316,1174.597191210546,1145.1122963870148,1170.3851318359375,11720049,RELIANCE.NS
2022-06-22,1158.6091371952043,1158.699706227464,1132.7474854742916,1134.8309326171875,10617206,RELIANCE.NS
2022-06-23,1139.1111811125647,1143.6177098347453,1107.3842221697334,1116.419921875,19446323,RELIANCE.NS
2022-06-24,1123.2363989208543,1137.2767565696067,1117.8012981016543,1132.3173828125,14240234,RELIANCE.NS
2022-06-27,1152.6534598644344,1152.6534598644344,1123.9383995696694,1128.9658203125,15474529,RELIANCE.NS
2022-06-28,1124.1877183226331,1147.6714605178865,1124.1877183226331,1144.8406982421875,13572847,RELIANCE.NS
2022-06-29,1135.555858296585,1176.2279518820312,1132.7477384681235,1168.59619140625,19205146,RELIANCE.NS
2022-06-30,1168.5281075997498,1184.7878859438251,1162.1873163749465,1175.6163330078125,23112959,RELIANCE.NS
2022-07-01,1166.2183382001654,1173.9631898181497,1071.150907551117,1090.943359375,81997149,RELIANCE.NS
2022-07-04,1077.4691189892487,1106.025565464495,1071.6490989100685,1093.2080078125,41857728,RELIANCE.NS
2022-07-05,1097.4202390673574,1116.3974516386227,1094.7479726674217,1102.0626220703125,17647327,RELIANCE.NS
2022-07-06,1096.106567126978,1106.0027924376789,1081.5679595799388,1092.3699951171875,23943726,RELIANCE.NS
2022-07-07,1098.733462298577,1102.0623535548807,1075.6799289511744,1081.6131591796875,23301033,RELIANCE.NS
2022-07-08,1095.155510044553,1095.155510044553,1079.0995110804106,1083.10791015625,19010108,RELIANCE.NS
2022-07-11,1076.3595407614398,1100.0470622923701,1073.4155672927277,1097.827880859375,13847467,RELIANCE.NS
2022-07-12,1088.8145132177926,1104.9837222205626,1088.8145132177926,1096.2650146484375,10778989,RELIANCE.NS
2022-07-13,1099.3677256155834,1102.4022679488555,1074.7742754785731,1076.8349609375,14224132,RELIANCE.NS
2022-07-14,1081.568146854285,1102.3797424093775,1076.5633677805536,1085.7122802734375,16970315,RELIANCE.NS
2022-07-15,1093.796752824721,1093.796752824721,1079.3487135847495,1087.8182373046875,9603210,RELIANCE.NS
2022-07-18,1096.5143900160117,1098.3260107043704,1083.5155743058108,1097.08056640625,15160908,RELIANCE.NS
2022-07-19,1087.1389350761635,1108.2902834767385,1087.1389350761635,1103.806396484375,16439888,RELIANCE.NS
2022-07-20,1150.4114709277653,1151.543703777921,1126.0670869457035,1133.6534423828125,23924246,RELIANCE.NS
2022-07-21,1129.5772288514759,1132.2947793542016,1117.484344754926,1126.0897216796875,16523230,RELIANCE.NS
2022-07-22,1132.29491466853,1139.6774905895736,1130.0303289124045,1133.698974609375,10969995,RELIANCE.NS
2022-07-25,1117.5522733397709,1117.5522733397709,1088.361726850526,1096.242431640625,23110452,RELIANCE.NS
2022-07-26,1096.5595845623452,1106.886133119494,1092.143624721455,1096.74072265625,11303288,RELIANCE.NS
2022-07-27,1096.0387306174957,1099.2317688342157,1087.908840568981,1095.6990966796875,8655086,RELIANCE.NS
2022-07-28,1103.3080323769393,1117.7787135139506,1096.5142758027298,1112.8646240234375,12496073,RELIANCE.NS
2022-07-29,1120.8359411287292,1140.0396942059215,1115.989778235377,1136.5748291015625,15130683,RELIANCE.NS
2022-08-01,1140.9681259695833,1172.038340631328,1135.7369249153332,1166.1956787109375,15700044,RELIANCE.NS
2022-08-02,1165.1312476689257,1181.119198519279,1160.1717542868648,1170.6341552734375,13917913,RELIANCE.NS
2022-08-03,1177.5865998850716,1182.1157712823,1162.8442104812696,1180.462646484375,14250977,RELIANCE.NS
2022-08-04,1182.1156551708407,1185.6258045890304,1148.1468730281574,1164.8594970703125,14467127,RELIANCE.NS
2022-08-05,1166.7164604960217,1167.9845468317753,1144.5008098568317,1147.69384765625,13942438,RELIANCE.NS
2022-08-08,1146.3351396535795,1170.1359894573532,1146.3351396535795,1162.7081298828125,10165178,RELIANCE.NS
2022-08-10,1167.1241099957583,1173.0120563323646,1158.1336946618562,1169.6605224609375,10724688,RELIANCE.NS
2022-08-11,1178.9905230785732,1182.070349687536,1168.6186906335156,1173.5555419921875,8198226,RELIANCE.NS
2022-08-12,1173.193230375856,1196.3146936661199,1169.5247047340195,1192.5328369140625,12650587,RELIANCE.NS
2022-08-16,1198.511418811862,1203.5388398516432,1189.9513255065965,1200.8212890625,6607378,RELIANCE.NS
2022-08-17,1207.0261894301318,1212.4158859762824,1202.7460834374597,1207.0941162109375,6595965,RELIANCE.NS
2022-08-18,1208.6925853891362,1212.7820913718717,1199.6955520359063,1209.2833251953125,7410035,RELIANCE.NS
2022-08-19,1204.148579928399,1209.464997552082,1183.6779742626552,1187.72216796875,9460724,RELIANCE.NS
2022-08-22,1189.1535324408326,1195.651309470641,1175.0672431781986,1184.427734375,9471680,RELIANCE.NS
2022-08-23,1178.7024907985585,1205.6027266806439,1177.4982950302235,1202.694580078125,9678484,RELIANCE.NS
2022-08-24,1199.6499778722127,1213.236390851307,1197.4915843453323,1199.4908447265625,10369622,RELIANCE.NS
2022-08-25,1203.6715670494066,1210.0103318429638,1191.6982378249359,1195.9923095703125,7871946,RELIANCE.NS
2022-08-26,1196.4237108559755,1204.1485194816453,1184.6095168359632,1189.6077880859375,10742038,RELIANCE.NS
2022-08-29,1174.6128173581192,1206.4205794013706,1171.4547933496005,1180.3609619140625,19838975,RELIANCE.NS
2022-08-30,1187.790261371782,1201.990130578996,1170.795826558723,1198.6729736328125,23139054,RELIANCE.NS
2022-09-01,1173.54493369258,1183.6778930178739,1159.026918701398,1163.4345703125,19909939,RELIANCE.NS
2022-09-02,1163.4346809089884,1170.2278880627014,1147.6671567250864,1149.8482666015625,12999345,RELIANCE.NS
2022-09-05,1150.0754462865928,1173.0224725362493,1150.0754462865928,1167.7060546875,11327815,RELIANCE.NS
2022-09-06,1169.1600343727337,1184.1550886922698,1168.705591439244,1179.997314453125,10899618,RELIANCE.NS
2022-09-07,1170.0687052311116,1179.1111693642993,1167.796731130178,1173.1358642578125,7488501,RELIANCE.NS
2022-09-08,1176.0894937430355,1180.5198614611618,1168.2512248209334,1174.79443359375,7057077,RELIANCE.NS
2022-09-09,1185.9727033347192,1185.9727033347192,1165.0704903678632,1167.4788818359375,8314850,RELIANCE.NS
2022-09-12,1168.046804859231,1186.8816091364133,1168.046804859231,1180.542724609375,7435419,RELIANCE.NS
2022-09-13,1189.607891122723,1194.9243089400052,1181.8832020191865,1190.403076171875,8888657,RELIANCE.NS
2022-09-14,1170.0688394223355,1185.9726599528265,1169.046493026583,1176.135009765625,8678219,RELIANCE.NS
2022-09-15,1173.704175948456,1183.041952132411,1161.7762789427293,1164.47998046875,10365600,RELIANCE.NS
2022-09-16,1155.8689337357673,1160.0721402601105,1131.8995628990685,1135.6256103515625,20217708,RELIANCE.NS
2022-09-19,1135.6257495827476,1146.3040180403946,1127.5147655140897,1137.1025390625,7580254,RELIANCE.NS
2022-09-20,1146.1903481529216,1153.119972213298,1133.5808482063046,1137.2841796875,8411448,RELIANCE.NS
2022-09-21,1134.512398474311,1150.9842421176709,1133.7172134827065,1140.4195556640625,9207309,RELIANCE.NS
2022-09-22,1129.6276634257686,1137.3523524884633,1123.3116153435435,1129.673095703125,10308170,RELIANCE.NS
2022-09-23,1129.1733426023927,1134.1488981287762,1106.9533532004177,1108.498291015625,9528051,RELIANCE.NS
2022-09-26,1087.845960638479,1098.6379294477279,1079.257938059937,1080.257568359375,12479523,RELIANCE.NS
2022-09-27,1087.8231145473603,1102.3638454814661,1072.4191704410875,1088.8455810546875,16154822,RELIANCE.NS
2022-09-28,1072.5328732525227,1080.5529923156532,1057.4242371952328,1059.855224609375,16997059,RELIANCE.NS
2022-09-29,1072.3738473223364,1075.7817488504493,1051.0171916607421,1056.6063232421875,14671827,RELIANCE.NS
2022-09-30,1050.108360317172,1091.458340177691,1050.108360317172,1080.4393310546875,18613024,RELIANCE.NS
2022-10-03,1086.687214378407,1098.251530811662,1073.7369732258553,1076.6905517578125,11852723,RELIANCE.NS
2022-10-04,1089.5498341414104,1098.7285948569065,1086.073664575446,1096.5474853515625,8948850,RELIANCE.NS
2022-10-06,1103.7271026820092,1113.269322563035,1098.7968595905177,1100.5916748046875,13352162,RELIANCE.NS
2022-10-07,1097.2066757140567,1110.497781619985,1097.2066757140567,1105.24951171875,7714340,RELIANCE.NS
2022-10-10,1092.8216022630288,1098.547030597458,1085.0969133921378,1093.1851806640625,6329527,RELIANCE.NS
2022-10-11,1096.911150105876,1096.911150105876,1068.329679997323,1071.4195556640625,9215177,RELIANCE.NS
2022-10-12,1068.7386577474495,1082.2342073300697,1064.6944639855953,1079.3033447265625,7417103,RELIANCE.NS
2022-10-13,1077.5538882747444,1087.8231445652352,1072.419200033899,1082.7340087890625,7328492,RELIANCE.NS
2022-10-14,1097.3654596284905,1097.9789154976827,1076.508681223135,1077.2357177734375,9106089,RELIANCE.NS
2022-10-17,1070.1019383497958,1096.9111900194368,1064.9218171343564,1094.525634765625,16729355,RELIANCE.NS
2022-10-18,1100.5462980220425,1119.1765361724479,1099.7056807153497,1113.83740234375,12415820,RELIANCE.NS
2022-10-19,1115.314085328947,1148.6440655761994,1109.4977929604431,1133.21728515625,19247142,RELIANCE.NS
2022-10-20,1129.173323936751,1144.6227018334394,1129.173323936751,1136.2618408203125,8717053,RELIANCE.NS
2022-10-21,1139.4879233106462,1143.6229813098248,1120.994103570685,1123.084228515625,8243452,RELIANCE.NS
2022-10-24,1117.81325918146,1137.1251004905544,1115.6777019334577,1126.8330078125,3370033,RELIANCE.NS
2022-10-25,1135.5348605120162,1135.5348605120162,1107.8167232856267,1109.4298095703125,12233241,RELIANCE.NS
2022-10-27,1116.90446154382,1121.6529753517277,1105.4537260220727,1113.7918701171875,12513059,RELIANCE.NS
2022-10-28,1120.085180684718,1151.8929390234955,1117.5633290375395,1147.87158203125,17609592,RELIANCE.NS
2022-10-31,1154.6195667238408,1163.684748855419,1150.620804946696,1158.52734375,12419943,RELIANCE.NS
2022-11-01,1181.428644108962,1181.428644108962,1139.6243422706675,1149.5528564453125,13963166,RELIANCE.NS
2022-11-02,1150.666129478395,1158.7998289194838,1142.8051438822936,1156.7322998046875,8981896,RELIANCE.NS
2022-11-03,1149.5529038103175,1163.048452941367,1147.3717940343818,1161.049072265625,6693449,RELIANCE.NS
2022-11-04,1160.4810755593053,1181.428720196316,1159.2088516372303,1178.1343994140625,12575815,RELIANCE.NS
2022-11-07,1177.3392175630618,1186.1090891689403,1169.6145286927685,1184.427734375,11789748,RELIANCE.NS
2022-11-09,1186.1090519678319,1191.4027533204435,1176.9074538352093,1183.246337890625,11254205,RELIANCE.NS
2022-11-10,1176.8848340514855,1179.8611290593667,1164.616195791804,1168.9329833984375,5966242,RELIANCE.NS
2022-11-11,1181.428793587036,1197.787058206641,1175.9760787775724,1195.878662109375,12310132,RELIANCE.NS
2022-11-14,1195.4015009715274,1200.5134736804264,1183.7689145270133,1190.0850830078125,9043112,RELIANCE.NS
2022-11-15,1191.561895358841,1193.4248592098502,1176.8848651845096,1184.7459716796875,7086433,RELIANCE.NS
2022-11-16,1185.9727580356148,1188.6764594316192,1172.954366703904,1177.9527587890625,9716161,RELIANCE.NS
2022-11-17,1174.5901593039591,1187.3359568517499,1172.3409009131724,1180.9971923828125,6661451,RELIANCE.NS
2022-11-18,1184.495900066872,1185.518366679259,1168.2967693410817,1180.3609619140625,5303197,RELIANCE.NS
2022-11-21,1175.9760614312995,1175.9760614312995,1155.5737233322704,1159.1180419921875,6390268,RELIANCE.NS
2022-11-22,1156.4369938334312,1167.1152613187112,1152.5746494360667,1165.547607421875,6611488,RELIANCE.NS
2022-11-23,1170.0690144783027,1171.3867910548404,1159.731487519947,1161.91259765625,6413408,RELIANCE.NS
2022-11-24,1165.9792953074673,1178.702375351731,1157.8910283853108,1171.931884765625,9389439,RELIANCE.NS
2022-11-25,1176.430472976704,1192.7431844497548,1173.295044904841,1189.4261474609375,7349922,RELIANCE.NS
2022-11-28,1185.472920181286,1236.4333911015242,1136.8980043426527,1230.299072265625,31527484,RELIANCE.NS
2022-11-29,1228.6632233258865,1241.2500078770877,1224.1419904117938,1232.4119873046875,11058913,RELIANCE.NS
2022-11-30,1232.54834119291,1247.5206802015884,1226.0504438987869,1241.1136474609375,26164986,RELIANCE.NS
2022-12-01,1245.8619813701127,1251.8600031393141,1234.1386516701657,1237.4556884765625,9485801,RELIANCE.NS
2022-12-02,1240.5001400003844,1248.6792715763747,1227.1408877532265,1236.93310546875,11589592,RELIANCE.NS
2022-12-05,1232.3210781772725,1234.4794719283639,1216.871700030192,1218.8936767578125,14828536,RELIANCE.NS
2022-12-06,1211.0098577338963,1225.5050364637573,1209.146773966004,1222.4151611328125,8594245,RELIANCE.NS
2022-12-07,1220.0523915216042,1224.5963402295367,1200.5815364526634,1204.375732421875,8462111,RELIANCE.NS
2022-12-08,1208.6925503476532,1210.9645247591304,1199.6500849785011,1203.8077392578125,7757008,RELIANCE.NS
2022-12-09,1202.330873974504,1208.6924740397408,1182.2692798901842,1185.563720703125,12655763,RELIANCE.NS
2022-12-12,1174.8401159938364,1191.8798642806923,1174.6128344148897,1187.38134765625,9479842,RELIANCE.NS
2022-12-13,1187.381293975718,1196.4237590933476,1184.473147579326,1192.7886962890625,8333348,RELIANCE.NS
2022-12-14,1198.5368585654778,1199.1275984061572,1186.4272326920325,1188.4720458984375,7268947,RELIANCE.NS
2022-12-15,1182.564761948623,1188.244637773301,1168.2513114103942,1171.591064453125,8688551,RELIANCE.NS
2022-12-16,1168.2511866821458,1189.9712977835404,1162.4121783240482,1165.79736328125,15837349,RELIANCE.NS
2022-12-19,1172.7951677670053,1183.246273075343,1166.2972711057284,1181.110595703125,7729933,RELIANCE.NS
2022-12-20,1174.1129983269077,1193.242990634255,1165.9792991040035,1191.3345947265625,7467588,RELIANCE.NS
2022-12-21,1190.9711686756098,1196.423883640869,1170.5688296926967,1174.3857421875,8527550,RELIANCE.NS
2022-12-22,1180.5200715713056,1183.5417989966502,1166.3202002479723,1171.34130859375,7451122,RELIANCE.NS
2022-12-23,1164.7524600759673,1177.112082738486,1132.4676588679463,1136.9888916015625,10257115,RELIANCE.NS
2022-12-26,1142.6915558359974,1155.0737739248264,1132.5357596211306,1146.9173583984375,5990242,RELIANCE.NS
2022-12-27,1149.6210331376262,1158.1636228081527,1142.9186909584178,1156.3006591796875,5763271,RELIANCE.NS
2022-12-28,1153.2561494312388,1158.6179988266933,1145.7586226936976,1156.18701171875,7459393,RELIANCE.NS
2022-12-29,1148.2580090394192,1158.2092411945277,1147.576404624278,1155.6646728515625,6930648,RELIANCE.NS
2022-12-30,1156.4824475075623,1170.97762738263,1154.6649160603042,1157.4366455078125,7289476,RELIANCE.NS
2023-01-02,1158.7090222381169,1171.8865462707408,1157.8911210447166,1170.4779052734375,5316175,RELIANCE.NS
2023-01-03,1165.547781216755,1169.1602486359825,1157.7095105638098,1161.91259765625,7658932,RELIANCE.NS
2023-01-04,1161.8898109401732,1163.7301788455284,1142.350805656606,1144.4183349609375,9264891,RELIANCE.NS
2023-01-05,1146.6674842652508,1152.5292093307505,1137.8067482537933,1142.3734130859375,13637099,RELIANCE.NS
2023-01-06,1148.0989399434065,1157.777577935928,1144.3047436595773,1152.7564697265625,6349597,RELIANCE.NS
2023-01-09,1156.57338165,1182.3376907366148,1155.6873320113693,1179.9747314453125,10722753,RELIANCE.NS
2023-01-10,1184.155127696438,1184.155127696438,1156.891435377878,1162.52587890625,8047142,RELIANCE.NS
2023-01-11,1159.8449086559888,1162.344044167369,1145.5767715508584,1147.87158203125,11509553,RELIANCE.NS
2023-01-12,1147.280880250268,1150.7569299071174,1120.0852177263125,1123.084228515625,17688773,RELIANCE.NS
2023-01-13,1117.0863548772086,1123.675117069892,1106.2717897707075,1121.266845703125,20618583,RELIANCE.NS
2023-01-16,1123.584175159578,1126.7421991055548,1102.8182596793808,1110.5885009765625,13623855,RELIANCE.NS
2023-01-17,1116.9047238004225,1128.2645974446718,1113.542254085864,1126.356201171875,10751000,RELIANCE.NS
2023-01-18,1123.947854631307,1131.9451378363888,1117.9725482719243,1124.4930419921875,13448286,RELIANCE.NS
2023-01-19,1123.674992689111,1127.4237562572607,1116.2910462380278,1123.288818359375,11940054,RELIANCE.NS
2023-01-20,1124.6291897175156,1124.6291897175156,1107.4758620574123,1109.9295654296875,14930286,RELIANCE.NS
2023-01-23,1112.8150268033937,1120.6305800710875,1101.9094778576764,1104.3177490234375,10954118,RELIANCE.NS
2023-01-24,1108.7255092415182,1110.3840278353364,1084.801567826855,1097.79736328125,16488755,RELIANCE.NS
2023-01-25,1096.2068953996695,1097.2292417944516,1081.4617181061994,1082.620361328125,12385018,RELIANCE.NS
2023-01-27,1083.4611595770739,1084.8015319770323,1050.403768536496,1062.081787109375,25830975,RELIANCE.NS
2023-01-30,1059.5144571522903,1077.781116815708,1045.564464693845,1072.26025390625,21772103,RELIANCE.NS
2023-01-31,1082.3705756526113,1084.9379802131518,1063.7403362487162,1069.579345703125,22691594,RELIANCE.NS
2023-02-01,1081.4391134749721,1081.4391134749721,1047.382090519888,1063.2406005859375,19347800,RELIANCE.NS
2023-02-02,1053.2890475640809,1066.920892525141,1050.1083077780725,1057.35595703125,13662663,RELIANCE.NS
2023-02-03,1067.3753725425988,1067.3753725425988,1041.929212987467,1058.2874755859375,24699575,RELIANCE.NS
2023-02-06,1051.9258301558875,1054.652247201578,1047.7454602358487,1050.312744140625,14837879,RELIANCE.NS
2023-02-07,1050.5628652677376,1057.560517598404,1041.9292904027159,1047.791015625,15135435,RELIANCE.NS
2023-02-08,1051.017186057536,1072.3284093286718,1048.290888887822,1068.7159423828125,21160332,RELIANCE.NS
2023-02-09,1069.3976200283605,1077.3040386110727,1060.559599329042,1070.5789794921875,13172763,RELIANCE.NS
2023-02-10,1070.0563840638993,1070.0563840638993,1054.7886158361225,1061.763671875,10790445,RELIANCE.NS
2023-02-13,1063.3768779331142,1067.8299624778901,1051.2672523692866,1055.7203369140625,10352493,RELIANCE.NS
2023-02-14,1058.7192622894795,1082.3250555378218,1055.8565481440585,1080.598388671875,14321920,RELIANCE.NS
2023-02-15,1079.6441795283704,1107.4533024427076,1078.2810909230323,1105.067626953125,33503591,RELIANCE.NS
2023-02-16,1113.019527781497,1119.5401413378127,1101.9322491792432,1104.2042236328125,17264487,RELIANCE.NS
2023-02-17,1099.6375221146495,1112.1334412904273,1095.3661670147737,1108.8162841796875,11809520,RELIANCE.NS
2023-02-20,1110.9974583087273,1113.1558521216361,1095.1390690194628,1097.093017578125,8836937,RELIANCE.NS
2023-02-21,1101.4551746278107,1111.8152960708703,1096.161352929149,1106.0445556640625,13311592,RELIANCE.NS
2023-02-22,1102.34116225432,1104.181409716533,1079.2124090771258,1080.9617919921875,11024335,RELIANCE.NS
2023-02-23,1080.5528460297141,1088.1639533747034,1072.987170955967,1075.7816162109375,9851910,RELIANCE.NS
2023-02-24,1077.8265267799054,1088.800224148405,1076.0089953829322,1083.1429443359375,9434053,RELIANCE.NS
2023-02-27,1082.370422196558,1085.846592046861,1068.6022799971277,1075.940673828125,11199715,RELIANCE.NS
2023-02-28,1070.601498241021,1075.5544571553608,1051.3124942776465,1055.3565673828125,21994038,RELIANCE.NS
2023-03-01,1065.1034156724897,1065.7850199744744,1055.6746563210354,1065.0579833984375,11551145,RELIANCE.NS
2023-03-02,1061.9226969308686,1068.5796069332716,1054.9249246750653,1056.947021484375,9333535,RELIANCE.NS
2023-03-03,1067.443561368033,1087.5733043694927,1063.9902277008234,1083.9154052734375,14643807,RELIANCE.NS
2023-03-06,1090.5494771055185,1101.7276183803804,1090.5494771055185,1094.502685546875,10171916,RELIANCE.NS
2023-03-08,1094.5029801942796,1099.1833465971572,1083.733846641011,1098.43359375,15782657,RELIANCE.NS
2023-03-09,1097.8199821583767,1098.2288726400263,1070.147279158801,1072.032958984375,16235128,RELIANCE.NS
2023-03-10,1063.967514713159,1065.1034417835135,1051.9486346812796,1055.4248046875,13334091,RELIANCE.NS
2023-03-13,1058.2876262665352,1065.1035499544928,1033.7502288751577,1038.0670166015625,12771592,RELIANCE.NS
2023-03-14,1036.0221323528851,1047.3592882483779,1031.0465769110588,1034.181884765625,16027522,RELIANCE.NS
2023-03-15,1037.8851067638673,1044.3374508988734,1012.1208019221261,1016.5057373046875,21728555,RELIANCE.NS
2023-03-16,1019.2095111682803,1024.2077825786946,1000.6701381392561,1011.4392700195312,18363159,RELIANCE.NS
2023-03-17,1020.0047033408911,1023.2763079373278,1005.4413153341551,1010.1670532226562,34014213,RELIANCE.NS
2023-03-20,1006.4864237654998,1008.7583980790381,990.5825434751304,1000.2384643554688,19524589,RELIANCE.NS
2023-03-21,1008.2811925498517,1033.2957451749278,1007.3951430408976,1031.341796875,21400360,RELIANCE.NS
2023-03-22,1038.2942074878824,1041.2250703817986,1031.4782836063534,1034.477294921875,10920094,RELIANCE.NS
2023-03-23,1030.569386905087,1031.4327203269945,1019.2322313496287,1021.390625,16249370,RELIANCE.NS
2023-03-24,1020.231887763167,1022.3902814688943,998.7617116838695,1001.1699829101562,12375945,RELIANCE.NS
2023-03-27,1007.6224783212151,1024.2078438429432,999.7614322476102,1016.7330322265625,14054323,RELIANCE.NS
2023-03-28,1020.118297683826,1025.3438507677042,1016.4831146440141,1021.4815063476562,12576424,RELIANCE.NS
2023-03-29,1017.391938716083,1020.0274916428302,1004.71434981678,1015.4381103515625,18804065,RELIANCE.NS
2023-03-31,1024.6623383806666,1064.8536804760474,1024.5260415402947,1059.2191162109375,28171201,RELIANCE.NS
2023-04-03,1065.5579119993613,1067.3754434349298,1051.9259454677697,1059.4007568359375,10293043,RELIANCE.NS
2023-04-05,1066.9210129823457,1066.9210129823457,1048.995215362799,1056.856201171875,16262928,RELIANCE.NS
2023-04-06,1053.3572991214214,1069.6474143387793,1053.3572991214214,1063.9447021484375,18435046,RELIANCE.NS
2023-04-10,1067.8299972108045,1068.0117263349803,1054.9023498118622,1056.40185546875,12961408,RELIANCE.NS
2023-04-11,1060.559540630498,1063.7402807994256,1056.0383079017138,1061.6273193359375,10542367,RELIANCE.NS
2023-04-12,1061.6272515959452,1075.9179854968688,1058.7646577412916,1066.3076171875,18179087,RELIANCE.NS
2023-04-13,1069.1929322468407,1075.0092249147228,1064.1946609026813,1070.3289794921875,12378208,RELIANCE.NS
2023-04-17,1101.8866740573628,1101.8866740573628,1067.3980510351955,1075.7589111328125,17929479,RELIANCE.NS
2023-04-18,1080.0985197030036,1080.0985197030036,1056.9243329412964,1063.4449462890625,10405576,RELIANCE.NS
2023-04-19,1062.8542061722762,1071.4195123263064,1059.741614492453,1068.7386474609375,12273475,RELIANCE.NS
2023-04-20,1069.692811176778,1071.9193532094926,1059.6961482625013,1066.034912109375,7007330,RELIANCE.NS
2023-04-21,1068.1252410633845,1072.8282030082607,1061.6500596936005,1067.37548828125,7647317,RELIANCE.NS
2023-04-24,1079.1896539611616,1081.8705185788936,1066.9208972884767,1071.4649658203125,12936186,RELIANCE.NS
2023-04-25,1075.1000833366595,1081.7342770992536,1068.0569991057368,1079.666748046875,9236126,RELIANCE.NS
2023-04-26,1081.0072593250222,1084.233551809527,1069.6701038322165,1073.3280029296875,8617834,RELIANCE.NS
2023-04-27,1079.1898559504257,1083.2793621459462,1074.1914637637067,1080.121337890625,9167125,RELIANCE.NS
2023-04-28,1082.3704342762564,1101.409681900637,1082.2568535921685,1099.8646240234375,15565210,RELIANCE.NS
2023-05-02,1106.9986888116582,1111.3609082117491,1103.3180737047812,1109.2025146484375,12981805,RELIANCE.NS
2023-05-03,1110.9974233118683,1110.9974233118683,1096.4795270846325,1099.6829833984375,7061872,RELIANCE.NS
2023-05-04,1100.1601065895743,1114.564421653396,1097.1838117593734,1112.360595703125,8635233,RELIANCE.NS
2023-05-05,1109.1798878043744,1118.4267984938415,1106.9079133744922,1109.5206298828125,8746585,RELIANCE.NS
2023-05-08,1113.2692311404737,1128.5597141757223,1110.6110827431748,1123.2205810546875,9153782,RELIANCE.NS
2023-05-09,1124.6292481933926,1129.9912183396398,1119.290114376559,1126.69677734375,6464721,RELIANCE.NS
2023-05-10,1131.4453248412979,1135.9211253467272,1127.446563252221,1134.4443359375,10872255,RELIANCE.NS
2023-05-11,1135.5121619830659,1140.3059886325332,1125.3336486663607,1127.0377197265625,10557860,RELIANCE.NS
2023-05-12,1122.2663301444138,1130.2637323324755,1116.2228762779578,1128.8778076171875,6955341,RELIANCE.NS
2023-05-15,1131.3998000896127,1138.056589765274,1123.7885720856236,1131.1043701171875,6833343,RELIANCE.NS
2023-05-16,1133.2628763872494,1135.8074445597895,1113.3375770795326,1114.9962158203125,8717229,RELIANCE.NS
2023-05-17,1119.1766035619933,1120.085369338175,1103.7272247932553,1108.407470703125,8798967,RELIANCE.NS
2023-05-18,1113.0649351771951,1116.4502407386783,1102.8864225456616,1106.0218505859375,10525531,RELIANCE.NS
2023-05-19,1106.0218196807168,1111.4291017814717,1099.1149119209986,1109.6114501953125,8050447,RELIANCE.NS
2023-05-22,1106.4534840047638,1120.5397737195674,1105.2494084549478,1115.5413818359375,7434906,RELIANCE.NS
2023-05-23,1118.1087637100431,1121.4485168171577,1113.9282731003457,1115.3369140625,6092034,RELIANCE.NS
2023-05-24,1111.4063935962217,1119.630957590089,1105.749113749558,1108.8389892578125,8112254,RELIANCE.NS
2023-05-25,1105.9537453747698,1112.8151011277312,1097.8427615845399,1108.7027587890625,11487863,RELIANCE.NS
2023-05-26,1116.904610291511,1140.0787982471202,1113.6102893364032,1138.94287109375,12626260,RELIANCE.NS
2023-05-29,1145.5314605509366,1149.6210865747194,1139.2608448772517,1145.3497314453125,10010304,RELIANCE.NS
2023-05-30,1145.349753161613,1153.1199946776444,1142.509755067562,1145.054443359375,11342504,RELIANCE.NS
2023-05-31,1135.9892890678166,1140.4650896335454,1118.2678159183406,1122.3118896484375,27107927,RELIANCE.NS
2023-06-01,1126.9694153626442,1129.1278089205925,1116.9044841377781,1119.2900390625,14592692,RELIANCE.NS
2023-06-02,1122.8117036497752,1128.1962696801756,1113.7238061790024,1115.6322021484375,15800644,RELIANCE.NS
2023-06-05,1121.0849468212546,1128.605189788234,1117.1089018534485,1125.651611328125,10908682,RELIANCE.NS
2023-06-06,1128.4690410109154,1130.4001532166621,1118.722254852153,1126.60595703125,7493309,RELIANCE.NS
2023-06-07,1130.0820196952836,1135.989176828128,1123.5386905370437,1135.1485595703125,10312545,RELIANCE.NS
2023-06-08,1138.7155083681228,1143.6457515710592,1131.899585359948,1135.830078125,12071109,RELIANCE.NS
2023-06-09,1139.1699412328312,1139.874261684162,1125.9924180855612,1127.787353515625,5877018,RELIANCE.NS
2023-06-12,1124.8564945620458,1131.0816777652867,1120.0852643496842,1128.7869873046875,6391969,RELIANCE.NS
2023-06-13,1133.7173319025067,1146.6448585440896,1129.741286337972,1145.46337890625,11248016,RELIANCE.NS
2023-06-14,1145.5315407318087,1160.9810398065779,1143.7140091659376,1159.5496826171875,13277380,RELIANCE.NS
2023-06-15,1159.5268135380984,1164.4116242878063,1152.1201510303479,1159.86767578125,11813494,RELIANCE.NS
2023-06-16,1163.3438717544047,1173.431520437393,1163.3438717544047,1171.1595458984375,24171579,RELIANCE.NS
2023-06-19,1174.1584519189826,1174.1584519189826,1155.3692013285906,1159.52685546875,6798554,RELIANCE.NS
2023-06-20,1157.5957972211602,1165.070488566,1151.893084884151,1161.9351806640625,6921096,RELIANCE.NS
2023-06-21,1161.889751966922,1167.728761153971,1157.800246036839,1165.2069091796875,6961603,RELIANCE.NS
2023-06-22,1161.4354185434336,1169.296404389101,1150.52986917785,1152.1202392578125,7619166,RELIANCE.NS
2023-06-23,1149.1212794125972,1151.1660925456156,1141.4420223330224,1142.691650390625,6628570,RELIANCE.NS
2023-06-26,1139.1698775330913,1142.9867893628173,1130.8544495978458,1133.967041015625,12641159,RELIANCE.NS
2023-06-27,1134.4216529822017,1140.305974461151,1129.9231362063101,1134.376220703125,9689466,RELIANCE.NS
2023-06-28,1141.896393407388,1153.1881169201986,1135.0122016455275,1149.3939208984375,11354006,RELIANCE.NS
2023-06-30,1157.0731268247234,1161.7306560822208,1151.1886857801614,1158.822509765625,11151555,RELIANCE.NS
2023-07-03,1162.3669506539804,1191.425580555085,1161.1400387375704,1188.5628662109375,12154387,RELIANCE.NS
2023-07-04,1192.7887391966194,1192.7887391966194,1169.2736896643748,1176.31689453125,8061643,RELIANCE.NS
2023-07-05,1185.5184537103503,1185.5184537103503,1170.4325328520283,1174.3857421875,10248062,RELIANCE.NS
2023-07-06,1170.5461356600117,1201.626743759331,1170.5461356600117,1199.0367431640625,19117987,RELIANCE.NS
2023-07-07,1197.3325831480681,1210.9417123971473,1194.15172307179,1196.6964111328125,13375267,RELIANCE.NS
2023-07-10,1221.8245601360636,1252.3145466417043,1215.5085119378625,1242.794921875,33240016,RELIANCE.NS
2023-07-11,1250.9058502676546,1258.6759714064597,1243.9536302912918,1256.2677001953125,20069348,RELIANCE.NS
2023-07-12,1256.9946762890331,1273.2166423107678,1254.8817149747802,1257.653564453125,18733835,RELIANCE.NS
2023-07-13,1264.992154591986,1271.8535100977601,1243.794632147719,1246.4073486328125,14682934,RELIANCE.NS
2023-07-14,1249.5881074417618,1254.5410670168455,1238.2736675009803,1245.3623046875,15124144,RELIANCE.NS
2023-07-17,1248.225023984058,1279.1466167196916,1239.5914489485467,1270.8084716796875,22220040,RELIANCE.NS
2023-07-18,1280.0325658904894,1289.3249082218795,1269.1270172578058,1281.6002197265625,25867313,RELIANCE.NS
2023-07-19,1285.9398963552078,1297.7542122517561,1270.9448400838094,1291.324462890625,39122156,RELIANCE.NS
2023-07-20,1270.142048583782,1295.2248684894755,1270.142048583782,1289.7603759765625,38717624,RELIANCE.NS
2023-07-21,1284.4190157057792,1287.3235564344566,1242.3763715855305,1249.834716796875,30249238,RELIANCE.NS
2023-07-24,1221.4041174807796,1238.117785416934,1215.6441946530279,1224.5548095703125,23727866,RELIANCE.NS
2023-07-25,1227.8041962368873,1233.3179681079685,1220.9119513502328,1223.767333984375,12026020,RELIANCE.NS
2023-07-26,1223.3733833366434,1253.8961800235134,1223.3733833366434,1243.65625,12911012,RELIANCE.NS
2023-07-27,1247.5209111436616,1249.2931304965796,1226.0072859774648,1232.087158203125,17226898,RELIANCE.NS
2023-07-28,1236.6902137331379,1251.853175548335,1231.0287272255082,1244.4686279296875,20827852,RELIANCE.NS
2023-07-31,1244.4686660676819,1257.2930680054526,1239.594792375287,1255.00390625,8551174,RELIANCE.NS
2023-08-01,1257.8346449464532,1259.803857697837,1233.3672005487501,1237.25634765625,9536632,RELIANCE.NS
2023-08-02,1235.2871417271826,1236.665614699006,1212.8381883521488,1224.0380859375,12748214,RELIANCE.NS
2023-08-03,1218.5981228148664,1231.201012494138,1210.1058926997707,1218.8934326171875,10168350,RELIANCE.NS
2023-08-04,1230.1673350047402,1238.6349265214124,1216.7767111886983,1235.4595947265625,22885610,RELIANCE.NS
2023-08-07,1241.0963994857652,1244.7393951840495,1233.2195480808575,1242.49951171875,5982870,RELIANCE.NS
2023-08-08,1244.5423492739476,1247.7176805176769,1230.5363488514104,1235.0162353515625,9844072,RELIANCE.NS
2023-08-09,1233.1458852114292,1245.0349610213223,1221.453682631652,1243.1641845703125,11486586,RELIANCE.NS
2023-08-10,1243.0407844200602,1255.3730020668381,1234.9177826419805,1248.7022705078125,15470598,RELIANCE.NS
2023-08-11,1246.733138146324,1259.7300139419374,1236.837916549459,1253.969970703125,22179330,RELIANCE.NS
2023-08-14,1249.9577340453427,1271.274485095857,1243.065489745762,1268.788330078125,9575812,RELIANCE.NS
2023-08-16,1255.8654425931288,1271.5207081344915,1255.8654425931288,1267.7545166015625,10203112,RELIANCE.NS
2023-08-17,1263.791524524126,1269.2068594315797,1246.930140835009,1249.4654541015625,13673744,RELIANCE.NS
2023-08-18,1246.142454602955,1268.960755625946,1234.9671961841154,1258.7208251953125,18639978,RELIANCE.NS
2023-08-21,1254.8424457661688,1262.5000997685252,1242.8371963360953,1244.986328125,9221746,RELIANCE.NS
2023-08-22,1243.4548358358238,1253.8544488619668,1234.6115281978846,1244.68994140625,7713044,RELIANCE.NS
2023-08-23,1247.061326610869,1256.2752862282496,1243.4795205761563,1246.0732421875,9517952,RELIANCE.NS
2023-08-24,1254.8177179260883,1254.8177179260883,1220.7782590700385,1225.1258544921875,14140020,RELIANCE.NS
2023-08-25,1213.3676467766436,1237.5757146480018,1206.747529523438,1219.4691162109375,22222400,RELIANCE.NS
2023-08-28,1221.272366528133,1227.2008731617648,1201.0660879981488,1207.315673828125,12580826,RELIANCE.NS
2023-08-29,1211.4162410930335,1212.107851949824,1189.7277154191993,1195.755126953125,16876644,RELIANCE.NS
2023-08-30,1201.510516255865,1206.9449799395882,1193.1117996537475,1194.61865234375,12168946,RELIANCE.NS
2023-08-31,1197.0642209023324,1198.0523052778192,1185.6517981191516,1189.1595458984375,21638600,RELIANCE.NS
2023-09-01,1188.9373425267036,1198.3734766692594,1186.5164632510111,1191.950927734375,18112842,RELIANCE.NS
2023-09-04,1191.9507848594153,1197.3852486913688,1188.3196473047951,1190.9874267578125,9347626,RELIANCE.NS
2023-09-05,1195.582117616625,1202.4739821466742,1191.852074903386,1197.3607177734375,8675876,RELIANCE.NS
2023-09-06,1196.125722417537,1203.5609616798479,1194.2236115362405,1199.88037109375,8200370,RELIANCE.NS
2023-09-07,1196.4220829309013,1204.5985062247828,1191.1358550222296,1201.5107421875,13652572,RELIANCE.NS
2023-09-08,1205.4629163426932,1213.3675912039566,1197.039473070506,1209.5140380859375,23109288,RELIANCE.NS
2023-09-11,1211.3916036780722,1223.6686019045655,1211.3916036780722,1222.5570068359375,13271074,RELIANCE.NS
2023-09-12,1226.70693716321,1226.70693716321,1203.4622246012573,1204.89501953125,16255666,RELIANCE.NS
2023-09-13,1205.4630504045967,1216.653058753229,1198.6699696902265,1210.9222412109375,12803338,RELIANCE.NS
2023-09-14,1215.3438722575231,1218.2093412827492,1207.9332388900991,1212.0338134765625,9209636,RELIANCE.NS
2023-09-15,1219.2962186489121,1219.2962186489121,1210.156437431325,1214.28173828125,25468592,RELIANCE.NS
2023-09-18,1205.487828880595,1210.8975674516837,1201.535490839137,1203.709228515625,7516300,RELIANCE.NS
2023-09-20,1197.089090701199,1199.3370070481767,1163.4694916701224,1176.8826904296875,57081884,RELIANCE.NS
2023-09-21,1173.3255153106452,1180.8103271156433,1165.9396084396587,1168.31103515625,12226182,RELIANCE.NS
2023-09-22,1173.8443150051187,1177.0308632017375,1160.9992172819989,1163.4447021484375,19176786,RELIANCE.NS
2023-09-25,1161.1968240581607,1166.2854832156668,1153.638074334712,1156.2811279296875,14254884,RELIANCE.NS
2023-09-26,1155.3423807263628,1161.0979239595738,1153.8849803976213,1157.2938232421875,10087782,RELIANCE.NS
2023-09-27,1157.7879239120957,1171.7693426359385,1155.3177128519035,1170.3365478515625,11722778,RELIANCE.NS
2023-09-28,1177.3026603074284,1177.3026603074284,1148.6482103293206,1153.14404296875,14518346,RELIANCE.NS
2023-09-29,1156.9481416896208,1170.435518964013,1153.1440405649926,1158.529052734375,12342014,RELIANCE.NS
2023-10-03,1151.0936382938999,1153.885049186791,1144.2017734963838,1145.263916015625,8859056,RELIANCE.NS
2023-10-04,1140.7434506187415,1145.683872665596,1133.8763122199225,1143.2877197265625,10286386,RELIANCE.NS
2023-10-05,1145.8073305142325,1150.821810414835,1140.743398149127,1143.2630615234375,10953682,RELIANCE.NS
2023-10-06,1144.7206253894863,1148.5494528467332,1142.2504141267464,1145.18994140625,5431026,RELIANCE.NS
2023-10-09,1140.2988590719287,1142.200849187487,1133.826857954507,1135.4324951171875,7576878,RELIANCE.NS
2023-10-10,1139.5331157395624,1145.1404226117538,1138.1497733893898,1140.447021484375,10236032,RELIANCE.NS
2023-10-11,1143.4359710357805,1160.8509589721596,1142.7196339530417,1158.5537109375,9814118,RELIANCE.NS
2023-10-12,1157.9607991424273,1165.618452848462,1155.1446622546925,1160.70263671875,12554450,RELIANCE.NS
2023-10-13,1156.058825491677,1164.7045645712087,1150.6984190160554,1160.6534423828125,10150316,RELIANCE.NS
2023-10-16,1158.5290083696577,1163.2471357038708,1154.0826283801794,1158.0596923828125,5929036,RELIANCE.NS
2023-10-17,1163.963549268257,1165.7914814830851,1156.7011522648252,1163.593017578125,7928180,RELIANCE.NS
2023-10-18,1163.5928712145596,1169.397866963109,1146.6719261602773,1148.154052734375,8918320,RELIANCE.NS
2023-10-19,1142.2256445327594,1147.0672825471008,1136.7911799610206,1139.33544921875,12032556,RELIANCE.NS
2023-10-20,1136.2971288231192,1143.559525479833,1134.4691966955595,1135.8525390625,8913312,RELIANCE.NS
2023-10-23,1131.356688684127,1139.3848747937852,1114.1887214650121,1118.1163330078125,7853962,RELIANCE.NS
2023-10-25,1111.6198194416302,1127.009187707913,1108.1367973597628,1115.522705078125,11620688,RELIANCE.NS
2023-10-26,1112.089142962785,1115.5474388316163,1096.922069489782,1099.985107421875,15222534,RELIANCE.NS
2023-10-27,1106.654565590137,1123.204979852311,1104.6536704890175,1119.40087890625,11771084,RELIANCE.NS
2023-10-30,1123.4519103673986,1148.6480613914696,1121.4510154276281,1142.4725341796875,16813304,RELIANCE.NS
2023-10-31,1150.130232099537,1150.130232099537,1127.84888081728,1130.319091796875,12808438,RELIANCE.NS
2023-11-01,1130.9367248364767,1144.9428703315039,1124.0448598372486,1135.0125732421875,10309190,RELIANCE.NS
2023-11-02,1143.1889695269997,1148.302354744411,1140.2247162104195,1146.2767333984375,10562104,RELIANCE.NS
2023-11-03,1149.7349795725816,1153.5638066087804,1144.078220526126,1146.0296630859375,8850156,RELIANCE.NS
2023-11-06,1152.2546386732256,1156.0587394619763,1148.9445800808262,1155.564697265625,10647304,RELIANCE.NS
2023-11-07,1153.1192304428853,1155.614167696399,1145.9556184844287,1148.0552978515625,6960204,RELIANCE.NS
2023-11-08,1152.1064866637696,1156.552866758098,1147.042553778562,1154.033203125,7884494,RELIANCE.NS
2023-11-09,1154.0085696526105,1154.0331752710283,1138.3720609954937,1141.50927734375,14513610,RELIANCE.NS
2023-11-10,1139.0389810755562,1144.3746607841822,1135.333664696756,1143.658203125,7734954,RELIANCE.NS
2023-11-13,1147.610585630105,1148.4505538682092,1142.0773370771153,1143.5101318359375,3854810,RELIANCE.NS
2023-11-15,1156.0588204395372,1166.9030232858888,1149.6362714370953,1164.185791015625,12220648,RELIANCE.NS
2023-11-16,1161.542667627995,1172.9302438744137,1159.4923201233041,1166.285400390625,13134910,RELIANCE.NS
2023-11-17,1162.4319266451018,1172.4857343750468,1162.012063114762,1163.7412109375,7758634,RELIANCE.NS
2023-11-20,1160.2828426994563,1165.1490860409533,1154.2801575494677,1160.6781005859375,4490186,RELIANCE.NS
2023-11-21,1168.9038812090425,1179.7728099438689,1166.0384122376151,1175.2769775390625,8214450,RELIANCE.NS
2023-11-22,1173.3502489811203,1182.9593458443583,1171.9669066696931,1179.87158203125,8534814,RELIANCE.NS
2023-11-23,1179.8716170501546,1185.7013394254852,1179.8716170501546,1183.4781494140625,8531542,RELIANCE.NS
2023-11-24,1181.5514214570694,1186.9858858764198,1181.2796741129466,1182.6876220703125,6749486,RELIANCE.NS
2023-11-28,1182.6876712625676,1185.5531403805655,1173.4738317237427,1182.9346923828125,13792174,RELIANCE.NS
2023-11-29,1189.6536514263266,1191.605094048659,1184.7379555197092,1186.047119140625,12531306,RELIANCE.NS
2023-11-30,1183.0828973645985,1186.0471507278282,1170.8306260067593,1174.5606689453125,28439984,RELIANCE.NS
2023-12-01,1174.8323419889748,1183.9226701483003,1174.6347733568996,1182.88525390625,14342842,RELIANCE.NS
2023-12-04,1210.403389884879,1210.403389884879,1185.009669053603,1195.680908203125,15590990,RELIANCE.NS
2023-12-05,1204.9689932142376,1205.8830195816831,1196.3973123183705,1204.3514404296875,12693624,RELIANCE.NS
2023-12-06,1208.9707381739393,1221.7416569101222,1202.9927791973269,1215.8873291015625,16422442,RELIANCE.NS
2023-12-07,1215.3438750518303,1215.813191043024,1206.4511149904754,1213.886474609375,8142096,RELIANCE.NS
2023-12-08,1217.2460531905654,1223.594423771572,1207.9333084760417,1213.2442626953125,10204894,RELIANCE.NS
2023-12-11,1213.367615499601,1219.098553135076,1211.5890153738967,1215.022705078125,7066138,RELIANCE.NS
2023-12-12,1215.3439244936176,1217.7894094868202,1195.6562927549994,1197.5831298828125,9197124,RELIANCE.NS
2023-12-13,1196.570218805253,1204.6478570918039,1188.8137803209581,1202.4739990234375,10031182,RELIANCE.NS
2023-12-14,1212.3795628682321,1222.7297228698085,1206.7721356331074,1217.39404296875,16972354,RELIANCE.NS
2023-12-15,1224.236571728094,1235.1055001292314,1220.3089603608373,1232.9317626953125,15932152,RELIANCE.NS
2023-12-18,1232.9317234441762,1252.3474847954778,1230.634354917611,1245.4803466796875,14165188,RELIANCE.NS
2023-12-19,1262.2778691174958,1271.615218807123,1247.5553868731267,1263.8094482421875,16820604,RELIANCE.NS
2023-12-20,1270.207325538083,1283.9417239360823,1244.9864450577063,1248.518798828125,17736722,RELIANCE.NS
2023-12-21,1248.44470925444,1271.4176728398502,1244.1218397625619,1266.0079345703125,13765454,RELIANCE.NS
2023-12-22,1264.5504141598008,1275.07341611771,1258.6465136069178,1267.242919921875,16541784,RELIANCE.NS
2023-12-26,1268.7003790735205,1280.5326657287192,1266.0819312708138,1273.66552734375,7465664,RELIANCE.NS
2023-12-27,1275.6170305456778,1284.4603381656593,1271.2201029702012,1278.01318359375,9204156,RELIANCE.NS
2023-12-28,1279.4705441490948,1290.4382571270967,1278.0131437475463,1287.251708984375,12302636,RELIANCE.NS
2023-12-29,1289.9937398232034,1291.4264140714613,1274.2831724837226,1277.074462890625,10864584,RELIANCE.NS
2024-01-01,1274.9006856426909,1287.8940202608817,1271.2447008145452,1279.69287109375,4030540,RELIANCE.NS
2024-01-02,1277.099135940161,1291.920402508132,1271.1706293129728,1290.2900390625,7448800,RELIANCE.NS
2024-01-03,1289.4503036849235,1301.3073179716814,1273.2456933698636,1276.2593994140625,9037536,RELIANCE.NS
2024-01-04,1278.5811975278393,1289.376067708453,1274.1842702494187,1282.8546142578125,9612778,RELIANCE.NS
2024-01-05,1285.9424160498672,1294.3165279752034,1283.521657474919,1288.3138427734375,8086406,RELIANCE.NS
2024-01-08,1289.4502625359673,1300.2944657165137,1269.1698042070248,1278.26025390625,7734652,RELIANCE.NS
2024-01-09,1284.5096770702141,1287.8691880410897,1273.2454911635218,1274.8758544921875,5403074,RELIANCE.NS
2024-01-10,1273.146698836737,1313.6581576278165,1272.1833407081513,1309.26123046875,11102740,RELIANCE.NS
2024-01-11,1313.6583733689063,1346.2651626289091,1312.6702888458758,1343.6961669921875,23725852,RELIANCE.NS
2024-01-12,1343.6960023683716,1356.9609630954171,1329.714583957277,1354.3919677734375,15012164,RELIANCE.NS
2024-01-15,1358.616069177015,1379.8104316098675,1349.723309451493,1377.51318359375,8610594,RELIANCE.NS
2024-01-16,1373.4126778584214,1379.6623844587446,1354.1697570573224,1358.24560546875,9069024,RELIANCE.NS
2024-01-17,1343.30084717423,1369.7568331827044,1338.8791932605309,1345.35107421875,12197382,RELIANCE.NS
2024-01-18,1335.2972997496222,1354.663730119792,1335.1490629645289,1351.6500244140625,10279438,RELIANCE.NS
2024-01-19,1359.6041759840746,1359.6041759840746,1342.8067406703178,1351.156005859375,10422704,RELIANCE.NS
2024-01-23,1355.4048574857818,1355.4048574857818,1306.791150318716,1312.7442626953125,20055420,RELIANCE.NS
2024-01-24,1319.3151054787043,1333.4200358723897,1308.1498229720294,1327.862060546875,21919128,RELIANCE.NS
2024-01-25,1326.9479158139593,1347.895377764627,1319.2902616038493,1336.9522705078125,11808872,RELIANCE.NS
2024-01-29,1348.241269998228,1435.192704047216,1343.9678528779282,1430.7957763671875,23893438,RELIANCE.NS
2024-01-30,1442.5537625848374,1442.5784888178382,1387.690473107798,1390.852294921875,14093978,RELIANCE.NS
2024-01-31,1387.2704457772934,1417.159997760743,1385.7883192326594,1409.6258544921875,15130226,RELIANCE.NS
2024-02-01,1417.9011153905622,1426.1515960154993,1401.1531330404457,1409.650634765625,13349362,RELIANCE.NS
2024-02-02,1416.0980132616144,1457.3258137867138,1416.0980132616144,1440.3306884765625,19652588,RELIANCE.NS
2024-02-05,1443.3442832345067,1452.9781061073709,1414.4675408489986,1421.878173828125,8814432,RELIANCE.NS
2024-02-06,1424.6695010773788,1424.6695010773788,1402.9069175392074,1410.7869873046875,9047984,RELIANCE.NS
2024-02-07,1418.8151411125152,1432.2283386037336,1412.2196294925052,1424.9659423828125,9296568,RELIANCE.NS
2024-02-08,1432.7224367107362,1442.0845126481563,1410.515263064875,1432.845947265625,14694634,RELIANCE.NS
2024-02-09,1436.6747903139974,1454.4355841797649,1433.661084495157,1443.3443603515625,12556798,RELIANCE.NS
2024-02-12,1443.3443671360003,1443.5913882496639,1425.163589047209,1435.04443359375,6674430,RELIANCE.NS
2024-02-13,1438.1567484987418,1461.3767303535824,1436.674621997369,1447.642333984375,7715594,RELIANCE.NS
2024-02-14,1440.1329959711338,1465.9714268487612,1440.1329959711338,1463.7235107421875,7117888,RELIANCE.NS
2024-02-15,1465.674980481667,1467.0335965408115,1449.0505085860837,1453.076904296875,10006782,RELIANCE.NS
2024-02-16,1458.8819534815811,1459.4007219371786,1441.170612214809,1443.17138671875,9767498,RELIANCE.NS
2024-02-19,1444.6288410678121,1461.8708655513933,1436.2053974591388,1456.4364013671875,6729828,RELIANCE.NS
2024-02-20,1457.4492860314679,1457.9186020207894,1444.3818933388152,1453.4969482421875,7117496,RELIANCE.NS
2024-02-21,1456.4365283424868,1470.7884795851646,1440.1825868389801,1450.2115478515625,12720292,RELIANCE.NS
2024-02-22,1450.6561919754163,1467.2559381666686,1440.6271108051608,1464.0941162109375,18493728,RELIANCE.NS
2024-02-23,1471.7517883622584,1479.7059164315408,1465.6750448712426,1475.82763671875,14438584,RELIANCE.NS
2024-02-26,1475.753583346703,1476.7169415654328,1464.8352018923576,1469.6026611328125,7513106,RELIANCE.NS
2024-02-27,1465.3540321072526,1482.0772898132236,1460.4383358684995,1467.94775390625,10826044,RELIANCE.NS
2024-02-28,1465.3292067243183,1473.5056294891751,1432.8953836215212,1438.2803955078125,8647950,RELIANCE.NS
2024-02-29,1447.5438276529026,1461.3522847525776,1437.1936663872107,1443.3939208984375,23628976,RELIANCE.NS
2024-03-01,1446.061542580972,1482.1266237591103,1445.0734581651325,1474.345458984375,12132926,RELIANCE.NS
2024-03-04,1472.7150995331629,1494.4282305064353,1469.503825173054,1489.4384765625,10024420,RELIANCE.NS
2024-03-05,1487.8328618357061,1489.4384990399915,1468.3429205099196,1482.32421875,7107668,RELIANCE.NS
2024-03-06,1475.6545662551582,1491.0193265812127,1460.8827530485903,1485.0908203125,7805676,RELIANCE.NS
2024-03-07,1485.0662153094684,1485.1897258668157,1457.968071396935,1461.3028564453125,8315726,RELIANCE.NS
2024-03-11,1471.2577496463198,1471.2577496463198,1446.0615961097308,1449.1246337890625,11277130,RELIANCE.NS
2024-03-12,1449.1246865128974,1470.269718687064,1447.5685016900354,1457.8446044921875,9432678,RELIANCE.NS
2024-03-13,1462.142657909758,1465.4279903850718,1410.7622676768488,1415.10986328125,13522134,RELIANCE.NS
2024-03-14,1422.5450608782721,1431.2649780682007,1408.514310659922,1414.4180908203125,18571102,RELIANCE.NS
2024-03-15,1408.9589780840722,1416.1473166057365,1396.0645483366263,1401.3260498046875,19223818,RELIANCE.NS
2024-03-18,1403.0799549430176,1424.5460660460144,1399.6463855144648,1422.3228759765625,9169392,RELIANCE.NS
2024-03-19,1411.7256294896865,1420.4701525728194,1400.3626585436627,1408.267333984375,8275764,RELIANCE.NS
2024-03-20,1410.935092987457,1427.7819805194806,1407.056934025752,1426.546875,8488806,RELIANCE.NS
2024-03-21,1435.2173701383908,1440.5283239841642,1427.460931435626,1433.685791015625,13006936,RELIANCE.NS
2024-03-22,1432.6977472783171,1442.6033181580033,1430.1040255590262,1437.6876220703125,19527608,RELIANCE.NS
2024-03-26,1427.7820647176966,1435.0939139473653,1421.853557874578,1424.3978271484375,11415906,RELIANCE.NS
2024-03-27,1430.74620650665,1482.1265951381042,1429.7581221098912,1475.061767578125,16326644,RELIANCE.NS
2024-03-28,1475.0864584455267,1488.0056133770977,1461.0309823617722,1468.1451416015625,21854364,RELIANCE.NS
2024-04-01,1474.6912092837645,1476.1733358521226,1464.8350917273362,1467.0830078125,5013880,RELIANCE.NS
2024-04-02,1466.3172549197961,1476.198098955644,1457.4244952875333,1469.2320556640625,8910166,RELIANCE.NS
2024-04-03,1464.4152240453116,1466.7619246317818,1451.397283687729,1454.0650634765625,7008292,RELIANCE.NS
2024-04-04,1462.117879861305,1462.117879861305,1432.7223691832353,1445.493408203125,14490272,RELIANCE.NS
2024-04-05,1443.467815909923,1453.274601948929,1438.6509043996564,1442.7020263671875,7442298,RELIANCE.NS
2024-04-08,1445.5427357963142,1473.2090987059642,1443.5912932499484,1468.2686767578125,8357118,RELIANCE.NS
2024-04-09,1471.2577557160955,1472.0482715276003,1445.0735176190665,1446.2098388671875,7071414,RELIANCE.NS
2024-04-10,1448.8776750369068,1469.281643980642,1448.8776750369068,1461.945068359375,9138330,RELIANCE.NS
2024-04-12,1458.2891033204971,1468.7627741208264,1445.6415744118667,1449.6680908203125,15551012,RELIANCE.NS
2024-04-15,1443.591352839028,1464.4646364315843,1429.0911655763507,1447.3707275390625,12902062,RELIANCE.NS
2024-04-16,1436.0325186728678,1453.6451964542034,1433.6364862387566,1448.2847900390625,9366184,RELIANCE.NS
2024-04-18,1446.0615875622616,1468.2934876101954,1441.9610129858208,1446.876708984375,19005692,RELIANCE.NS
2024-04-19,1439.4167626045175,1456.4364932961696,1425.8306012864564,1452.607666015625,15741778,RELIANCE.NS
2024-04-22,1454.9048261235944,1465.1562017707047,1450.3103301575065,1462.2166748046875,10350362,RELIANCE.NS
2024-04-23,1461.3768889290402,1475.7041133303053,1438.20635702296,1441.936279296875,14605554,RELIANCE.NS
2024-04-24,1446.0615625184662,1451.051437133562,1432.2283805059903,1432.8953857421875,10462776,RELIANCE.NS
2024-04-25,1425.3117405225619,1450.483166375014,1424.3236561270523,1442.5784912109375,15943926,RELIANCE.NS
2024-04-26,1446.5061312694434,1447.5436681516292,1432.7224019248206,1435.2420654296875,9413848,RELIANCE.NS
2024-04-29,1432.7224880920985,1450.4092243096331,1432.7224880920985,1447.5684814453125,7247974,RELIANCE.NS
2024-04-30,1450.5079819172845,1465.403306850403,1445.4440490785064,1449.5198974609375,11474262,RELIANCE.NS
2024-05-02,1454.460329459568,1459.7218309784546,1446.6791643138517,1449.0753173828125,14512646,RELIANCE.NS
2024-05-03,1453.4722101911175,1457.3750954799905,1399.275802819383,1416.9130859375,17226958,RELIANCE.NS
2024-05-06,1418.3952205864964,1422.841600588335,1401.1037428015688,1402.610595703125,7394208,RELIANCE.NS
2024-05-07,1399.1028593353728,1403.8209867220144,1375.4135586957902,1384.775634765625,14517472,RELIANCE.NS
2024-05-08,1380.847871034619,1415.8754127905866,1380.847871034619,1401.6470947265625,9439002,RELIANCE.NS
2024-05-09,1396.1632769069981,1406.7851843569276,1373.437335386219,1377.51318359375,11009612,RELIANCE.NS
2024-05-10,1380.106935558881,1393.1990543318577,1371.535254832905,1390.65478515625,10505096,RELIANCE.NS
2024-05-13,1383.2195197456997,1390.2101693574684,1367.5089520262873,1385.986083984375,8456620,RELIANCE.NS
2024-05-14,1384.2815424166113,1410.070521585227,1383.342910466477,1403.1539306640625,7188300,RELIANCE.NS
2024-05-15,1403.5740469957013,1412.9361236084007,1396.188139403763,1399.3994140625,5046534,RELIANCE.NS
2024-05-16,1401.6471872524828,1410.4904944706304,1381.3667306256436,1408.3660888671875,14711774,RELIANCE.NS
2024-05-17,1406.0936018418706,1420.0749000882806,1396.4103261437938,1418.5927734375,10916476,RELIANCE.NS
2024-05-21,1408.613082979292,1424.6447280920645,1408.613082979292,1419.0126953125,11176128,RELIANCE.NS
2024-05-22,1419.1609264752628,1451.2736690394956,1419.1609264752628,1443.2454833984375,10281604,RELIANCE.NS
2024-05-23,1441.1706938631594,1474.444366988288,1437.6629456463684,1468.343017578125,14608260,RELIANCE.NS
2024-05-24,1465.9467233388211,1470.7636348065282,1458.5113640783345,1462.6119384765625,7094776,RELIANCE.NS
2024-05-27,1462.587264504762,1467.2066075031105,1444.134859977049,1448.77880859375,6629010,RELIANCE.NS
2024-05-28,1450.5080784194065,1460.8829659012893,1435.4397894576246,1438.8486328125,7820162,RELIANCE.NS
2024-05-29,1429.264181324664,1440.6271526936466,1421.310053120064,1423.607421875,7383556,RELIANCE.NS
2024-05-30,1418.3951935729253,1423.2368313836507,1403.178669288835,1407.8720703125,13206858,RELIANCE.NS
2024-05-31,1414.245257118902,1425.0647331073133,1405.3030450073677,1413.35595703125,31069832,RELIANCE.NS
2024-06-03,1465.3292536675044,1496.4539141466187,1441.6152266357983,1492.32861328125,21527942,RELIANCE.NS
2024-06-04,1480.1999676014107,1480.1999676014107,1343.1032493273078,1380.625732421875,36709098,RELIANCE.NS
2024-06-05,1405.0561505394378,1414.097147783154,1367.6077240917773,1403.821044921875,17464890,RELIANCE.NS
2024-06-06,1417.9011371144834,1426.4974232883105,1404.4137607114592,1414.5416259765625,17855722,RELIANCE.NS
2024-06-07,1411.478521453965,1454.4601915157414,1409.5023527154926,1452.4345703125,18558696,RELIANCE.NS
2024-06-10,1452.4346368701142,1475.5558362929214,1450.5819785928986,1453.867431640625,9251760,RELIANCE.NS
2024-06-11,1451.4960860069511,1456.1154291491666,1437.3418242246385,1439.3179931640625,11774902,RELIANCE.NS
2024-06-12,1440.1330064471847,1458.41256776401,1437.835758473946,1445.8885498046875,10081742,RELIANCE.NS
2024-06-13,1454.4603416652449,1454.7073627830548,1442.7021123343332,1447.790771484375,9181160,RELIANCE.NS
2024-06-14,1452.4841280922399,1462.0438933040555,1439.8613252368543,1459.9442138671875,8157998,RELIANCE.NS
2024-06-18,1469.6273935638167,1469.6768460329972,1453.8180422457062,1463.3778076171875,7196766,RELIANCE.NS
2024-06-19,1469.7757459645413,1469.7757459645413,1438.6510831088215,1441.26953125,8725874,RELIANCE.NS
2024-06-20,1441.6151005379975,1465.1808887163045,1432.8211254931246,1456.139892578125,16113776,RELIANCE.NS
2024-06-21,1456.0660262473004,1457.1281688420868,1423.4097851653107,1436.8724365234375,31170360,RELIANCE.NS
2024-06-24,1428.3006178871863,1432.228228955547,1420.3712170566394,1424.298828125,8878386,RELIANCE.NS
2024-06-25,1425.8058325289194,1438.576872033328,1423.8296636688654,1436.822998046875,7045386,RELIANCE.NS
2024-06-26,1428.8194845866847,1500.875466568816,1427.905458276952,1495.9844970703125,22014882,RELIANCE.NS
2024-06-27,1495.7128766848623,1519.1798830077462,1488.0552219900264,1512.312744140625,28383030,RELIANCE.NS
2024-06-28,1512.782033239127,1562.1615299634889,1512.782033239127,1546.7474365234375,28957336,RELIANCE.NS
2024-07-01,1543.9066370278445,1560.5805616644209,1537.138282854078,1541.5599365234375,7724306,RELIANCE.NS
2024-07-02,1550.798441129772,1554.750778666898,1538.4473863262538,1546.5250244140625,7749246,RELIANCE.NS
2024-07-03,1547.661278880494,1556.2329594590622,1524.391963189475,1533.927001953125,9049620,RELIANCE.NS
2024-07-04,1538.447461634288,1548.822348177101,1532.321386398175,1535.5079345703125,6837176,RELIANCE.NS
2024-07-05,1535.3102911811948,1579.4530127748421,1529.5547474353805,1569.6956787109375,12269710,RELIANCE.NS
2024-07-08,1570.0662334946016,1589.6303543798022,1563.6684106310508,1581.824462890625,9500806,RELIANCE.NS
2024-07-09,1578.5637202787966,1581.4291893561121,1561.6675000170792,1571.3260498046875,6960002,RELIANCE.NS
2024-07-10,1575.9946562525065,1578.4648673124634,1544.5241914718106,1565.3480224609375,7134578,RELIANCE.NS
2024-07-11,1568.5840280306456,1585.1344421846698,1551.786592769845,1561.815673828125,11940946,RELIANCE.NS
2024-07-12,1565.619788574804,1586.023756297877,1555.7389442164904,1577.6990966796875,12924784,RELIANCE.NS
2024-07-15,1585.332123675554,1586.7154660951303,1566.607970695329,1578.1932373046875,5329688,RELIANCE.NS
2024-07-16,1574.5124732819936,1580.9350218080888,1550.427916309136,1557.468017578125,9386838,RELIANCE.NS
2024-07-18,1557.2211925457696,1574.9079294522828,1539.2627082750141,1567.76904296875,12298374,RELIANCE.NS
2024-07-19,1567.1020115011324,1571.029623251694,1534.2976544625544,1536.61962890625,13140390,RELIANCE.NS
2024-07-22,1518.9327171487766,1519.179738244426,1481.4102368427714,1482.7935791015625,19674376,RELIANCE.NS
2024-07-23,1483.1146576505776,1487.8080584659276,1445.5674511277782,1470.1707763671875,18052044,RELIANCE.NS
2024-07-24,1467.3053526491226,1491.5134207568017,1458.8078508242754,1477.8778076171875,11913362,RELIANCE.NS
2024-07-25,1463.3530011800513,1482.595920809754,1459.474721651074,1474.6171875,12519876,RELIANCE.NS
2024-07-26,1474.6172851615388,1494.4037007697482,1472.59166375446,1491.044189453125,9859940,RELIANCE.NS
2024-07-29,1493.9341486268256,1509.2989091727318,1493.7613062276428,1501.987060546875,7538550,RELIANCE.NS
2024-07-30,1498.9488223237445,1506.8287716127938,1492.0075050067665,1495.1199951171875,8228208,RELIANCE.NS
2024-07-31,1486.0789919790418,1492.4520883459395,1483.2629754591517,1487.487060546875,10057346,RELIANCE.NS
2024-08-01,1493.9836579008804,1499.9121644798522,1486.37545603751,1497.244384765625,10764222,RELIANCE.NS
2024-08-02,1487.0670219426547,1491.3404387261814,1475.481756476256,1481.4595947265625,10268248,RELIANCE.NS
2024-08-05,1462.3650548737628,1466.2186085334113,1416.1721046606897,1430.079345703125,17046704,RELIANCE.NS
2024-08-06,1437.8110173129378,1459.8946792000177,1434.0315221699125,1438.7003173828125,10236186,RELIANCE.NS
2024-08-07,1451.4960282823629,1454.954323788822,1444.0853950542364,1447.3707275390625,8174568,RELIANCE.NS
2024-08-08,1440.1577210643813,1447.5436277380477,1428.6959662921352,1431.8577880859375,12387192,RELIANCE.NS
2024-08-09,1442.6033755756382,1458.9067698886504,1438.6510375603623,1456.7330322265625,6249776,RELIANCE.NS
2024-08-12,1452.483993902439,1455.4482469512195,1440.3799606199186,1443.220703125,8184584,RELIANCE.NS
2024-08-13,1443.3444377180147,1452.5582774619256,1440.6272053348387,1446.1851806640625,6265064,RELIANCE.NS
2024-08-14,1446.1109681889411,1454.460233101401,1436.3782403810737,1444.43115234375,6267466,RELIANCE.NS
2024-08-16,1451.1502913945535,1462.7602840003062,1440.676620060605,1460.58642578125,9416902,RELIANCE.NS
2024-08-19,1469.8067419652286,1485.47150978375,1467.8238660907393,1475.65625,13797742,RELIANCE.NS
2024-08-20,1484.4057091952604,1491.0484162933285,1477.2674041310693,1483.1416015625,8411808,RELIANCE.NS
2024-08-21,1480.464784262564,1494.964564922092,1477.2426107826689,1485.8433837890625,7769996,RELIANCE.NS
2024-08-22,1490.1312336221058,1493.6012664349316,1477.8869991875908,1485.2979736328125,10445782,RELIANCE.NS
2024-08-23,1490.8749048344312,1498.3849993365056,1485.5955458508122,1487.1322021484375,9249654,RELIANCE.NS
2024-08-26,1494.0723308917522,1509.9601498448217,1490.1313888488291,1499.649169921875,8816114,RELIANCE.NS
2024-08-27,1497.5671500638725,1500.516654009415,1486.6117113802566,1487.6031494140625,6251156,RELIANCE.NS
2024-08-28,1492.1142662167426,1494.5680511870519,1480.2170096090344,1485.4716796875,9610286,RELIANCE.NS
2024-08-29,1490.2303777286736,1523.8401488737275,1481.2083164719252,1507.90283203125,38335358,RELIANCE.NS
2024-08-30,1520.865886117465,1526.5418444404818,1490.4534771750382,1496.6995849609375,41620730,RELIANCE.NS
2024-09-02,1497.9389648135596,1513.7276641806195,1493.7253530981907,1503.2679443359375,11240852,RELIANCE.NS
2024-09-03,1508.2250430567562,1509.9600595401412,1494.5927706873033,1496.203857421875,10923800,RELIANCE.NS
2024-09-04,1487.850885016148,1504.50709100704,1486.6612078847159,1501.5823974609375,11983304,RELIANCE.NS
2024-09-05,1506.0439573959175,1512.7113538076746,1474.3179410781217,1480.192138671875,16264168,RELIANCE.NS
2024-09-06,1479.721175380084,1484.182646260627,1449.110527949692,1452.2830810546875,19394228,RELIANCE.NS
2024-09-09,1453.943839140462,1457.3395627288749,1443.1371406451965,1449.928466796875,9010298,RELIANCE.NS
2024-09-10,1447.995226435091,1459.446383962114,1445.0952218200862,1449.011474609375,10768260,RELIANCE.NS
2024-09-11,1450.5234230036904,1456.1745712275017,1435.1561339115874,1439.072265625,9760202,RELIANCE.NS
2024-09-12,1444.5250498204912,1473.2767495080643,1433.4953029575859,1467.1298828125,22349376,RELIANCE.NS
2024-09-13,1463.7590600068495,1470.451266381587,1456.918113729867,1460.016357421875,8711328,RELIANCE.NS
2024-09-16,1464.8993077290233,1468.2206009201684,1452.2088525514882,1458.7523193359375,5481774,RELIANCE.NS
2024-09-17,1461.3796100548857,1464.8248328952707,1454.0677548146177,1459.6942138671875,5935328,RELIANCE.NS
2024-09-18,1457.413766699014,1469.3110219373734,1448.0447266088618,1450.9197998046875,8574714,RELIANCE.NS
2024-09-19,1453.6959512825117,1463.8581906691413,1443.0876132109174,1457.0916748046875,16955902,RELIANCE.NS
2024-09-20,1461.3795684407844,1482.1997658201985,1458.7770437683578,1473.2025146484375,30897320,RELIANCE.NS
2024-09-23,1478.2340798324108,1488.6441789861601,1476.2015834923338,1480.5887451171875,8832314,RELIANCE.NS
2024-09-24,1475.7554165819738,1487.6526722077606,1475.1357678514642,1476.6229248046875,17137444,RELIANCE.NS
2024-09-25,1471.1948125268714,1483.6869066134093,1467.5264194610884,1481.15869140625,7069002,RELIANCE.NS
2024-09-26,1477.8870868947113,1491.122760061236,1475.309372285805,1485.12451171875,18818998,RELIANCE.NS
2024-09-27,1486.1655345930462,1520.345334807694,1479.2254687210307,1513.10791015625,20597478,RELIANCE.NS
2024-09-30,1506.3908994638518,1511.9181178232873,1461.7761901136828,1463.9324951171875,27008814,RELIANCE.NS
2024-10-01,1467.9726595996829,1475.2100841908111,1450.3002051077794,1452.2830810546875,16431642,RELIANCE.NS
2024-10-03,1424.2750076222521,1436.9902726871705,1390.070396353704,1394.928466796875,37757294,RELIANCE.NS
2024-10-04,1391.9046094477658,1405.2145916660443,1369.9442340651563,1374.653564453125,37072876,RELIANCE.NS
2024-10-07,1381.568793209071,1384.5431070803497,1349.7188488374588,1358.98876953125,22181340,RELIANCE.NS
2024-10-08,1361.2194430814652,1389.004514771482,1353.4118695241307,1385.3857421875,17020808,RELIANCE.NS
2024-10-09,1385.5594536683957,1388.979866453412,1360.7486928237201,1362.8306884765625,14310610,RELIANCE.NS
2024-10-10,1368.209166456891,1374.132983939481,1357.699948504806,1359.31103515625,22358646,RELIANCE.NS
2024-10-11,1358.2700551936466,1371.4314188021033,1357.1050671377104,1360.35205078125,7980122,RELIANCE.NS
2024-10-14,1367.6390728953818,1368.2587216327886,1356.5350159311083,1360.7734375,12221432,RELIANCE.NS
2024-10-15,1346.8933067731043,1359.9554295521655,1329.2208521541709,1332.5174560546875,33762794,RELIANCE.NS
2024-10-16,1328.5270030007441,1352.3215164873245,1326.1723376036346,1342.4814453125,20034438,RELIANCE.NS
2024-10-17,1354.0067695283685,1356.7332239102464,1340.4737382347967,1344.811279296875,15543660,RELIANCE.NS
2024-10-18,1340.5976258716714,1356.70849216764,1329.840427555484,1347.66162109375,12082452,RELIANCE.NS
2024-10-21,1355.4197431686716,1362.2358797577067,1346.1002013000875,1357.4769287109375,14067408,RELIANCE.NS
2024-10-22,1357.4767913068545,1364.2186177698431,1328.749900940748,1331.84814453125,15831960,RELIANCE.NS
2024-10-23,1326.048205061888,1345.8521531156357,1323.5696102860716,1327.064453125,17214742,RELIANCE.NS
2024-10-24,1323.8424540123256,1332.1952468902052,1311.7964576126847,1328.3287353515625,22155934,RELIANCE.NS
2024-10-25,1331.996862815434,1332.8395608533488,1310.6809472586556,1316.4808349609375,18597496,RELIANCE.NS
2024-10-28,1325.552505604476,1341.4155124030337,1310.7800563182918,1322.9251708984375,10824350,RELIANCE.NS
2024-10-29,1316.728719636798,1331.6994085045892,1308.995576227512,1328.52685546875,12008361,RELIANCE.NS
2024-10-30,1323.569732267355,1338.4413022928309,1314.0023313459362,1332.3935546875,11984423,RELIANCE.NS
2024-10-31,1328.5269031210519,1331.5012170832633,1314.7955112005386,1320.64501953125,9331650,RELIANCE.NS
2024-11-01,1321.6364480777281,1330.4601492824747,1321.5868277686543,1327.1884765625,2127335,RELIANCE.NS
2024-11-04,1326.3952636738204,1328.52687951389,1274.0969107675833,1291.0009765625,19796890,RELIANCE.NS
2024-11-05,1281.9292880644173,1298.337634786513,1275.1379622128013,1294.1240234375,16267479,RELIANCE.NS
2024-11-06,1298.7837703539942,1316.9271340293028,1289.0676296160968,1314.0023193359375,21625209,RELIANCE.NS
2024-11-07,1312.6639327180499,1312.6639327180499,1291.4471349781516,1294.4710693359375,9611974,RELIANCE.NS
2024-11-08,1286.5394340693545,1290.505185727704,1264.0833410989228,1272.7584228515625,19814406,RELIANCE.NS
2024-11-11,1267.9994654475693,1274.9891511168566,1256.151830843746,1261.802978515625,9056552,RELIANCE.NS
2024-11-12,1264.6287615317467,1278.2610337323058,1256.6476373969983,1263.33984375,10671091,RELIANCE.NS
2024-11-13,1259.374078659472,1264.5295076822267,1238.8017408266169,1241.3299560546875,14633633,RELIANCE.NS
2024-11-14,1242.866693712679,1261.7040163358736,1240.38809863068,1256.746826171875,12612633,RELIANCE.NS
2024-11-18,1256.7467703539512,1262.0014401044657,1233.24973843027,1249.9554443359375,13620611,RELIANCE.NS
2024-11-19,1249.9553610165642,1270.5276979121372,1224.5745744010292,1231.0189208984375,14183746,RELIANCE.NS
2024-11-21,1231.0190296194417,1233.299264427905,1206.8279179645579,1212.5286865234375,19433843,RELIANCE.NS
2024-11-22,1218.8737871048172,1257.9859641270039,1211.983221035894,1254.5655517578125,20471957,RELIANCE.NS
2024-11-25,1278.9549045518283,1293.2811339485756,1271.4694999174592,1275.9805908203125,28923341,RELIANCE.NS
2024-11-26,1283.8626226527838,1286.737817131633,1273.2046638791435,1284.606201171875,9247557,RELIANCE.NS
2024-11-27,1282.4250432843673,1292.6864023015983,1274.9892583407009,1282.1275634765625,9572746,RELIANCE.NS
2024-11-28,1278.905374093644,1285.4984608667178,1258.184417128475,1259.91943359375,15027412,RELIANCE.NS
2024-11-29,1269.0406134614407,1288.3736540571424,1264.3312830599236,1281.1361083984375,13202307,RELIANCE.NS
2024-12-02,1276.9722229086012,1300.1222774340952,1266.1160245478172,1297.941162109375,11024152,RELIANCE.NS
2024-12-03,1305.7237413234882,1315.4398813546288,1295.8093621182986,1311.9698486328125,16869482,RELIANCE.NS
2024-12-04,1314.6467414933138,1317.0262168141671,1292.884726573221,1297.74267578125,19608540,RELIANCE.NS
2024-12-05,1303.0964459866593,1318.5628538088617,1294.966703202915,1310.7305908203125,16858723,RELIANCE.NS
2024-12-06,1312.5646685095264,1312.5646685095264,1298.783657405313,1300.3204345703125,9037514,RELIANCE.NS
2024-12-09,1291.8436769577456,1303.7409326166044,1282.0284168341586,1284.0609130859375,14650002,RELIANCE.NS
2024-12-10,1278.2113501165884,1283.812998621138,1269.238788448007,1273.8489990234375,16043729,RELIANCE.NS
2024-12-11,1273.9978081396894,1278.9549980546296,1265.1244866020038,1267.2559814453125,11724373,RELIANCE.NS
2024-12-12,1259.1262215126183,1267.25596445406,1249.8066803924569,1252.0870361328125,20906813,RELIANCE.NS
2024-12-13,1249.2119494931856,1264.2817595214547,1228.986588963027,1261.951904296875,28630222,RELIANCE.NS
2024-12-16,1264.0835044447913,1270.0321327010022,1255.7059013940218,1257.44091796875,9486781,RELIANCE.NS
2024-12-17,1250.2528426173371,1253.078416496042,1232.1591005022085,1234.6376953125,17462791,RELIANCE.NS
2024-12-18,1230.027558928225,1249.162239402372,1230.027558928225,1242.5196533203125,12670179,RELIANCE.NS
2024-12-19,1228.3916379278016,1234.2411461229626,1218.4772582835096,1219.914794921875,14244653,RELIANCE.NS
2024-12-20,1213.5200660980383,1228.8873545167635,1191.2127119418244,1194.980224609375,20312896,RELIANCE.NS
2024-12-23,1204.5971709809228,1216.6926661807136,1202.8125341694108,1211.834716796875,10052824,RELIANCE.NS
2024-12-24,1211.834663048231,1222.9883400626134,1210.5457452942906,1212.28076171875,6734917,RELIANCE.NS
2024-12-26,1213.767935093776,1217.1883476811242,1203.8535553911518,1206.1339111328125,10016178,RELIANCE.NS
2024-12-27,1207.86900439277,1217.3867853075249,1206.5800865394056,1210.595458984375,7000397,RELIANCE.NS
2024-12-30,1205.9852538075309,1212.7269598518426,1197.756269680847,1200.333984375,8818766,RELIANCE.NS
